ProductKey,RetailerKey,ProductName,Category,SourceUrl,FirstSeen
1,6,Havit H202D Stereo Wired Headphone With Mic,Mobile & Audio,https://www.startech.com.bd/havit-h202d-wired-headphone-with-mic,2026-08-27T15:13:28
2,6,Havit 2218D 3.5mm Single Port Headphone,Mobile & Audio,https://www.startech.com.bd/havit-hv-h2218d-headphone,2026-08-27T15:13:28
3,6,HAVIT HV-H2178D 3.5mm Wired Headphone,Mobile & Audio,https://www.startech.com.bd/havit-hv-h2178d-wired-headphone,2026-08-27T15:13:28
4,6,Meetion MT-HP003 3.5mm Wired Headphone,Mobile & Audio,https://www.startech.com.bd/meetion-mt-hp003-wired-headphone,2026-08-27T15:13:28
5,6,Havit HV-H100d Wired Headphone,Mobile & Audio,https://www.startech.com.bd/havit-hv-h100d-headphone,2026-08-27T15:13:28
6,6,Havit H2263D 3.5mm Metal Decoration Single Port Headphone,Mobile & Audio,https://www.startech.com.bd/havit-h2263d-headphone,2026-08-27T15:14:05
7,6,Microlab K250 Stereo Wired Headphone,Mobile & Audio,https://www.startech.com.bd/microlab-k250-stereo-headphone,2026-08-27T15:14:05
8,6,Fantech MARS II HQ54 Wired Gaming Headset,Computing,https://www.startech.com.bd/fantech-mars-ii-hq54-gaming-headset,2026-08-27T15:14:05
9,6,Logitech H111 Stereo Headphone (One port),Mobile & Audio,https://www.startech.com.bd/Logitech-H111-STEREO-Headset,2026-08-27T15:14:05
10,6,Meetion MT-HP003U Wired Headphone,Mobile & Audio,https://www.startech.com.bd/meetion-mt-hp003-headphone,2026-08-27T15:14:05
11,6,HAVIT HV-H2262D Wired Headphone,Mobile & Audio,https://www.startech.com.bd/havit-hv-h2262d-headphone,2026-08-27T15:14:05
12,6,Logitech H110 STEREO Headset (Two port),Unclassified,https://www.startech.com.bd/Logitech-H110-STEREO-Headset,2026-08-27T15:14:05
13,6,Rapoo H102 Wired Stereo Headphone,Mobile & Audio,https://www.startech.com.bd/rapoo-h102-wired-stereo-headphone,2026-08-27T15:14:05
14,6,Rapoo H101 Wired Stereo Headphone,Mobile & Audio,https://www.startech.com.bd/rapoo-h101-wired-stereo-headphone,2026-08-27T15:14:05
15,6,Microlab K280 Supra-Aural Wired Headphone,Mobile & Audio,https://www.startech.com.bd/microlab-k280-supra-aural-headphone,2026-08-27T15:14:05
16,6,Hoco W106 Tiger Gaming Headphone,Computing,https://www.startech.com.bd/hoco-w106-tiger-gaming-headphone,2026-08-27T15:14:05
17,6,A4TECH HS30 3.5mm Headphone Black,Mobile & Audio,https://www.startech.com.bd/a4-tech-hs-30-headphone,2026-08-27T15:14:05
18,6,Havit H2590BT PRO Multi-Function Wireless Headphone,Mobile & Audio,https://www.startech.com.bd/havit-h2590bt-pro-multi-function-wireless-headphone,2026-08-27T15:14:05
29,2,Recrsi 200h Wireless Neckband - RE-NY060,Unclassified,https://www.daraz.com.bd/products/re-ny060-i1586928037.html,2026-08-27T15:18:01
30,2,Q86 TWS Wireless Earphones Bluetooth 5.3 Stereo Sport Headphones Retro Camera Style Earbuds Compatible iPhone Android,Mobile & Audio,https://www.daraz.com.bd/products/q86-tws-53-i1587207804.html,2026-08-27T15:18:01
31,2,P9 Bluetooth Noise Cancelling Wireless Headphone - High-Quality Sound - Noise Cancelling with Microphone Pods Over Ear Sports - Gaming Headset,Computing,https://www.daraz.com.bd/products/p9-bluetooth-noise-cancelling-wireless-headphone-high-quality-sound-noise-cancelling-with-microphone-pods-over-ear-sports-gaming-headset-i562310509.html,2026-08-27T15:18:01
32,2,Sports Sound Stereo Bluetooth Headphone,Mobile & Audio,https://www.daraz.com.bd/products/-i222741087.html,2026-08-27T15:18:01
33,2,🔥New 🎧 P9 Wireless Bluetooth Headphones 🔇Noise Cancelling with Microphone Pods Over Ear Sports 🎮 Gaming Headset🎵,Computing,https://www.daraz.com.bd/products/p9-i1581285087.html,2026-08-27T15:18:01
34,2,"1fast Earbuds, TWS Bluetooth Headphone, Wireless Gaming Earbuds, Bluetooth 5.3 Earphone, 1fast Wireless Headset, Deep Bass TWS, Fast Charging Earbuds, Budget Gaming Headphone Bangladesh, Airpods Clone 1fast.",Computing,https://www.daraz.com.bd/products/1-i323402282.html,2026-08-27T15:18:01
35,2,"P47 Wireless Bluetooth Headphones – Premium Quality, Easy Use, 4 Colors",Mobile & Audio,https://www.daraz.com.bd/products/p47-wireless-bluetooth-headphones-premium-quality-easy-use-4-colors-i529538967.html,2026-08-27T15:18:01
36,2,STN-28 Over Ear Music Headset Glowing Ear Headphones Foldable Wireless,Mobile & Audio,https://www.daraz.com.bd/products/stn-28-i574674938.html,2026-08-27T15:18:01
37,3,Pureit Classic Blue 23L Water Purifier – 4 Stage Gravity Based Water Purifier,Grocery,https://othoba.com/pureit-classic-blue-23l-water-purifier-4-stage-gravity-based-water-purifier-best-buy-1040779,2026-08-27T15:19:57
38,3,WHIRLPOOL 20 Liter Microwave Oven Magicook Classic Knob Black,Unclassified,https://othoba.com/whirlpool-20-liter-microwave-oven-magicook-classic-knob-black-meem-electronics-699348,2026-08-27T15:19:57
39,3,VISION Rice Cooker 3.0 Liter REL-50-05 SS Blue (Double Pot),Grocery,https://othoba.com/vision-rice-cooker-30-liter-rel-50-05-ss-blue-double-pot-8,2026-08-27T15:19:57
40,3,Whirlpool Microwave Oven MAGICOOK 30L BLACK MIRROR,Unclassified,https://othoba.com/whirlpool-microwave-oven-magicook-30l-black-mirror-marvell-digital-appliance-1012017,2026-08-27T15:19:57
41,3,Surf Excel Liquid Detergent Top Load 1L,Unclassified,https://othoba.com/surf-excel-liquid-detergent-top-load-1l-unilever-flagship-store-701230,2026-08-27T15:19:57
42,3,National 3 Jar electric commercial blender (HSB01),Unclassified,https://othoba.com/national-electric-commercial-blender-3-jar-modelhsb01-garden-crockeries-451362,2026-08-27T15:19:57
43,3,Gazi Smiss Infrared Cooker A35G with Power: 2200W। 220V-240V,Unclassified,https://othoba.com/gazi-smiss-infrared-cooker-a35g-with-power-2200w-220v-240v-gazi-home-appliance-estore-1033514,2026-08-27T15:19:57
44,3,Akij 36 Pc Dinner set,Home & Kitchen,https://othoba.com/akij-36-pc-dinner-set-dhaka-crockeries-point-536161,2026-08-27T15:19:57
45,3,REGAL Multipurpose Shelf -MSC-114 -1-1-20(3 part),Unclassified,https://othoba.com/regal-multipurpose-shelf-msc-114-1-1-203-part-regal-emporium-1009655,2026-08-27T15:19:57
46,3,"GFC DELTA 56 inch Ceiling fan (04 Blades), RPM: 330, Watt: 80, Made in Pakistan (New Model 2024)",Unclassified,https://othoba.com/gfc-delta-56-inch-ceiling-fan-04-blades-rpm-330-watt-80-made-in-pakistan-new-model-2024-the-khan-brothers-electric-845100,2026-08-27T15:19:57
47,5,Egg Loose,Unclassified,https://www.shwapno.com/egg-loose,2026-08-27T15:20:04
48,5,Alu (Potato) Regular Loose Kg,Unclassified,https://www.shwapno.com/new-alu-loose-kg,2026-08-27T15:20:04
49,5,ACI Pure Salt 1kg,Grocery,https://www.shwapno.com/aci-pure-salt-1kg,2026-08-27T15:20:04
50,5,Piyaj (Onion) Local Loose (P) Kg,Unclassified,https://www.shwapno.com/piyaj-local-loose-p-kg,2026-08-27T15:20:04
51,5,Moshur Dal Loose Standard Kg,Grocery,https://www.shwapno.com/moshur-dal-loose-standard-11,2026-08-27T15:20:04
52,5,Fresh Refined Sugar 1kg,Grocery,https://www.shwapno.com/fresh-refined-sugar-1kg,2026-08-27T15:20:04
53,5,Fresh Super Premium Salt 1kg,Grocery,https://www.shwapno.com/fresh-super-premium-salt-1-kg,2026-08-27T15:20:04
54,5,Kacha Morich (Chilli Green),Unclassified,https://www.shwapno.com/chilli-green-6,2026-08-27T15:20:04
55,5,Miniket Rice Loose(P) (Jirashail) Kg,Grocery,https://www.shwapno.com/miniket-rice-loose-p-jirashail,2026-08-27T15:20:04
56,5,Wheel 2in1 Clean & Fresh Detergent 2kg,Unclassified,https://www.shwapno.com/wheel-2in1-cleanandfresh-detergent-2kg,2026-08-27T15:20:04
58,2,P47 Wireless Bluetooth Headphone Stereo Earphone with SD Card Slot,Mobile & Audio,https://www.daraz.com.bd/products/p47-i558227686.html,2026-08-27T15:24:29
59,2,P9 Bluetooth Wireless Headphones With Microphone Noise Cancellation Stereo HIFI Gaming Headset 7.1 Surround Sound,Computing,https://www.daraz.com.bd/products/hifi-71-p9-i1585030474.html,2026-08-27T15:24:29
60,2,Buds Air Pro Wireless _5.1,Unclassified,https://www.daraz.com.bd/products/buds-air-pro-wireless-_51-i1586672681.html,2026-08-27T15:24:29
61,2,P47 Wireless Bluetooth Headphone,Mobile & Audio,https://www.daraz.com.bd/products/p47-i322214761.html,2026-08-27T15:24:29
62,2,Recrsi wireless Neckband Bluetooth Earphone RE-NY060 Charge Backup 200 hours By Aura gadgets,Mobile & Audio,https://www.daraz.com.bd/products/re-ny060-i1587427300.html,2026-08-27T15:24:29
63,2,P9/ P9 Pro Max Wireless Headphones with Microphone Noise Canceling Tws Earbuds Gaming Headset Stereo HiFi Earphones P9 Pro Max Gaming Headphone,Computing,https://www.daraz.com.bd/products/p9-p9-pro-max-wireless-headphones-with-microphone-noise-canceling-tws-earbuds-gaming-headset-stereo-hifi-earphones-p9-pro-max-gaming-headphone-i572074261.html,2026-08-27T15:24:29
64,2,"Ultrapods Pro True Wireless Earbuds - Transparent Design, Bluetooth 5.3, Waterproof with Display by ast",Mobile & Audio,https://www.daraz.com.bd/products/53-ast-i1585835148.html,2026-08-27T15:24:29
65,2,M28 TWS Bluetooth 5.3 Gaming Earbuds – Dual Mode Wireless Sports Headset with LED Display & Smart Touch Controls,Computing,https://www.daraz.com.bd/products/m28-tws-bluetooth-53-gaming-earbuds-dual-mode-wireless-sports-headset-with-led-display-smart-touch-controls-i539151014.html,2026-08-27T15:24:29
66,2,(২০০ ঘন্টা ) 200H Magnetic Neckband Wireless Bluetooth 5.3 Earbuds Long Standby Sports Music Earphones HiFi Sound Headphones Support TF Card Output 200 Hour Playback EVG,Mobile & Audio,https://www.daraz.com.bd/products/200h-magnetic-neckband-wireless-bluetooth-53-earbuds-long-standby-sports-music-earphones-hifi-sound-headphones-support-tf-card-output-200-hour-playback-evg-i1580383928.html,2026-08-27T15:24:29
67,5,Himalaya Nourishing Skin Cream 50ml,Personal Care,https://www.shwapno.com/himalaya-nourishing-skin-cream-50ml,2026-08-27T15:24:46
68,5,MARKS Full Cream Milk Powder 1kg (TIN),Grocery,https://www.shwapno.com/marks-full-cream-milk-powder-1000gm-tin,2026-08-27T15:24:46
69,5,Danish Instant Full Cream Milk Powder 500gm (Poly),Grocery,https://www.shwapno.com/danish-ifc-milk-powder-500gm-poly,2026-08-27T15:24:46
70,5,Danish Instant Full Cream Milk Powder 1kg,Grocery,https://www.shwapno.com/danish-full-cream-milk-powder-1kg,2026-08-27T15:24:46
71,5,Pran Full Cream Milk Powder 500gm,Grocery,https://www.shwapno.com/pran-full-cream-milk-powder-500gm,2026-08-27T15:24:46
87,2,"Hoco | EQ34 Plus Rima | True Wireless Earbuds (TWS) | ANC + ENC | Bluetooth 5.4 | 7h Playback (6h with ANC) | 300mAh Case, 40mAh Buds | App Control & Multi-Device Switching | Lightweight 44.8g.",Mobile & Audio,https://www.daraz.com.bd/products/hoco-eq34-plus-rima-true-wireless-earbuds-tws-anc-enc-bluetooth-54-7h-playback-6h-with-anc-300mah-case-40mah-buds-app-control-multi-device-switching-lightweight-448g-i1587658117.html,2026-08-27T15:31:25
88,2,HE05X bluetooth headphone 5.0 IPX5 Waterproof Neckband,Mobile & Audio,https://www.daraz.com.bd/products/he05x-bluetooth-headphone-50-ipx5-waterproof-neckband-i1586427908.html,2026-08-27T15:31:25
89,2,P9 Bluetooth Noise Cancelling Wireless Headphone - High-Quality Sound,Mobile & Audio,https://www.daraz.com.bd/products/p9-bluetooth-noise-cancelling-wireless-headphone-high-quality-sound-i556717178.html,2026-08-27T15:31:25
90,2,"Ultrapods Pro True Wireless Earbuds with Display Transparent Design, Bluetooth 5.3 Water Proof",Mobile & Audio,https://www.daraz.com.bd/products/ultrapods-pro-true-wireless-earbuds-with-display-transparent-design-bluetooth-53-water-proof-i561752235.html,2026-08-27T15:31:25
91,2,Premium Quality - P47 Wireless Bluetooth Headphone - 4 colour - Headphone - Signifying Quality - Simple to Use,Mobile & Audio,https://www.daraz.com.bd/products/p47-4-i517783375.html,2026-08-27T15:31:25
92,2,A9 AirPod Pro 2 With Display | Best Quality A9 AirPod Pro 2,Mobile & Audio,https://www.daraz.com.bd/products/a9-airpod-pro-2-a9-airpod-pro-2-i1587452245.html,2026-08-27T15:31:25
93,5,Red Cow Instant Full Cream Milk Powder 400(±)50gm (BIB),Grocery,https://www.shwapno.com/red-cow-instant-full-cream-milk-powder-400-50gm-bib,2026-08-27T15:31:42
94,5,Happy Cow Instant Milk Powder 1kg,Grocery,https://www.shwapno.com/happy-cow-instant-milk-powder-1kg,2026-08-27T15:31:42
95,5,Fresh Instant Full Cream Milk Powder 500gm,Grocery,https://www.shwapno.com/fresh-ifcmp-milk-powder-500gm,2026-08-27T15:31:42
96,5,Fresh Instant Full Cream Milk Powder 1000gm,Grocery,https://www.shwapno.com/fresh-ifcmp-milk-powder-1000gm,2026-08-27T15:31:42
97,5,Pusti Plus Instant Full Cream Milk Powder 200gm,Grocery,https://www.shwapno.com/pusti-plus-instant-fcm-powder-200gm,2026-08-27T15:31:42
118,2,AirPods Pro 2nd Gen White (Dubai Edition),Mobile & Audio,https://www.daraz.com.bd/products/2nd-i1587243073.html,2026-08-27T15:45:22
119,5,Dan Cake Marble Dry Cake 280gm,Unclassified,https://www.shwapno.com/dan-cake-marble-dry-cake-280g,2026-08-27T16:05:21
120,5,Pusti Plus Instant Full Cream Milk Powder 1kg,Grocery,https://www.shwapno.com/pusti-plus-instant-full-cream-milk-powder-1kg,2026-08-27T16:05:21
121,5,Paragon Pasteurized Full Cream Milk 1Ltr.,Grocery,https://www.shwapno.com/paragon-pasteurized-full-cream-milk-1-ltr,2026-08-27T16:05:21
122,5,AMA Full Cream Milk Powder 1kg,Grocery,https://www.shwapno.com/ama-full-cream-milk-powder-1kg,2026-08-27T16:05:21
123,5,AMA Full Cream Milk Powder 500gm,Grocery,https://www.shwapno.com/ama-full-cream-milk-powder-500g,2026-08-27T16:05:21
124,5,Himalaya Baby Cream 100gm,Personal Care,https://www.shwapno.com/himalaya-baby-cream-100g,2026-08-27T16:05:21
125,3,Fresh Fortified Soyebean Oil  - 5ltr,Grocery,https://othoba.com/fresh-fortified-soyebean-oil-5ltr-2,2026-08-27T16:08:03
126,3,Fresh Fortified Soyebean Oil  - 5ltr,Grocery,https://othoba.com/fresh-fortified-soyebean-oil-5ltr-meghna-group-of-industries-709817,2026-08-27T16:08:03
127,3,Mr. Noodles Magic Masala Flavor 12 pcs Family Pack (62gm x 12pcs),Unclassified,https://othoba.com/mr-noodles-12-pcs-family-pack-masala-62gm-x-12pcs-33408,2026-08-27T16:08:03
128,3,Fresh Fortified Soyebean Oil  - 2 Ltr,Grocery,https://othoba.com/fresh-fortified-soyebean-oil-2-ltr-meghna-group-of-industries-709818,2026-08-27T16:08:03
129,3,Drinko Float 250 ml (Litchi),Unclassified,https://othoba.com/drinko-float-250-ml-3000000029,2026-08-27T16:08:03
130,3,PRAN Aromatic Chinigura Premium Rice 1Kg,Grocery,https://othoba.com/pran-aromatic-chinigura-premium-rice-1kg-bmr00006,2026-08-27T16:08:03
131,3,LAVILA Mixed Fruit Drinks 1000ml (Export Quality),Unclassified,https://othoba.com/lavila-mixed-fruit-drinks-1000ml-3,2026-08-27T16:08:03
132,3,Jhatpot Plain Paratha 1600gm,Unclassified,https://othoba.com/jhatpot-plain-paratha-1600gm-5500001584,2026-08-27T16:08:03
133,3,Daily Shopping Miniket Standard 1kg,Unclassified,https://othoba.com/miniket-standard-1kg-35162,2026-08-27T16:08:03
134,3,Mr. Noodles Ramen Carbonara Flavor 85gm,Computing,https://othoba.com/mr-noodles-ramen-carbonara-flavor-85gm-3,2026-08-27T16:08:03
135,3,Mr. Noodles Ramen Cheese Flavor 85gm,Computing,https://othoba.com/mr-noodles-ramen-cheese-flavor-85gm-3,2026-08-27T16:08:03
136,3,Mr. Noodles Ramen Hot Chicken Flavor 85gm,Computing,https://othoba.com/mr-noodles-ramen-hot-chicken-flavor-85gm-3,2026-08-27T16:08:03
137,3,PRAN Full Cream Milk Powder 500 gm,Grocery,https://othoba.com/pran-full-cream-milk-powder-500gm-oex00159,2026-08-27T16:08:03
138,3,PRAN Full Cream Milk Powder 1kg,Grocery,https://othoba.com/pran-full-cream-milk-powder-1kg,2026-08-27T16:08:03
139,3,LAVILA Apple Fruit Drinks 1000ml (Export Quality),Unclassified,https://othoba.com/lavila-apple-fruit-drinks-1000ml-export-quality,2026-08-27T16:08:03
140,3,Kofi Time Black Roast 15gm(3 in 1),Unclassified,https://othoba.com/kofi-time-black-roast-15gm3-in-1,2026-08-27T16:08:03
141,3,PRAN Banglamati 5 kg,Unclassified,https://othoba.com/pran-banglamati-5-kg-bmr00005,2026-08-27T16:08:03
142,3,Goodlife Mozzarella Cheese 200gm,Unclassified,https://othoba.com/goodlife-mozzarella-cheese-200gm-4000000220,2026-08-27T16:08:03
143,3,Ray Washing Powder 500gm,Grocery,https://othoba.com/ray-washing-powder-500gm-3,2026-08-27T16:08:03
144,3,Ray Washing Powder 500gm,Grocery,https://othoba.com/ray-washing-powder-500gm-4500000920,2026-08-27T16:08:03
145,3,PRAN Ghee Premium 200gm,Grocery,https://othoba.com/pran-premium-ghee-200g-4000000009,2026-08-27T16:08:03
146,3,Live shonalica Chicken,Unclassified,https://othoba.com/live-shonalica-chicken,2026-08-27T16:08:03
147,3,Jhatpot Deshi Paratha Family Pack  (Premium) 20pc 1300gm,Unclassified,https://othoba.com/jhatpot-paratha-premium-20pc-1300g-5500001099,2026-08-27T16:08:03
148,3,Ray Washing Powder 1000gm,Grocery,https://othoba.com/ray-washing-powder-1000gm-4500000921,2026-08-27T16:08:03
173,2,Fresh Chinigura Rice - 1kg,Grocery,https://www.daraz.com.bd/products/fresh-chinigura-rice-1kg-i26648.html,2026-08-27T16:25:04
174,2,Khan Rice Miniket premium 2 KG Packet,Grocery,https://www.daraz.com.bd/products/khan-rice-miniket-premium-2-kg-packet-i1585969466.html,2026-08-27T16:25:04
175,2,Premium Quality Black Rice 3kg,Grocery,https://www.daraz.com.bd/products/-i570785300.html,2026-08-27T16:25:04
176,2,Khan Rice Katari Nazir Premium 4 KG Packet,Grocery,https://www.daraz.com.bd/products/khan-rice-katari-nazir-premium-4-kg-packet-i1585969465.html,2026-08-27T16:25:04
177,2,Premium Quality Black Rice 2kg,Grocery,https://www.daraz.com.bd/products/-i570788209.html,2026-08-27T16:25:04
178,2,Khan Rice Katari Nazir Premium 2 KG Packet,Grocery,https://www.daraz.com.bd/products/khan-rice-katari-nazir-premium-2-kg-packet-i1585963507.html,2026-08-27T16:25:04
179,2,New Kohinoor Gold Extra Long Basmati Rice – Premium Aroma & Fluffy Grains (1 Kg),Grocery,https://www.daraz.com.bd/products/new-kohinoor-gold-extra-long-basmati-rice-premium-aroma-fluffy-grains-1-kg-i525334361.html,2026-08-27T16:25:04
180,2,Sushi Rice 1 kg,Grocery,https://www.daraz.com.bd/products/sushi-rice-1-kg-i215051927.html,2026-08-27T16:25:04
181,2,Chinigura Rice -  1 Kg,Grocery,https://www.daraz.com.bd/products/chinigura-rice-1-kg-i311867257.html,2026-08-27T16:25:04
182,2,Khan Rice Paijam special 2 KG Packet,Grocery,https://www.daraz.com.bd/products/khan-rice-paijam-special-2-kg-packet-i1585965522.html,2026-08-27T16:25:04
183,2,Black binni rice 500 gm,Grocery,https://www.daraz.com.bd/products/-i563706447.html,2026-08-27T16:25:04
184,2,Sushi Rice - 2Kg,Grocery,https://www.daraz.com.bd/products/2kg-i211077999.html,2026-08-27T16:25:04
185,2,Red Aus Rice- লাল আউশ চাল 4KG,Grocery,https://www.daraz.com.bd/products/-i1576021450.html,2026-08-27T16:25:04
186,2,Superfood Black Rice 2kg,Grocery,https://www.daraz.com.bd/products/-i1574998827.html,2026-08-27T16:25:04
187,2,Fortune Special Biriyani Basmati Rice _ 1kg,Grocery,https://www.daraz.com.bd/products/_-i453125638.html,2026-08-27T16:25:04
188,2,White Binni Chal / Binny Rice   - 1 Kg,Grocery,https://www.daraz.com.bd/products/1-kg-i287856630.html,2026-08-27T16:25:04
189,2,Unsalted Roasted peanuts -1 kg Rice,Grocery,https://www.daraz.com.bd/products/-i369819594.html,2026-08-27T16:25:04
190,2,Fortune Biryani Special Basmati Rice - 1Kg,Grocery,https://www.daraz.com.bd/products/fortune-biryani-special-basmati-rice-1kg-i225574741.html,2026-08-27T16:25:04
191,2,Pahari Kalo Binni Chal - Black Binni Rice  - 500gm,Grocery,https://www.daraz.com.bd/products/500-i325472811.html,2026-08-27T16:25:04
192,2,Fortune Biryani Special Basmati Rice -1kg,Grocery,https://www.daraz.com.bd/products/1kg-i522171210.html,2026-08-27T16:25:04
193,2,White Glutinus Rice Sticky (Bin) Rice White Binny Rice 1 Kg,Grocery,https://www.daraz.com.bd/products/white-glutinus-rice-sticky-bin-rice-white-binny-rice-1-kg-i152290983.html,2026-08-27T16:25:04
194,2,Premium Black rice 3 kg,Grocery,https://www.daraz.com.bd/products/-i1576282081.html,2026-08-27T16:25:04
195,2,Red binni Rice-লাল বিন্নি চাল 500gm,Grocery,https://www.daraz.com.bd/products/-i523592495.html,2026-08-27T16:25:04
196,2,Red rice 5 kg Lal cal dheki chata cal,Grocery,https://www.daraz.com.bd/products/red-rice-5-kg-lal-cal-dheki-chata-cal-i484621668.html,2026-08-27T16:25:04
197,5,Pusti Atta 2kg,Grocery,https://www.shwapno.com/pusti-atta-2kg,2026-08-27T16:25:33
198,5,Happy Cow Instant Milk Powder 500gm,Grocery,https://www.shwapno.com/happy-cow-instant-milk-powder-500gm,2026-08-27T16:25:33
199,5,Himalaya Men Power Bright Face Wash 100ml,Unclassified,https://www.shwapno.com/himalaya-men-power-glow-face-wash-100ml-2,2026-08-27T16:25:33
200,5,Himalaya Purifying Neem Face Wash 150ml,Unclassified,https://www.shwapno.com/himalaya-purifying-neem-face-wash-150ml,2026-08-27T16:25:33
201,5,Himalaya Purifying Neem Face Wash 50ml,Unclassified,https://www.shwapno.com/himalaya-purifying-neem-face-wash-50ml-2,2026-08-27T16:25:33
202,5,ACI Pure Fortified Jeerashail Rice 5kg,Grocery,https://www.shwapno.com/aci-pure-fortified-jeerashail-rice-5kg-6,2026-08-27T16:25:45
203,5,ACI Pure Fortified Katari Rice 5kg,Grocery,https://www.shwapno.com/aci-pure-fortified-katari-rice-5kg-6,2026-08-27T16:25:45
204,5,Mehran Kernel Basmati Rice 2kg,Grocery,https://www.shwapno.com/mehran-kernal-gold-basmoti-rice-2kg,2026-08-27T16:25:45
205,5,Mehran Kernel Basmati Rice 1kg,Grocery,https://www.shwapno.com/mehran-bashmati-rice-1kg,2026-08-27T16:25:45
206,5,ACI Pure Najirshail Rice 10kg,Grocery,https://www.shwapno.com/aci-pure-najirshile-rice-10kg,2026-08-27T16:25:45
207,5,ACI Pure Miniket (Jirashail) Rice 10kg,Grocery,https://www.shwapno.com/aci-pure-miniket-rice-10kg-poly,2026-08-27T16:25:45
208,5,ACI Pure Kataribhog Rice 5kg,Grocery,https://www.shwapno.com/aci-pure-sugondhi-kataribhog-rice-5kg,2026-08-27T16:25:45
209,5,ACI Aroma Basmati Rice 1kg,Grocery,https://www.shwapno.com/aci-aroma-pure-basmati-rice-1kg,2026-08-27T16:25:45
210,5,ACI Pure Najirshail Rice 5kg,Grocery,https://www.shwapno.com/aci-pure-premium-najirshail-rice-5kg,2026-08-27T16:25:45
211,5,ACI Pure Miniket (Jirashail) Rice 5kg,Grocery,https://www.shwapno.com/aci-pure-premium-miniket-rice-5kg,2026-08-27T16:25:45
212,5,ACI Nutrilife Black Rice 1kg,Grocery,https://www.shwapno.com/aci-nutrilife-black-rice-1kg,2026-08-27T16:25:45
213,5,ACI Pure Chinigura Rice 1kg,Grocery,https://www.shwapno.com/aci-pure-chinigura-rice-1kg,2026-08-27T16:25:45
214,5,ACI Aroma Chinigura Rice 1kg,Grocery,https://www.shwapno.com/aci-aroma-chinigura-rice-1kg,2026-08-27T16:25:45
215,5,Chashi Chinigura Rice 5kg,Grocery,https://www.shwapno.com/chashi-chinigura-rice-5kg,2026-08-27T16:25:45
216,5,Chashi Chinigura Rice 2kg,Grocery,https://www.shwapno.com/chashi-chinigura-rice-2kg,2026-08-27T16:25:45
217,5,Chashi Chinigura Rice 1kg,Grocery,https://www.shwapno.com/chashi-chinigura-rice-1kg,2026-08-27T16:25:45
218,5,Rupchanda Nazirshail Rice 5kg,Grocery,https://www.shwapno.com/rupchanda-najirshail-rice-5kg,2026-08-27T16:25:45
219,5,Rupchanda Miniket (Jirashail) Rice 5Kg,Grocery,https://www.shwapno.com/rupchanda-miniket-rice-5kg,2026-08-27T16:25:45
220,5,Shwapno Atop Rice 1kg,Grocery,https://www.shwapno.com/shwapno-premium-atop-rice-1kg,2026-08-27T16:25:45
221,5,ACI Pure Chinigura Rice 5kg,Grocery,https://www.shwapno.com/ACI-Pure-Chinigura-Rice-5Kg,2026-08-27T16:25:45
222,5,BPM Black Rice 1kg,Grocery,https://www.shwapno.com/BPM-Black-Rice-1kg,2026-08-27T16:25:45
223,5,BPM Awus Rice (Dheki Chata) 1kg,Grocery,https://www.shwapno.com/BPM-Awus-Rice-Dhekichata-1-Kg,2026-08-27T16:25:45
224,5,ACI Aroma Chinigura Rice 2kg,Grocery,https://www.shwapno.com/ACI-Aroma-Chinigura-Rice-2kg,2026-08-27T16:25:45
225,5,BPM Kaun Rice 500gm,Grocery,https://www.shwapno.com/BPM-Kaun-Rice-500g,2026-08-27T16:25:45
226,6,"Walton Prelude N50 Pro Pentium Silver N5030 14"" FHD Laptop",Computing,https://www.startech.com.bd/walton-prelude-n50-pro-pentium-silver-n5030-laptop,2026-08-27T16:26:01
227,6,"Walton Prelude N41 Pro Celeron N4120 14"" FHD Laptop",Computing,https://www.startech.com.bd/walton-prelude-n41-pro-celeron-n4120-laptop,2026-08-27T16:26:01
228,6,"Chuwi CoreBook Core i3 10th Gen 14"" FHD Laptop",Computing,https://www.startech.com.bd/chuwi-corebook-core-i3-fhd-laptop,2026-08-27T16:26:01
229,6,"Walton Passion BX510U Core i5 10th Gen 15.6"" FHD Laptop",Computing,https://www.startech.com.bd/walton-passion-bx510u-core-i5-10th-gen-laptop,2026-08-27T16:26:01
230,6,"Smart Flairedge Core i5 13th Gen 15.6"" FHD Laptop",Computing,https://www.startech.com.bd/smart-flairedge-core-i5-13th-gen-laptop,2026-08-27T16:26:01
231,6,"Acer Aspire 15 AS15-42 Ryzen 3 7330U 8GB 15.6"" FHD Laptop",Computing,https://www.startech.com.bd/acer-aspire-15-as15-42-ryzen-3-7330u-8gb-laptop,2026-08-27T16:26:01
232,6,"Walton TAMARIND EX3US1 Core 3 100U 14"" FHD Laptop",Computing,https://www.startech.com.bd/walton-tamarind-ex3us1-core-3-100u-laptop,2026-08-27T16:26:01
233,6,"Acer Aspire Lite AL15-41 AMD Ryzen 3 7330U 15.6"" FHD Laptop",Computing,https://www.startech.com.bd/acer-aspire-lite-al15-41-ryzen-3-7330u-laptop,2026-08-27T16:26:01
234,6,"Asus Vivobook Go 15 E1504TA Intel N150 15.6"" FHD Laptop Cool Silver",Computing,https://www.startech.com.bd/asus-vivobook-go-15-e1504ta-laptop-cool-silver,2026-08-27T16:26:01
235,6,"Asus Vivobook Go 15 E1504TA Intel N150 15.6"" FHD Laptop",Computing,https://www.startech.com.bd/asus-vivobook-go-15-e1504ta-laptop,2026-08-27T16:26:01
236,6,"Acer Aspire 15 AS15-42 Ryzen 3 7330U 15.6"" FHD Laptop",Computing,https://www.startech.com.bd/acer-aspire-15-as15-42-ryzen-3-7330u-laptop,2026-08-27T16:26:01
237,6,"Tecno MEGABOOK K15S Ryzen 5 7430U 16GB RAM 15.6"" FHD Laptop",Computing,https://www.startech.com.bd/tecno-megabook-k15s-ryzen-5-16gb-ram-laptop,2026-08-27T16:26:01
238,6,"Dell Pro 15 Essential PV15250 Core 3 100U 15.6"" FHD Laptop",Computing,https://www.startech.com.bd/dell-pro-15-essential-pv15250-laptop,2026-08-27T16:26:01
239,6,"Lenovo IdeaPad 1 15AMN7 Ryzen 3 7320U 15.6"" FHD IPS Laptop",Computing,https://www.startech.com.bd/lenovo-ideapad-1-15amn7-ryzen-3-7320u-laptop,2026-08-27T16:26:01
240,6,"HP 15-fd0807TU Intel Core i3 13th Gen 15.6"" FHD Laptop",Computing,https://www.startech.com.bd/hp-15-fd0807TU-core-i3-13th-gen-laptop,2026-08-27T16:26:01
241,6,"HP 15-fd0808TU Intel Core i3 13th Gen 15.6"" FHD Laptop Copilot+PC",Computing,https://www.startech.com.bd/hp-15-fd0808tu-intel-core-i3-laptop,2026-08-27T16:26:01
242,6,"ASUS Vivobook Go 14 E1404FA Ryzen 3 30 14"" FHD Laptop",Computing,https://www.startech.com.bd/asus-vivobook-go-14-e1404fa-ryzen-3-30-laptop,2026-08-27T16:26:01
243,6,"HP 15-fc0623AU Ryzen 3 7320U 15.6"" FHD Laptop",Computing,https://www.startech.com.bd/hp-15-fc0623au-ryzen-3-7320u-laptop,2026-08-27T16:26:01
244,6,"HP 15-fc0625AU Ryzen 3 7320U 15.6"" FHD Laptop",Computing,https://www.startech.com.bd/hp-15-fc0625au-ryzen-3-7320u-laptop,2026-08-27T16:26:01
293,4,Apple MacBook Neo A18 Pro 13 Inch 8GB/256GB (Singapore Variant),Computing,https://www.pickaboo.com/product-detail/apple-macbook-neo-a18-pro-13-inch-8gb-256gb-singapore-variant,2026-08-27T17:20:23
294,4,Apple MacBook Neo A18 Pro 13 Inch 8GB/512GB (Singapore Variant),Computing,https://www.pickaboo.com/product-detail/apple-macbook-neo-a18-pro-13-inch-8gb-512gb-singapore-variant,2026-08-27T17:20:23
295,4,ASUS Zenbook 14 14 Inch Touch Display Intel Core Ultra 7 255H 16GB RAM 512GB SSD Laptop (UX3405CA-QL639W),Computing,https://www.pickaboo.com/product-detail/asus-zenbook-14-14-inch-touch-display-intel-core-ultra-7-255h-16gb-ram-512gb-ssd-laptop-ux3405ca-ql639w,2026-08-27T17:20:23
296,4,ASUS Zenbook 14 14 Inch OLED Ryzen AI 5-430 16GB RAM 512GB SSD Laptop (UM3406GA-QD047W),Computing,https://www.pickaboo.com/product-detail/asus-zenbook-14-14-inch-oled-ryzen-ai-5-430-16gb-ram-512gb-ssd-laptop-um3406ga-qd047w,2026-08-27T17:20:23
297,4,ASUS Vivobook S16 16 Inch OLED Intel Core Ultra 7 255H 16GB RAM 512GB SSD Laptop (S3607CA-SH165W),Computing,https://www.pickaboo.com/product-detail/asus-vivobook-s16-16-inch-oled-intel-core-ultra-7-255h-16gb-ram-512gb-ssd-laptop-s3607ca-sh165w,2026-08-27T17:20:23
298,4,ASUS Vivobook S14 14 Inch Intel Core 5 210H 16GB RAM 1TB SSD Laptop (S3407VA-LY070W),Computing,https://www.pickaboo.com/product-detail/asus-vivobook-s14-14-inch-intel-core-5-210h-16gb-ram-1tb-ssd-laptop-s3407va-ly070w,2026-08-27T17:20:23
299,4,ASUS Vivobook S14 14 Inch Intel Core 5 210H 16GB RAM 512GB SSD Laptop (S3407VA-LY067W),Computing,https://www.pickaboo.com/product-detail/asus-vivobook-s14-14-inch-intel-core-5-210h-16gb-ram-512gb-ssd-laptop-s3407va-ly067w,2026-08-27T17:20:23
300,4,ASUS Vivobook S14 14 Inch OLED Intel Core Ultra 5 325 16GB RAM 512GB SSD Laptop (S3407AA-SF055W),Computing,https://www.pickaboo.com/product-detail/asus-vivobook-s14-14-inch-oled-intel-core-ultra-5-325-16gb-ram-512gb-ssd-laptop-s3407aa-sf055w,2026-08-27T17:20:23
301,4,ASUS Vivobook S14 14 Inch OLED Intel Core Ultra 5 325 16GB RAM 512GB SSD Laptop (S3407AA-SF048W),Computing,https://www.pickaboo.com/product-detail/asus-vivobook-s14-14-inch-oled-intel-core-ultra-5-325-16gb-ram-512gb-ssd-laptop-s3407aa-sf048w,2026-08-27T17:20:23
302,4,ASUS Vivobook Go 14 14 Inch IPS Ryzen 5 40 16GB RAM 512GB SSD Laptop (E1404FA-EB1603W),Computing,https://www.pickaboo.com/product-detail/asus-vivobook-go-14-ryzen-5-40-16gb-ram-512gb-ssd-14-inch-ips-laptop-e1404fa-eb1603w,2026-08-27T17:20:23
303,4,ASUS Vivobook Go 14 14 Inch IPS Ryzen 5 40 16GB RAM 512GB SSD Laptop (E1404FA-EB1602W),Computing,https://www.pickaboo.com/product-detail/asus-vivobook-go-14-ryzen-5-40-16gb-ram-512gb-ssd-14-inch-ips-laptop-e1404fa-eb1602w,2026-08-27T17:20:23
304,4,ASUS Vivobook Go 14 14 Inch IPS Ryzen 5 40 16GB RAM 512GB SSD Laptop (E1404FA-EB1601W),Computing,https://www.pickaboo.com/product-detail/asus-vivobook-go-14-inch-ips-ryzen-5-40-16gb-ram-512gb-ssd-laptop-e1404fa-eb1601w,2026-08-27T17:20:23
305,4,ASUS V16 Intel Core 7 240H 16 Inch WUXGA 16GB RAM 512GB SSD RTX 5050 Graphics Gaming Laptop (V3607VH-TK132W),Computing,https://www.pickaboo.com/product-detail/asus-v16-intel-core-7-240h-16gb-ram-512gb-ssd-rtx-5050-graphics-16-0-inch-wuxga-gaming-laptop-v3607vh-tk132w,2026-08-27T17:20:23
306,4,ASUS Vivobook 16 16 Inch Ryzen AI 7-445 16GB RAM 512GB SSD Laptop (M1607GA-MB004W),Computing,https://www.pickaboo.com/product-detail/asus-vivobook-16-16-inch-ryzen-ai-7-445-16gb-ram-512gb-ssd-laptop-m1607ga-mb004w,2026-08-27T17:20:23
307,4,ASUS Vivobook 16 16 Inch Ryzen AI 7-445 16GB RAM 512GB SSD Laptop (M1607GA-MB003W),Computing,https://www.pickaboo.com/product-detail/asus-vivobook-16-16-inch-ryzen-ai-7-445-16gb-ram-512gb-ssd-laptop-m1607ga-mb003w,2026-08-27T17:20:23
308,4,ASUS Vivobook 16 16 Inch WUXGA Intel Core Ultra 5 225H 16GB RAM 512GB SSD Laptop (F1607CA-MB282W),Computing,https://www.pickaboo.com/product-detail/asus-vivobook-16-intel-core-ultra-5-225h-16gb-ram-512gb-ssd-16-0-inch-wuxga-laptop-f1607ca-mb282w,2026-08-27T17:20:23
309,4,"ASUS Vivobook 15 Intel Core 7 150U 15.6"" FHD 16GB RAM 512GB SSD Laptop (A1504VA-BQ397W)",Computing,https://www.pickaboo.com/product-detail/asus-vivobook-15-intel-core-7-150u-15-6-fhd-16gb-ram-512gb-ssd-laptop-a1504va-bq397w,2026-08-27T17:20:23
310,4,ASUS Vivobook 14 Ryzen AI 5-330 14 Inch WUXGA 16GB RAM 512GB SSD Laptop (M1407KA-LY124W),Computing,https://www.pickaboo.com/product-detail/asus-vivobook-14-ryzen-ai-5-330-14-inch-wuxga-16gb-ram-512gb-ssd-laptop-m1407ka-ly124w,2026-08-27T17:20:23
311,4,ASUS Vivobook 14 Ryzen 14 Inch AI 5-330 16GB RAM 512GB SSD Laptop (M1407KA-LY120W),Computing,https://www.pickaboo.com/product-detail/asus-vivobook-14-ryzen-14-inch-ai-5-330-16gb-ram-512gb-ssd-laptop-m1407ka-ly120w,2026-08-27T17:20:23
312,2,Mi Xiaomi Airpods Pro Wireless Bluetooth TWS Earbuds,Mobile & Audio,https://www.daraz.com.bd/products/mi-xiaomi-tws-i1585793908.html,2026-08-27T17:41:58
313,2,Airpods Pro / tws wireless earbuds Bluetooth bluetooth replica headphone With  High Base and long Battery,Mobile & Audio,https://www.daraz.com.bd/products/tws-i386482318.html,2026-08-27T17:41:58
314,2,AirPods Pro 2nd Gen White (Dubai Edition) black,Mobile & Audio,https://www.daraz.com.bd/products/2nd-i1587243067.html,2026-08-27T17:41:58
315,2,Lenovo HE05X Bluetooth 5.0 Earphones Waterproof Wireless HIFI Sound Magnetic Neckband Headset Sports Headphones,Mobile & Audio,https://www.daraz.com.bd/products/lenovo-he05x-50-hifi-i1573497839.html,2026-08-27T17:41:58
316,2,Wireless P47 Bluetooth Headphone With Microphone Foldable Headsets Bass HiFi Sound,Mobile & Audio,https://www.daraz.com.bd/products/hifi-p47-i529970128.html,2026-08-27T17:41:58
317,2,P47 / P9 Wireless Bluetooth Over-Ear Headphones Foldable Bluetooth Stereo Headset Multi-Functional Wireless Headphones,Mobile & Audio,https://www.daraz.com.bd/products/p47-p9-i530690402.html,2026-08-27T17:41:58
318,2,Recrsi wireless Neckband Bluetooth Earphone RE-NY060 Charging becup 200 Hours (Best price),Mobile & Audio,https://www.daraz.com.bd/products/recrsi-wireless-neckband-bluetooth-earphone-re-ny060-charging-becup-200-hours-best-price-i564721788.html,2026-08-27T17:41:58
319,2,Lenovo HE05X Bluetooth 5.0 Earphones Waterproof Wireless HIFI Sound Magnetic Neckband Headset Sports Headphones,Mobile & Audio,https://www.daraz.com.bd/products/lenovo-he05x-bluetooth-50-earphones-waterproof-wireless-hifi-sound-magnetic-neckband-headset-sports-headphones-i368386849.html,2026-08-27T17:41:58
320,2,Wireless Headphones RGB Cute Cat Girls Kids Gift Headset with Microphone Stereo Music Gaming Headsets Control Lights Earphone,Computing,https://www.daraz.com.bd/products/wireless-headphones-rgb-cute-cat-girls-kids-gift-headset-with-microphone-stereo-music-gaming-headsets-control-lights-earphone-i1572363228.html,2026-08-27T17:41:58
321,2,Airpods Pro / tws wireless earbuds Bluetooth  replica headphone With High Base and long Battery,Mobile & Audio,https://www.daraz.com.bd/products/tws-i562541840.html,2026-08-27T17:41:58
322,2,M19 Earbuds TWS Earphone Intelligente Touch Control Wireless Bluetooth 5.3 Headphones Waterproof LED Display With Microphone.,Computing,https://www.daraz.com.bd/products/m19-earbuds-tws-earphone-intelligente-touch-control-wireless-bluetooth-53-headphones-waterproof-led-display-with-microphone-i556700253.html,2026-08-27T17:41:58
323,2,Airpods Pro 2nd Gen Wireless Charging Bluetooth Headphone,Mobile & Audio,https://www.daraz.com.bd/products/airpods-pro-2nd-gen-wireless-charging-bluetooth-headphone-i432802883.html,2026-08-27T17:41:58
324,2,"""M19 TWS Bluetooth Earbuds M19 TWS Bluetooth Earbuds Touch Control Wireless Bluetooth 5.1 Headphones With Microphone Waterproof Earbuds Headsets""",Mobile & Audio,https://www.daraz.com.bd/products/m19-tws-m19-tws-51-i1574619089.html,2026-08-27T17:41:58
325,2,Lenovo HE05X Bluetooth 5.0 Earphones Waterproof Wireless HIFI Sound Magnetic Neckband Headset Sports Headphones,Mobile & Audio,https://www.daraz.com.bd/products/lenovo-he05x-50-hifi-i336998028.html,2026-08-27T17:41:58
326,2,P47 Wireless Bluetooth Headphone Earphone with SD Card Slot,Mobile & Audio,https://www.daraz.com.bd/products/sd-p47-i325120814.html,2026-08-27T17:41:58
327,2,"Ultrapods Pro True Wireless Earbuds with Display, Bluetooth 5.3",Mobile & Audio,https://www.daraz.com.bd/products/ultrapods-pro-true-wireless-earbuds-with-display-bluetooth-53-i1580241303.html,2026-08-27T17:41:58
328,2,Superfood Black Rice 1kg,Grocery,https://www.daraz.com.bd/products/-i1575012487.html,2026-08-27T17:42:15
329,2,"New Mehrun Premium Basmati Kernel Rice – Extra Long, Aromatic & Fluffy (1 Kg)",Grocery,https://www.daraz.com.bd/products/new-mehrun-premium-basmati-kernel-rice-extra-long-aromatic-fluffy-1-kg-i525335300.html,2026-08-27T17:42:15
330,2,Maxfit Food Premium Quality Quinoa 1KG,Grocery,https://www.daraz.com.bd/products/maxfit-food-1kg-i404907849.html,2026-08-27T17:42:15
331,2,White Glutinous Rice Sticky (Binni) Rice -1 Kg,Grocery,https://www.daraz.com.bd/products/white-glutinous-rice-sticky-binni-rice-1-kg-i189955184.html,2026-08-27T17:42:15
332,2,White Binni Rice সাদা বিন্নি চাল 1kg,Grocery,https://www.daraz.com.bd/products/white-binni-rice-1kg-i340329822.html,2026-08-27T17:42:15
333,2,Amon Brown Rice/আমন চাল-1Kg (Organic),Grocery,https://www.daraz.com.bd/products/amon-1kg-i168730177.html,2026-08-27T17:42:15
334,2,black rice 1kg,Grocery,https://www.daraz.com.bd/products/1kg-i551010211.html,2026-08-27T17:42:15
335,2,Fortune Bashmoti Rice 1kg+1kg Combo,Grocery,https://www.daraz.com.bd/products/fortune-bashmoti-rice-1kg1kg-combo-i540803844.html,2026-08-27T17:42:15
336,2,Premium Chinigura Rice 1kg,Grocery,https://www.daraz.com.bd/products/premium-chinigura-rice-1kg-i297336989.html,2026-08-27T17:42:15
337,2,Brown Rice 1Kg,Grocery,https://www.daraz.com.bd/products/-i567539368.html,2026-08-27T17:42:15
338,2,Modhu Vater Chal-  Madhu Vater Jala Chaul- Jala Rice - Half Kg,Grocery,https://www.daraz.com.bd/products/modhu-kg-i324800734.html,2026-08-27T17:42:15
339,2,Millet Rice(Crown Cal)- 1 kg,Grocery,https://www.daraz.com.bd/products/millet-ricecrown-cal-1-kg-i264760301.html,2026-08-27T17:42:15
340,2,Lal Biroi Chaul- Red Biroi Rice - Full Fiber Red Rice-1 kg,Grocery,https://www.daraz.com.bd/products/1-kg-i498307825.html,2026-08-27T17:42:15
341,2,Organic Lal Birui Chal 2kg ( Red Rice),Grocery,https://www.daraz.com.bd/products/2kg-i252360730.html,2026-08-27T17:42:15
342,2,Millet Rice (Kakan Rice) -1 Kg,Grocery,https://www.daraz.com.bd/products/millet-rice-kakan-rice-1-kg-i250144731.html,2026-08-27T17:42:15
343,2,Millet Rice / Kaun Chal -1Kg,Grocery,https://www.daraz.com.bd/products/1kg-i140216299.html,2026-08-27T17:42:15
344,3,PRAN Drinking Water 2Ltr 6 Pcs,Grocery,https://othoba.com/pran-drinking-water-2ltr-6-pcs-4,2026-08-27T17:42:34
345,3,PRAN Nazirsail Rice 5kg,Grocery,https://othoba.com/pran-nazirsail-rice-5kg-48461,2026-08-27T17:42:34
346,3,Jhatpot Chicken Nuggets 300gm,Unclassified,https://othoba.com/jhatpot-chicken-nuggets-300gm-5500000531,2026-08-27T17:42:34
347,3,Pran minicate Zirashail rice 5kg,Grocery,https://othoba.com/pran-minicate-rice-5kg-bmr00041,2026-08-27T17:42:34
348,3,Goodlife Pasteurized Milk 1000ml,Grocery,https://othoba.com/goodlife-pasteurized-milk-1000ml,2026-08-27T17:42:34
349,3,PRAN Sour Curd 500 gm,Unclassified,https://othoba.com/pran-sour-curd-500ml-4000000104,2026-08-27T17:42:34
350,3,PRAN Latina Apple Juice 1000ml,Grocery,https://othoba.com/pran-latina-apple-juice-1000ml-3000000223,2026-08-27T17:42:34
351,3,Swift Liquid Toilet Cleaner 500ml,Grocery,https://othoba.com/swift-liquid-toilet-cleaner-500ml-4500000522,2026-08-27T17:42:34
352,3,Loose Sugar 1Kg,Grocery,https://othoba.com/loose-sugar-1kg-35159,2026-08-27T17:42:34
353,3,Daily Shopping Mushur Dal Loose/Kg,Grocery,https://othoba.com/mushur-dal-loose-1kg-35137,2026-08-27T17:42:34
354,3,PRAN Premium Butter 100gm,Unclassified,https://othoba.com/pran-premium-butter-100gm-4000000146,2026-08-27T17:42:34
355,3,PRAN Mushur Dal 500gm,Grocery,https://othoba.com/pran-mushur-dal-500gm-3500000010,2026-08-27T17:42:34
356,3,PRAN Latina Mango Juice 1000ml,Grocery,https://othoba.com/pran-latina-mango-juice-1000ml-3000000225,2026-08-27T17:42:34
357,3,PRAN Chinigura Premium Rice 5kg,Grocery,https://othoba.com/pran-chinigura-premium-rice-5kg-3500000050,2026-08-27T17:42:34
358,3,PRAN Chinigura Premium Rice 2kg,Grocery,https://othoba.com/pran-chinigura-premium-rice-2kg-3500000049,2026-08-27T17:42:34
359,3,PRAN Drinking Yogurt (Mattha) 200ml,Unclassified,https://othoba.com/pran-drinking-yogurt-mattha-250ml-4000000139,2026-08-27T17:42:34
360,5,Akij Essential Chinigura Rice 1kg,Grocery,https://www.shwapno.com/Essential-Chinigura-Rice-1kg,2026-08-27T17:43:14
361,5,Mehran Extra Long Basmati Rice 5kg,Grocery,https://www.shwapno.com/Mehran-Ex-Long-Basmati-Rice-5Kg,2026-08-27T17:43:14
362,5,BPM Biroi Rice 1kg,Grocery,https://www.shwapno.com/BPM-Biroi-Rice-1-Kg,2026-08-27T17:43:14
363,5,Fresh Chinigura Rice 1kg,Grocery,https://www.shwapno.com/Fresh-Chinigura-Rice-1kg,2026-08-27T17:43:14
364,5,ACI Pure Fortified Najirshile Rice 5kg,Grocery,https://www.shwapno.com/aci-pure-fortified-najirshile-rice-5-kg,2026-08-27T17:43:14
365,5,Akij Essential Katari Nazir Rice 5kg,Grocery,https://www.shwapno.com/akij-essential-katari-nazir-rice-5-kg-2,2026-08-27T17:43:14
366,5,Basmati Rice Loose Premium Kg,Grocery,https://www.shwapno.com/basmati-rice-loose-p-2,2026-08-27T17:43:14
367,5,Mehran Daily Basmati Rice 5kg PK,Grocery,https://www.shwapno.com/mehran-daily-basmati-rice-5-kg-pk,2026-08-27T17:43:14
368,5,Mehran Sella Basmati Rice 5kg PK,Grocery,https://www.shwapno.com/mehran-sella-basmati-rice-5-kg-pk,2026-08-27T17:43:14
369,5,Erfan Super Chinigura Rice 1kg,Grocery,https://www.shwapno.com/erfan-super-chinigura-rice-1-kg,2026-08-27T17:43:14
370,5,Erfan Super Chinigura Rice 2kg,Grocery,https://www.shwapno.com/erfan-super-chinigura-rice-2-kg,2026-08-27T17:43:14
371,5,Akij Essential Katari Ghee Bhog 5kg,Grocery,https://www.shwapno.com/akij-essential-katari-gheebhog-5-kg,2026-08-27T17:43:14
372,5,Akij Essential Premium Basmati 1kg,Unclassified,https://www.shwapno.com/akij-essential-premium-basmati-1-kg,2026-08-27T17:43:14
373,5,Nazirshail Rice Loose (S) (Paijam) Kg,Grocery,https://www.shwapno.com/nazirshail-rice-loose-p-paijam,2026-08-27T17:43:14
374,5,Miniket Rice Loose(S) (BRRI-28) Kg,Grocery,https://www.shwapno.com/miniket-rice-loose-s-brri-28,2026-08-27T17:43:14
375,5,Katari Nazirshail Rice Loose Kg,Grocery,https://www.shwapno.com/katari-nazirshail-rice-loose-11,2026-08-27T17:43:14
376,5,Kalijira Rice Loose - Premium Kg,Grocery,https://www.shwapno.com/kalijira-rice-loose-premium-11,2026-08-27T17:43:14
377,5,Nazirshail Rice Loose (P) (Sompa Katari) Kg,Grocery,https://www.shwapno.com/nazirshail-rice-loose-p-sompa-katari,2026-08-27T17:43:14
378,5,Chinigura Rice Loose (P) (BRRI-34) Kg,Grocery,https://www.shwapno.com/chinigura-rice-loose-p-brri-34,2026-08-27T17:43:14
427,1,Kamasutra DEO URGE 150ml,Unclassified,https://cartup.com/product/kamasutra_deo_urge_150ml_463472269586214_xpyamg?variantId=1675623,2026-08-27T18:20:30
428,1,Kamasutra Deo Rush 150ml,Unclassified,https://cartup.com/product/kamasutra_deo_rush_150ml?variantId=1809190,2026-08-27T18:20:30
429,1,Strong Grill Hanger,Unclassified,https://cartup.com/product/strong_grill_hanger_476928441557288_zd7he0?variantId=4283949,2026-08-27T18:20:30
430,1,"Premium Quality Home tex synthetic Curtain, (4 khuci) Porda, parda for Home Decoration Door and window From Suba International",Home & Kitchen,https://cartup.com/product/premium_quality_home_tex_synthetic_curtain_4_khuci_porda_parda_for_home_decoration_door_and_window_from_suba_international_1754890348419_oi68it?variantId=1667447,2026-08-27T18:20:30
431,1,Surf Excel Synthetic Laundry Detergent Powder 1kg,Grocery,https://cartup.com/product/surf_excel_synthetic_laundry_detergent_powder_1kg_3545349113730269_6nq5lq?variantId=836676,2026-08-27T18:20:30
432,1,VEN-DENS 4 in 1 POWERBANK 10000MAH WITH CABLE BLACK VD-PB058,Mobile & Audio,https://cartup.com/product/ven-dens_4_in_1_powerbank_10000mah_with_cable_black_vd-pb058_1786003737634_a1j67y,2026-08-27T18:20:30
433,1,Kamasutra DEO URGE 150ml,Unclassified,https://cartup.com/product/kamasutra_deo_urge_150ml_463472269586214_xpyamg,2026-08-27T18:20:30
434,1,Seylon Family Blend Tea – 400g (Mug Free),Grocery,https://cartup.com/product/seylon_family_blend_tea_400gm_foil_pack_81692063890422_k1c19y,2026-08-27T18:20:30
435,1,Surf Excel Liquid Detergent Top Load 1L,Unclassified,https://cartup.com/product/surf_excel_matic_liquid_detergent_top_load_1l_3545349111138317_6rphol,2026-08-27T18:20:30
436,1,Rupchanda Chinigura Rice – 1kg,Grocery,https://cartup.com/product/rupchanda_chinigura_rice_-_1_kg_369049472764486_e871q4,2026-08-27T18:20:30
437,1,Hoco EQ34 Plus Rima ANC Wireless Earbuds,Mobile & Audio,https://cartup.com/product/hoco_eq34_plus_rima_anc_wireless_earbuds_1786001871289_kxi5l6,2026-08-27T18:20:30
438,1,MARKS Active School Milk Powder 400gm (Mug Free),Grocery,https://cartup.com/product/marks_active_school_milk_powder_400gm,2026-08-27T18:20:30
439,1,Buy TATA Tea Premium 400g and Get 50gm Dano Pusti Milk FREE,Grocery,https://cartup.com/product/buy_tata_tea_premium_400g_and_get_50gm_dano_pusti_milk_free_1777280947047_6dwmtu,2026-08-27T18:20:30
440,1,Kamasutra Deo Rush 150ml,Unclassified,https://cartup.com/product/kamasutra_deo_rush_150ml,2026-08-27T18:20:30
441,1,KamaSutra Spark Deodorant for Men 150ml,Personal Care,https://cartup.com/product/kamasutra_spark_deodorant_for_men_150ml,2026-08-27T18:20:30
442,1,Goodknight Power Activ+ Liquid Vaporizer Machine & Refill,Unclassified,https://cartup.com/product/goodknight_power_activ_liquid_vaporizer_combi_machine_refill_463472203644079_yh5pil,2026-08-27T18:20:30
443,1,Aroma Air Freshener Orange Crush 300ML,Personal Care,https://cartup.com/product/aroma_air_freshener_orange_crush_1765967741405_708xot,2026-08-27T18:20:30
444,1,Shell Advance 4T AX5 Scooter 10W30 - 0.8 Litre,Unclassified,https://cartup.com/product/shell_advance_4t_ax5_scooter_10w30_-_08_litre_378654585059896_muw0c9,2026-08-27T18:20:30
445,1,Philips NA120/00 Air-fryer 4.2 Liter with Rapid Air Technology,Unclassified,https://cartup.com/product/philips_na12000_air-fryer_42_liter_with_rapid_air_technology,2026-08-27T18:20:30
446,1,Quaker Oats 900gm pouch pack,Unclassified,https://cartup.com/product/quaker_oats_900gm_pouch_pack,2026-08-27T18:20:30
447,1,Parachute SkinPure Skin Lotion Natural White 200ml,Personal Care,https://cartup.com/product/parachute_skinpure_skin_lotion_natural_white_200ml,2026-08-27T18:20:30
448,1,Fab Liquid Detergent Refill Pouch for Machine & Hand Wash - 1kg,Unclassified,https://cartup.com/product/fab_liquid_detergent_refill_pouch_for_machine_hand_wash_-_1kg_463472297777795_6dh5za,2026-08-27T18:20:30
449,1,Aroma Air Freshener – Fresh Aura 300ML,Personal Care,https://cartup.com/product/aroma_air_freshener_fresh_aura_1765967885474_hb27kh,2026-08-27T18:20:30
450,1,Quaker Oats 400 gm Jar,Unclassified,https://cartup.com/product/quaker_oats_450_gm_jar_183849667672620_d54q4t,2026-08-27T18:20:30
451,1,Parachute SkinPure Skin Lotion Natural White 100ml,Personal Care,https://cartup.com/product/parachute_skinpure_skin_lotion_deep_moisture_200ml,2026-08-27T18:20:30
452,1,Shell Advance 4T AX5 10W30 SLMA - 1 Litre,Unclassified,https://cartup.com/product/shell_advance_4t_ax5_10w30_slma_-_1_litre_378654555657237_vat8fo,2026-08-27T18:20:30
453,1,Quaker Oats 450gm Pouch Pack,Unclassified,https://cartup.com/product/quaker_oats_450_pouch_pack,2026-08-27T18:20:30
454,1,Fast Wash Detergent Powder-1kg (Get Tibet 570 Soap Free),Grocery,https://cartup.com/product/fast_wash_detergent_powder-1kg_1605857609992990_mjcmbn,2026-08-27T18:20:30
455,1,AMA Sugar Free Coffee 150gm Box (Buy 10 pcs Box Get 1 piece free),Grocery,https://cartup.com/product/ama_sugar_free_coffee_150gm_box_buy_10_pcs_box_get_1_piece_free_1079528180710705_xzjdv2,2026-08-27T18:20:30
456,1,[Mug Free] Harpic Double Surokkha (Harpic Toilet Cleaning Liquid 750ml + Lizol Floor Cleaner Floral 500ml),Grocery,https://cartup.com/product/harpic_double_surokkha_harpic_tcl_750ml_lizol_500ml_floral_26338653327115_umdfz4,2026-08-27T18:20:30
457,1,Aroma Air Freshener Divine Lime 300ML,Personal Care,https://cartup.com/product/aroma_air_freshener_divine_lime_1765968026897_2vp1b8,2026-08-27T18:20:30
458,1,Ispahani Parbon Chinigura Rice 1kg,Grocery,https://cartup.com/product/ispahani_parbon_chinigura_rice_1kg_183849898096262_rslmap,2026-08-27T18:20:30
459,1,[Free Tiffin Box} Dettol Original Soap 70g (Pack of 3),Personal Care,https://cartup.com/product/dettol_soap_original_75_gm_x3_free_tiffin_box_26338515014430_6ykdkc,2026-08-27T18:20:30
460,1,Closeup Toothpaste Menthol Fresh 145g,Personal Care,https://cartup.com/product/closeup_toothpaste_menthol_fresh_145g_3545348989227657_66m7dz,2026-08-27T18:20:30
461,1,Fresh Refined Sugar – 1kg,Grocery,https://cartup.com/product/fresh_refind_sugar_-_1kg_1656002925379167_qv4una,2026-08-27T18:20:30
462,1,VEN-DENS 4 in 1 POWERBANK 10000MAH WITH CABLE BLACK VD-PB058,Mobile & Audio,https://cartup.com/product/ven-dens_vd-pb058_10000mah_high-quality_power_bank_with_built-in_charging_cable_1777380993922_b2o2g3,2026-08-27T18:20:30
463,1,Starship Full Cream Milk Powder - 500 gm,Grocery,https://cartup.com/product/starship_full_cream_milk_powder_-_500_gm,2026-08-27T18:20:30
464,1,Parachute SkinPure Skin Lotion Natural Moisture 100ml,Personal Care,https://cartup.com/product/parachute_skinpure_skin_lotion_natural_moisture_100ml,2026-08-27T18:20:30
465,1,Parachute SkinPure Skin Lotion Natural Moisture 300ml,Personal Care,https://cartup.com/product/parachute_skinpure_skin_lotion_natural_moisture_300ml,2026-08-27T18:20:30
466,1,Marks Instant Full Cream Milk Powder 1 kg,Grocery,https://cartup.com/product/marks_full_cream_milk_powder_-_1_kg_2249028503960464_7gxfvt,2026-08-27T18:20:30
467,1,Pond's Bright Beauty Serum Cream 50g (Imported),Personal Care,https://cartup.com/product/ponds_bright_beauty_serum_cream_50g_imported_457723018356895_fljhxz,2026-08-27T18:20:30
468,1,Avonee Baby Pant Diaper M – 56 Pcs,Fashion,https://cartup.com/product/avonee_disposable_baby_diaper_pant_-_3_midi_m_7-12_kg_-_56pcs_6504543398476624_6q21xw,2026-08-27T18:20:30
469,1,Parachute SkinPure Skin Lotion Natural White 300ml,Personal Care,https://cartup.com/product/parachute_skinpure_skin_lotion_natural_white_300ml,2026-08-27T18:20:30
470,1,Seylon Family Blend Tea 500gm,Grocery,https://cartup.com/product/seylon_family_blend_tea_500gm,2026-08-27T18:20:30
471,1,Home Tex Synthetic Curtain – 4 Khuci,Home & Kitchen,https://cartup.com/product/premium_quality_home_tex_synthetic_curtain_4_khuci_porda_parda_for_home_decoration_door_and_window_from_suba_international_1139392663507048_lpsuuk,2026-08-27T18:20:30
472,1,Recrsi 200h Wireless Neckband - RE-NY060,Unclassified,https://cartup.com/product/recrsi_200h_wireless_neckband_-_re-ny060,2026-08-27T18:20:30
473,1,Fresh Happy Nappy Pant Diaper M – 40 Pcs,Fashion,https://cartup.com/product/fresh_happy_nappy_pant_diaper_7-12_kg_m-size_40pcs_85105762161381_xdozv7,2026-08-27T18:20:30
474,1,Avonee Baby Pant Diaper L – 48 Pcs,Fashion,https://cartup.com/product/avonee_pants_baby_diaper_-_l_9-14kg_48pcs_6504543399541843_8pdn4v,2026-08-27T18:20:30
475,1,Quaker Oats 800 gm Jar,Unclassified,https://cartup.com/product/quaker_oats_900_gm_jar_183849657258100_lnd4c5,2026-08-27T18:20:30
476,1,Amar Food Mustard Oil 5 Liter  (Coriander Powder 50 gm free),Grocery,https://cartup.com/product/amar_food_mustard_oil_5_liter_turmeric_powder_100gm_foil_pack_free,2026-08-27T18:20:30
477,1,Ruchi Chanachur BBQ 500 g,Unclassified,https://cartup.com/product/ruchi_chanachur_bbq_-_500gm_1334969325315245_5lyljh,2026-08-27T18:20:30
478,1,Lemon Bright Liquid Dishwash 1 liter,Unclassified,https://cartup.com/product/lemon_bright_liquid_dishwash_1_liter_1070147038354762_tvrsay,2026-08-27T18:20:30
479,1,Avonee Baby Pant Diaper XL – 44 Pcs (12‑17kg),Fashion,https://cartup.com/product/avonee_pants_baby_diaper_xl_12-17_kg_-44_pcs_6504543400560653_rn3vy1,2026-08-27T18:20:30
480,1,Rin Advanced Detergent Powder 2kg (Free 200g),Grocery,https://cartup.com/product/rin_advanced_synthetic_laundry_detergent_powder_2kg_surf_excel_200g_free_457723023648424_wvdhat,2026-08-27T18:20:30
481,1,Pureit Classic Germ Kill Kit – 3000L Water Purifier,Grocery,https://cartup.com/product/unilever_pureit_classic_germ_kill_kit_3000l_water_purifier_111368493887663_luh0dh,2026-08-27T18:20:30
482,1,Magnet Chain Watch Analog Watch For Girls & Women,Fashion,https://cartup.com/product/magnet_chain_watch_analog_watch_for_girls_women_2046997436106900_3ica42?variantId=1747539,2026-08-27T18:21:09
483,1,Godrej No.1 Rosewater Almond Soap 100 g (Buy 3 Get 1 Free),Grocery,https://cartup.com/product/buy_3_get_1_free_godrej_no1_rosewater_almond_100g_463472292369021_izirgo?variantId=1675641,2026-08-27T18:21:09
484,1,Micro Fiber Cushion 16X16 Inch From Suba International.,Unclassified,https://cartup.com/product/micro_fiber_cushion_16x16_inch_from_suba_international_1139392669966599_cm9e8z?variantId=1649188,2026-08-27T18:21:09
485,5,Himalaya Men Acne Clear Neem Face Wash 100ml,Unclassified,https://www.shwapno.com/himalaya-men-pimple-clear-neem-facewash-100ml,2026-08-27T18:22:43
486,5,Himalaya Oil Control Lemon Face Wash 100ml,Grocery,https://www.shwapno.com/himalaya-oil-control-lemon-face-wash-100ml-2,2026-08-27T18:22:43
487,5,Himalaya Purifying Neem Face Wash 100ml,Unclassified,https://www.shwapno.com/himalaya-purifying-neem-face-wash-100ml-2,2026-08-27T18:22:43
488,5,Quaker Oats 900(±)100gm (Jar),Unclassified,https://www.shwapno.com/quaker-oats-1000100gm-jar,2026-08-27T18:22:43
489,5,Seylon Gold Tea 500gm,Grocery,https://www.shwapno.com/seylon-gold-500g,2026-08-27T18:22:43
490,5,Mojo 2000ml (Pet Bottle),Home & Kitchen,https://www.shwapno.com/mojo-2000-ml-plastic-bot,2026-08-27T18:22:43
491,5,Dano Power Full Cream Milk Powder 500gm,Grocery,https://www.shwapno.com/dano-power-full-cream-milk-powder-500gm,2026-08-27T18:22:43
492,5,Mojo 250ml (Pet Bottle),Home & Kitchen,https://www.shwapno.com/mojo-250ml-pet,2026-08-27T18:22:43
493,5,Lemu 250ml (Pet Bottle),Home & Kitchen,https://www.shwapno.com/lemu-250-ml-pet,2026-08-27T18:22:43
494,5,MARKS Instant Full Cream Milk Powder 1Kg,Grocery,https://www.shwapno.com/marks-instant-full-cream-milk-powder-1-kg,2026-08-27T18:22:43
495,5,TRESemmé HD Hair Fall Defense Shampoo 580ml,Personal Care,https://www.shwapno.com/tresemme-hd-hair-fall-defense-shampoo-580ml,2026-08-27T18:22:43
496,5,Vim Dishwash Liquid Refill 200(±)50ml,Unclassified,https://www.shwapno.com/vim-dishwash-liquid-refill-pack-250ml,2026-08-27T18:22:43
497,5,Rin Matic Liquid Detergent 800ml,Unclassified,https://www.shwapno.com/rin-matic-liquid-detergent-800ml,2026-08-27T18:22:43
498,5,TRESemmé Keratin Smooth Shampoo 580ml,Personal Care,https://www.shwapno.com/tresemme-keratin-smooth-shampoo-580ml,2026-08-27T18:22:43
499,5,Wheel Clean & Fresh 2in1 Detergent Powder 500gm,Grocery,https://www.shwapno.com/wheel-clean-and-fresh-2in1-detergent-powder-500gm,2026-08-27T18:22:43
500,5,LUX Body Wash Black Orchid Scent & Juniper Oil 245ml,Grocery,https://www.shwapno.com/lux-body-wash-black-orchid-scent-and-juniper-oil-245ml,2026-08-27T18:22:43
501,5,Bashundhara Power Wash Detergent Lemon 1kg,Unclassified,https://www.shwapno.com/bashundhara-power-wash-detergent-lemon-1kg,2026-08-27T18:22:43
502,5,Rin Advanced Detergent 2kg,Unclassified,https://www.shwapno.com/rin-advanced-detergent-2kg-2,2026-08-27T18:22:43
503,5,Surf Excel Matic Liquid Top Load 1(±02)Ltr.,Unclassified,https://www.shwapno.com/surf-excel-matic-liquid-top-load-102-liter,2026-08-27T18:22:43
504,5,Surf Excel 1kg,Unclassified,https://www.shwapno.com/surf-excel-1-kg,2026-08-27T18:22:43
505,5,Wheel Clean & Fresh 2in1 Detergent Powder 1kg,Grocery,https://www.shwapno.com/wheel-clean-and-fresh-2in1-detergent-powder-1kg,2026-08-27T18:22:43
506,5,Golden Harvest Premium Deshi Paratha 1300gm,Unclassified,https://www.shwapno.com/golden-harvest-premium-deshi-paratha-1300gm,2026-08-27T18:22:43
507,5,Fresh Instant Noodles Masala Flavor 496gm,Unclassified,https://www.shwapno.com/fresh-instant-noodles-masala-flaver-496g,2026-08-27T18:22:43
508,5,Paragon Law Fat Paratha 1200gm (20Pcs),Unclassified,https://www.shwapno.com/paragon-law-fat-paratha-1200gm-20pcs,2026-08-27T18:22:43
509,5,Pran Mr. Noodles Magic Masala Pack 744gm (12Pcs),Unclassified,https://www.shwapno.com/pran-mr-noodles-magic-masala-744gm,2026-08-27T18:22:43
510,5,Maggi 2 Minute Noodles Masala 496(±)124gm (8Pcs Pack),Unclassified,https://www.shwapno.com/maggi-2-minute-masala-noodles-620124gm,2026-08-27T18:22:43
511,5,KaziFarms Kitchen Plain Paratha 1300gm,Unclassified,https://www.shwapno.com/kazifarms-kitchen-plain-paratha-1300-gm,2026-08-27T18:22:43
512,5,Golden Harvest Chicken Nuggets 300gm,Unclassified,https://www.shwapno.com/golden-harvest-chicken-nuggets-300gm,2026-08-27T18:22:43
513,5,Rupchanda Soyabean Oil 5Ltr.,Grocery,https://www.shwapno.com/rupchanda-soyabean-oil-5liter,2026-08-27T18:22:43
514,5,Lifebuoy Lemon Fresh Hand Wash 1Ltr.,Unclassified,https://www.shwapno.com/lifebuoy-lemon-fresh-hand-wash-1ltr-,2026-08-27T18:22:43
515,5,Fortune Rice Bran Oil 5Ltr. (Pet),Grocery,https://www.shwapno.com/fortune-rice-bran-oil-pet-5-liter,2026-08-27T18:22:43
516,5,Aarong Dairy Butter 200gm,Unclassified,https://www.shwapno.com/aarong-butter-200gm,2026-08-27T18:22:43
517,5,ACI Pure Maida 2kg,Unclassified,https://www.shwapno.com/aci-pure-maida-2kg,2026-08-27T18:22:43
518,5,Pusti Maida 2kg,Unclassified,https://www.shwapno.com/pusti-maida-2kg,2026-08-27T18:22:43
519,5,Dano Daily Pusti Milk Powder 500gm,Grocery,https://www.shwapno.com/dano-daily-pusti-milk-powder-500gm,2026-08-27T18:22:43
520,5,Dabur Honey 1kg,Grocery,https://www.shwapno.com/dabur-honey-1kg,2026-08-27T18:22:43
521,5,Vim Dish Wash Bar 275(±)25gm,Unclassified,https://www.shwapno.com/vim-dish-wash-bar-300-gm,2026-08-27T18:22:43
522,5,Bashundhara Toilet Tissue (White),Grocery,https://www.shwapno.com/bashundhara-toilet-tissue-white,2026-08-27T18:22:43
523,5,Fresh Chilli (Morich) Powder 200gm,Grocery,https://www.shwapno.com/fresh-chilli-powder-200gm-2,2026-08-27T18:22:43
524,5,Radhuni Cumin (Jeera) Powder 100gm,Grocery,https://www.shwapno.com/radhuni-cumin-jeera-powder-100gm,2026-08-27T18:22:43
525,5,ACI Pure Turmeric (Holud) Powder 200gm,Grocery,https://www.shwapno.com/aci-pure-turmeric-holud-powder-200gm,2026-08-27T18:22:43
526,5,Radhuni Chilli (Morich) Powder 1000gm,Grocery,https://www.shwapno.com/radhuni-chilli-morich-powder-1000gm,2026-08-27T18:22:43
527,5,Shwapno Dry Chili 100gm,Unclassified,https://www.shwapno.com/shwapno-dry-chili-100gm-2,2026-08-27T18:22:43
528,5,Radhuni Haleem Mix 200gm,Unclassified,https://www.shwapno.com/radhuni-haleem-mix-200gm,2026-08-27T18:22:43
529,5,Radhuni Easy Mix Roast Masala 35gm,Unclassified,https://www.shwapno.com/radhuni-easy-mix-roast-masala-35gm-2,2026-08-27T18:22:43
530,5,Enchanteur Romantic Body Mist 150ml,Unclassified,https://www.shwapno.com/enchanteur-romantic-body-mist-150-ml-2,2026-08-27T18:22:43
531,5,Adidas Dynamic Pulse Deo Body Spray 150ml,Unclassified,https://www.shwapno.com/adidas-dynamic-pulse-deo-body-spray-150-ml-2,2026-08-27T18:22:43
532,5,Enchanteur Chic EDS Dreamy Twinkle 100ml,Unclassified,https://www.shwapno.com/enchanteur-vogue-daily-scent-100-ml-2,2026-08-27T18:22:43
533,5,AXE Musk Body Spray 150ml AR,Unclassified,https://www.shwapno.com/axe-musk-body-spray-150-ml-ar-2,2026-08-27T18:22:43
534,5,ACI Pure Coriander (Dhonia) Powder 200gm,Grocery,https://www.shwapno.com/aci-pure-coriander-dhonia-powder-200gm,2026-08-27T18:22:43
535,5,ACI Pure Cumin Powder (Jeera) 200gm,Grocery,https://www.shwapno.com/aci-pure-cumin-jeera-powder-200gm,2026-08-27T18:22:43
536,5,ACI Pure Chilli (Morich) Powder 200gm,Grocery,https://www.shwapno.com/aci-pure-chilli-morich-powder-200gm,2026-08-27T18:22:43
537,5,ACI Pure Shahi Biryani Masala 40gm,Unclassified,https://www.shwapno.com/aci-pure-shahi-biryani-masala-40gm-2,2026-08-27T18:22:43
538,5,Fresh Turmeric (Holud) Powder 200gm,Grocery,https://www.shwapno.com/fresh-turmeric-holud-powder-200gm-2,2026-08-27T18:22:43
539,5,Lomba Begun-Beguni (Brinjal Long),Unclassified,https://www.shwapno.com/beguun-lomba-beguni-p-7,2026-08-27T18:22:43
540,5,Lebu Gol (Lemon Round),Unclassified,https://www.shwapno.com/lemon-round-lebu-gol-pcs,2026-08-27T18:22:43
541,5,Lomba Lebu (Lemon Long),Unclassified,https://www.shwapno.com/lemon-long-lomba-lebu-pcs,2026-08-27T18:22:43
542,5,Mishti Kumra (Sweet Pumpkin) Kg,Unclassified,https://www.shwapno.com/mishti-kumra-kg,2026-08-27T18:22:43
543,5,Capsicum (Green),Unclassified,https://www.shwapno.com/capsicum-green-6,2026-08-27T18:22:43
544,5,Shosha (Cucumber),Unclassified,https://www.shwapno.com/cucumber-shosha-6,2026-08-27T18:22:43
545,5,Marks Milk Based Diabetic Diet 400gm (Tin),Grocery,https://www.shwapno.com/marks-milk-based-diabetic-diet-tin-400gm,2026-08-27T18:22:43
546,5,Sugar Free Gold Sugar Substitute Tablet 50gm,Grocery,https://www.shwapno.com/sugar-free-gold-sugar-substitute-tablet-50gm,2026-08-27T18:22:43
547,5,Zerocal Sachet 25Pcs,Unclassified,https://www.shwapno.com/zerocal-sachet-25pcs-2,2026-08-27T18:22:43
548,5,SIS Low GI Sugar 350gm Singapore,Grocery,https://www.shwapno.com/sis-low-gi-sugar-350-gm-sin,2026-08-27T18:22:43
549,5,Sugar Free Gold Sugar Substitute Powder 100gm,Grocery,https://www.shwapno.com/sugar-free-gold-sugar-substitute-powder-100gm,2026-08-27T18:22:43
550,5,Zerocal Tablet 100Pcs,Unclassified,https://www.shwapno.com/zerocal-tablet-100pcs-2,2026-08-27T18:22:43
551,5,Zerocal 150 Sachets (Container),Unclassified,https://www.shwapno.com/zerocal-150-sachets-container,2026-08-27T18:22:43
600,1,KamaSutra Spark Deodorant for Men 150ml,Personal Care,https://cartup.com/product/kamasutra_spark_deodorant_for_men_150ml?variantId=1809194,2026-08-27T18:24:44
601,1,Revive Talcum Powder – 200g,Grocery,https://cartup.com/product/revive_talcum_powder_-_200gm_266983515110177_15cwqb?variantId=1563361,2026-08-27T18:24:44
602,1,Select Plus Anti‑Dandruff Shampoo – 200ml,Personal Care,https://cartup.com/product/select_plus_anti-dandruff_shampoo_-_200ml_1656002871673600_w057vc?variantId=632300,2026-08-27T18:24:44
603,1,Radhuni Biryani Masala - 40gm (Pack of 2),Unclassified,https://cartup.com/product/pack_of_2_radhuni_biryani_masala_-_40gm_5649727909123775_2q9mg6?variantId=3768955,2026-08-27T18:24:44
604,2,P47 Wireless Bluetooth Headphones,Mobile & Audio,https://www.daraz.com.bd/products/p47-wireless-bluetooth-headphones-i1586846462.html,2026-08-28T04:12:38
605,2,P9 Bluetooth Wireless Headphones With Microphone Noise Cancellation Stereo HIFI Gaming Headset 7.1 Surround Sound,Computing,https://www.daraz.com.bd/products/p9-bluetooth-wireless-headphones-with-microphone-noise-cancellation-stereo-hifi-gaming-headset-71-surround-sound-i1586826749.html,2026-08-28T04:12:38
606,2,"Hoco | EQ34 Plus Rima | True Wireless Earbuds (TWS) | ANC + ENC | Bluetooth 5.4 | 7h Playback (6h with ANC) | 300mAh Case, 40mAh Buds | App Control & Multi-Device Switching | Lightweight 44.8g.",Mobile & Audio,https://www.daraz.com.bd/products/hoco-eq34-plus-rima-true-wireless-earbuds-tws-anc-enc-bluetooth-54-7h-playback-6h-with-anc-300mah-case-40mah-buds-app-control-multi-device-switching-lightweight-448g-i1575608520.html,2026-08-28T04:12:38
607,2,Sanne S1122 1.77 Feature Phone with Bluetooth & Multimedia Support,Mobile & Audio,https://www.daraz.com.bd/products/-i1585857132.html,2026-08-28T04:13:19
608,2,Marlax MX101 Mobile | Dual SIM | SD Card Supported | Feature Phone,Mobile & Audio,https://www.daraz.com.bd/products/marlax-mx101-i1586900036.html,2026-08-28T04:13:19
609,2,T-SOURCE T101 Classic Feature Phone with Bluetooth & Multimedia Support - New,Mobile & Audio,https://www.daraz.com.bd/products/-i558709695.html,2026-08-28T04:13:19
610,2,Vega V7 Mini Feature Button Mobile Phone 1000mAh Battery Strong Network stylish update model,Mobile & Audio,https://www.daraz.com.bd/products/vega-v7-1000mah-i526661482.html,2026-08-28T04:13:19
611,2,"Proton RE-PowerX Feature Phone with 3000mAh Monster Battery, Big Torch, Dual SIM & Long Battery Backup – Free Delivery (Any Color)",Mobile & Audio,https://www.daraz.com.bd/products/-i562613524.html,2026-08-28T04:13:19
612,2,5 Star BD41+ Strong 1000 mah battery 1.77 display .. MediaTek  chipset  1 year Brand Warrenty ..1000Phone Book Feature Button Mobile Phone Nice Color,Mobile & Audio,https://www.daraz.com.bd/products/5-star-bd41-1000-mah-177-mediatek-1-1000-i1587910176.html,2026-08-28T04:13:19
613,2,5Star DX10 Feature  Batton Phone 2.4 inch Big Display..2500mah super lasting battery ..1000 Phone Book..Good sound ..BigTorch.Type C port,Mobile & Audio,https://www.daraz.com.bd/products/-i394977931.html,2026-08-28T04:13:19
614,2,New T101 Classic Feature Phone with Bluetooth & Multimedia Support,Mobile & Audio,https://www.daraz.com.bd/products/t101-i1586116197.html,2026-08-28T04:13:19
615,2,Vega V31  pro Dual SIM 1000 phone book  super strong  1000 mah battery Feature Button Mobile Phone,Mobile & Audio,https://www.daraz.com.bd/products/-i503927117.html,2026-08-28T04:13:19
616,2,Vega V100 Dual SIM  2.8 inch Display  4L powerful battery Strong  CPU  Feature Button Mobile Phone,Mobile & Audio,https://www.daraz.com.bd/products/vega-v100-28-4l-cpu-i526683056.html,2026-08-28T04:13:19
617,2,"Agetel AG25+ Future Button Mobile phone  2.4 inch display 2500 mah battery 1000 phone Book , MTK Processor",Computing,https://www.daraz.com.bd/products/agetel-ag25-24-2500-mah-1000-mtk-i1586367754.html,2026-08-28T04:13:19
618,2,"T-SOURCE T300 New Classic Feature Phone with Dual SIM, Big Button, and Camera",Mobile & Audio,https://www.daraz.com.bd/products/-i531227974.html,2026-08-28T04:13:19
619,2,Nokiaa 103 single sim Barton phone,Mobile & Audio,https://www.daraz.com.bd/products/nokiaa-103-i547471437.html,2026-08-28T04:13:19
620,2,Nokiaa 1280 single sim Barton phone,Mobile & Audio,https://www.daraz.com.bd/products/nokiaa-1280-i547426606.html,2026-08-28T04:13:19
621,2,"TECNO Spark Go 3 | 6.74"" HD+ Big Display | 13MP AI Camera | 5000mAh Battery | Official Warranty",Unclassified,https://www.daraz.com.bd/products/tecno-spark-go-3-674-hd-big-display-13mp-ai-camera-5000mah-battery-official-warranty-i1583216323.html,2026-08-28T04:13:19
622,2,5 Star6310 Feature Button Mobile Phone 1000mah powerful battery Mtk Cpu,Mobile & Audio,https://www.daraz.com.bd/products/5-6310-1000mah-mtk-i323520821.html,2026-08-28T04:13:19
623,2,NOKIA N106 DUAL SIM (Referbished) Original motherboard made in Vietnam,Computing,https://www.daraz.com.bd/products/nokia-n106-i327177927.html,2026-08-28T04:13:19
624,2,XTRA X10 Super Slim Feature Phone,Mobile & Audio,https://www.daraz.com.bd/products/x10-i476928364.html,2026-08-28T04:13:19
625,2,Maxtel Max 14 Folding Mobile Phone Dual Sim Blue,Mobile & Audio,https://www.daraz.com.bd/products/14-i431939612.html,2026-08-28T04:13:19
626,2,NOKIA 2660 Flip feature phone ( Refurbished ) color Black,Mobile & Audio,https://www.daraz.com.bd/products/-i1582692540.html,2026-08-28T04:13:19
627,2,SAMSUNG GURU MUSIC 2 DOUS color White DUAL SIM ( Referbished ) Original motherboad sound talk very clear,Unclassified,https://www.daraz.com.bd/products/samsung-guru-music-2-i554443844.html,2026-08-28T04:13:19
628,2,"5 Star X400 Feature Button Mobile Phone stong network Strong 1000 mah battery ..,1 year Brand Warrenty",Mobile & Audio,https://www.daraz.com.bd/products/5-star-x400-1000-mah-1-i565579714.html,2026-08-28T04:13:19
629,2,Vmax V51 Mini Phone Dual Sim,Mobile & Audio,https://www.daraz.com.bd/products/vmax-v51-i534726804.html,2026-08-28T04:13:19
630,2,Vmax V51 Mini Phone Dual Sim Magic Voice BT Dial,Mobile & Audio,https://www.daraz.com.bd/products/vmax-v51-bt-i557894101.html,2026-08-28T04:13:19
631,2,KGTEL K1000 Four SIM (4 SIM) feature Mobile Phone with Big Speaker & 2500mAh Battery,Mobile & Audio,https://www.daraz.com.bd/products/kgtel-k1000-4-i1578808148.html,2026-08-28T04:13:19
632,2,Proton Mobile Phone-RE-EVO33 -  874100 with Free Delivery,Mobile & Audio,https://www.daraz.com.bd/products/phone-re-evo33-874100-i562652313.html,2026-08-28T04:13:19
633,2,Proton Eagle X Smartphone (4GB RAM + 128GB ROM) | 64MP AI Camera | 6000mAh Battery | Android 16 | Free Delivery | Official Warranty,Computing,https://www.daraz.com.bd/products/4gb-ram-128gb-rom-64mp-ai-6000mah-android-16-i1585967872.html,2026-08-28T04:13:19
634,2,Imam C7 Vista Dual SIM 3000mAh Battery Display- 3.5'' Big Torch Light (Gift-T-Shirt),Fashion,https://www.daraz.com.bd/products/-i562460968.html,2026-08-28T04:13:19
635,2,"5 Star BD28+  Strong 2200 mah battery  4  Torch ..   Big speaker ,  Magic Voice , MediaTek  chipset   1 year Brand warrenty",Mobile & Audio,https://www.daraz.com.bd/products/5-star-bd28-2200-mah-4-1-i1579847132.html,2026-08-28T04:13:19
636,2,"Samsung Galaxy A07 4/64GB | 6.5"" HD+ Display | Official Warranty",Unclassified,https://www.daraz.com.bd/products/-i563818818.html,2026-08-28T04:13:19
637,2,Infinix Smart 20 | 4/64 GB Storage | 7.7mm Slim | Official Warranty,Unclassified,https://www.daraz.com.bd/products/infinix-smart-20-464-gb-storage-77mm-slim-official-warranty-i1573292783.html,2026-08-28T04:13:19
638,2,Meet Your New Favorite Mini Phone: The Vmax V51 dual sim,Mobile & Audio,https://www.daraz.com.bd/products/-i1582175645.html,2026-08-28T04:13:19
639,2,Samsung Guru Music 2 | Feature Phone in Bangladesh,Mobile & Audio,https://www.daraz.com.bd/products/samsung-guru-music-2-i391890427.html,2026-08-28T04:13:19
640,2,Sam sung guru music 2(made in Vietnam by samsung),Unclassified,https://www.daraz.com.bd/products/2-samsung-i522423355.html,2026-08-28T04:13:19
641,2,MAXTEL MAX21 Ultra Cordless Phone Dual Sim,Mobile & Audio,https://www.daraz.com.bd/products/-i1582213224.html,2026-08-28T04:13:19
642,2,Tinstar T666 4 sim  Super look touch Feature Mobile Phone  2.4 iches display,Mobile & Audio,https://www.daraz.com.bd/products/4-24-i539524395.html,2026-08-28T04:13:19
643,2,Vmax V51 Mini Phone Magic Voice,Mobile & Audio,https://www.daraz.com.bd/products/vmax-v51-i525776836.html,2026-08-28T04:13:19
644,2,5 Star BD21 Strong 2500 mah battery .. MediaTek  chipset  1 year Brand Warrenty ..500 Phone Book Feature Button Mobile Phone Nice Color,Mobile & Audio,https://www.daraz.com.bd/products/-i567678384.html,2026-08-28T04:13:19
645,2,V Max V7 mini phone,Mobile & Audio,https://www.daraz.com.bd/products/v-max-v7-i466765226.html,2026-08-28T04:13:19
646,2,T4 Green Color Feature Mobile Phone,Mobile & Audio,https://www.daraz.com.bd/products/t4-i363189949.html,2026-08-28T04:13:19
647,2,Men Shoes Luxury Trendy Casual Slip on Formal Loafers Men Chocolate Male Driving Shoes,Fashion,https://www.daraz.com.bd/products/men-shoes-luxury-trendy-casual-slip-on-formal-loafers-men-chocolate-male-driving-shoes-i461328775.html,2026-08-28T04:13:41
648,2,Sneakers Men Casual Shoes Men Fashion Sneakers Light Weight - Walk in Style,Fashion,https://www.daraz.com.bd/products/-i320814521.html,2026-08-28T04:13:41
649,2,Trendy Sports Shoes For Man With High Quality Fabrics And Breathable Outdoor Sport Sneakers Lightweight Air Mesh Men Shoes,Fashion,https://www.daraz.com.bd/products/trendy-sports-shoes-for-man-with-high-quality-fabrics-and-breathable-outdoor-sport-sneakers-lightweight-air-mesh-men-shoes-i307629188.html,2026-08-28T04:13:41
650,2,Men Shoes Luxury Trendy Casual Slip on Formal Loafers Men Black Male Driving Shoes,Fashion,https://www.daraz.com.bd/products/men-shoes-luxury-trendy-casual-slip-on-formal-loafers-men-black-male-driving-shoes-i461336579.html,2026-08-28T04:13:41
651,2,sneakers for men Lace Up Trendy Shoes For Man Casual lightweight stylish shoes.,Fashion,https://www.daraz.com.bd/products/-i264434015.html,2026-08-28T04:13:41
652,2,High-Quality Sports Sneakers Men Casual Shoes Fashionable Sneakers Flyknit Lightweight Slip-On - Stay Stylish And Comfortable With Qualityful Sneakers,Fashion,https://www.daraz.com.bd/products/-i298793534.html,2026-08-28T04:13:41
653,2,"High Quality Sports' Sneakers: Casual Shoes, Fashionable Flyknit, Light Weight Slip-On Men - Elevate Your Casual Look",Fashion,https://www.daraz.com.bd/products/-i317307226.html,2026-08-28T04:13:41
654,2,Trendy Shoes For Man With High Quality Fabrics And Breathable Outdoor Sport Sneakers Lightweight Air Mesh Men Shoes,Fashion,https://www.daraz.com.bd/products/trendy-shoes-for-man-with-high-quality-fabrics-and-breathable-outdoor-sport-sneakers-lightweight-air-mesh-men-shoes-i219042767.html,2026-08-28T04:13:41
655,2,Running High-Top Sneakers White Color Casual Lace-Up Shoes Winter And Summer Men'S Shoes By Footwear Point,Fashion,https://www.daraz.com.bd/products/-i322777103.html,2026-08-28T04:13:41
656,2,Men Sneakers - Black Glass Sole,Fashion,https://www.daraz.com.bd/products/-i260590591.html,2026-08-28T04:13:41
657,2,Men's Formal Shoe Premium Quality Gorgeous Design,Fashion,https://www.daraz.com.bd/products/-i1573284513.html,2026-08-28T04:13:41
658,2,Sneakers Casual Lace-up Shoes For Men,Fashion,https://www.daraz.com.bd/products/-i363699767.html,2026-08-28T04:13:41
659,2,Export Quality Fashionable Black Shoes Collection  TREADVIBE Black Cotton Fabrics Sneaker Shoes Sneakers for Men 11.11,Fashion,https://www.daraz.com.bd/products/1111-i454804744.html,2026-08-28T04:13:41
660,2,Trendy Sports Shoes For Man With High Quality Fabrics And Breathable Outdoor Sport Sneakers Lightweight Air Mesh Men Shoes,Fashion,https://www.daraz.com.bd/products/trendy-sports-shoes-for-man-with-high-quality-fabrics-and-breathable-outdoor-sport-sneakers-lightweight-air-mesh-men-shoes-i307625448.html,2026-08-28T04:13:41
661,2,Sneakers Casual Lace-up Shoes For Men,Fashion,https://www.daraz.com.bd/products/-i363866044.html,2026-08-28T04:13:41
662,2,Lee Cooper New  Moccasin Shoe for Men,Fashion,https://www.daraz.com.bd/products/-i347834045.html,2026-08-28T04:13:41
663,2,Men's Formal Chunky Shoes Classic Style Slip On Loafers Round Toe Breathable Non-Slip Business Dress Wedding Office Casual Shoes,Fashion,https://www.daraz.com.bd/products/-i1585249382.html,2026-08-28T04:13:41
664,2,New fashionable velvet half shoes for men,Fashion,https://www.daraz.com.bd/products/-i316951150.html,2026-08-28T04:13:41
665,2,Unique Quality Black Artificial Leather Loafer Shoes for Men,Fashion,https://www.daraz.com.bd/products/-i328896143.html,2026-08-28T04:13:41
666,2,Artificial china leather half shoes for stylish,Fashion,https://www.daraz.com.bd/products/-i367460662.html,2026-08-28T04:13:41
667,2,Explore the Hot Collection of Stylish and Fashionable Winter and Summer Exclusive Sneakers Shoes for Men - Elevate Your Footwear Game,Fashion,https://www.daraz.com.bd/products/-i317070492.html,2026-08-28T04:13:41
668,2,Sneakers Casual Lace-up Shoes For Men,Fashion,https://www.daraz.com.bd/products/-i363699915.html,2026-08-28T04:13:41
669,2,Trendy Shoes For Man With High Quality Fabrics And Breathable Outdoor Sport Sneakers Lightweight Air Mesh Men Shoes - Shoe For Boys - Shoes For Men -  - Shoe For Boys - Shoe For Boys - Sneakers,Fashion,https://www.daraz.com.bd/products/trendy-shoes-for-man-with-high-quality-fabrics-and-breathable-outdoor-sport-sneakers-lightweight-air-mesh-men-shoes-shoe-for-boys-shoes-for-men-shoe-for-boys-shoe-for-boys-sneakers-i226659587.html,2026-08-28T04:13:41
670,2,Sneakers Shoes For men Blue & Black for Every Occasion,Fashion,https://www.daraz.com.bd/products/sneakers-shoes-for-men-blue-black-for-every-occasion-i526784134.html,2026-08-28T04:13:41
671,2,Fashionable Velvet half shoes,Fashion,https://www.daraz.com.bd/products/-i526657320.html,2026-08-28T04:13:41
672,2,Men's Formal Shoe Premium Quality Gorgeous Design,Fashion,https://www.daraz.com.bd/products/-i1573341752.html,2026-08-28T04:13:41
673,2,Men's Formal Shoe Premium Quality Gorgeous Design,Fashion,https://www.daraz.com.bd/products/-i1573250994.html,2026-08-28T04:13:41
674,2,Men's Formal Shoe Premium Quality Gorgeous Design,Fashion,https://www.daraz.com.bd/products/-i1573323814.html,2026-08-28T04:13:41
675,2,Trendy Shoes For Man With High Quality Fabrics And Breathable Outdoor Sport Sneakers Lightweight Air Mesh Men Shoes,Fashion,https://www.daraz.com.bd/products/-i201140871.html,2026-08-28T04:13:41
676,2,Comfortable Sports Sneakers  Stylish Lace up Trendy Shoes for man - Shoe For Boys,Fashion,https://www.daraz.com.bd/products/comfortable-sports-sneakers-stylish-lace-up-trendy-shoes-for-man-shoe-for-boys-i299486815.html,2026-08-28T04:13:41
677,2,Trendy Shoes For Man With High Quality Fabrics And Breathable Outdoor Sport Sneakers Lightweight Air Mesh Men Shoes - Shoe For Boys - Shoe For Boys,Fashion,https://www.daraz.com.bd/products/trendy-shoes-for-man-with-high-quality-fabrics-and-breathable-outdoor-sport-sneakers-lightweight-air-mesh-men-shoes-shoe-for-boys-shoe-for-boys-i201144509.html,2026-08-28T04:13:41
678,2,Export Quality Fashionable Black Shoes Collection LOTTO Black Cotton Fabrics Sneaker Shoes Slip-Ons & Sneakers for Men C05,Fashion,https://www.daraz.com.bd/products/c05-i428337413.html,2026-08-28T04:13:41
679,2,Exclusive DesignTersel shoes for men,Fashion,https://www.daraz.com.bd/products/-i311763044.html,2026-08-28T04:13:41
680,2,Stylish Shoes For men,Fashion,https://www.daraz.com.bd/products/-i443518231.html,2026-08-28T04:13:41
681,2,Fashion Shoes For Men Casual Shoes Comfortable,Fashion,https://www.daraz.com.bd/products/aian-shos-i323027626.html,2026-08-28T04:13:41
682,2,Lightweight Comfortable Casual Walking Shoes for Men,Fashion,https://www.daraz.com.bd/products/-i551002471.html,2026-08-28T04:13:41
683,2,Trendy Shoes For Man With High Quality Fabrics And Breathable Outdoor Sport Sneakers Lightweight Air Mesh Men Shoes,Fashion,https://www.daraz.com.bd/products/trendy-shoes-for-man-with-high-quality-fabrics-and-breathable-outdoor-sport-sneakers-lightweight-air-mesh-men-shoes-i329476825.html,2026-08-28T04:13:41
684,2,Trendy Shoes For Man With High Quality Fabrics And Breathable Outdoor Sport Sneakers Lightweight Air Mesh Men Shoes,Fashion,https://www.daraz.com.bd/products/trendy-shoes-for-man-with-high-quality-fabrics-and-breathable-outdoor-sport-sneakers-lightweight-air-mesh-men-shoes-i329478651.html,2026-08-28T04:13:41
685,2,Sneakers Casual Lace-up Shoes For Men,Fashion,https://www.daraz.com.bd/products/-i363699653.html,2026-08-28T04:13:41
686,2,Men's Formal Shoe Premium Quality Gorgeous Design,Fashion,https://www.daraz.com.bd/products/-i1573349460.html,2026-08-28T04:13:41
687,2,"WALTON PRELUDE N41 Elegant Black 14"" FHD Display Celeron N4120 8GB RAM 256GB SSD Metal Case Laptop with 2-Year Warranty",Computing,https://www.daraz.com.bd/products/-i530469265.html,2026-08-28T04:14:01
688,2,"HP EliteBook x360 1040 G8 (Refurbished) – 14"" FHD Display, Intel Core i5 11th Gen, 32GB RAM, 512GB SSD",Computing,https://www.daraz.com.bd/products/hp-elitebook-x360-1040-g8-14-fhd-intel-core-i5-11th-gen-32gb-ram-512gb-ssd-i574311466.html,2026-08-28T04:14:01
689,2,"Lenovo LOQ 15IAX9 (83GS006LLK) 12th Gen i5-12450HX 3.1 to 4.4GHz, 16GB DDR5, 512GB SSD, RTX2050 4GB, Win 11, 15.6 Inch FHD Gaming Laptop",Computing,https://www.daraz.com.bd/products/lenovo-loq-15iax9-83gs006llk-12th-gen-i5-12450hx-31-to-44ghz-16gb-ddr5-512gb-ssd-rtx2050-4gb-win-11-156-inch-fhd-gaming-laptop-i1586844301.html,2026-08-28T04:14:01
690,2,HP Elitebook 840 G6 Intel Core i5 8th Gen 256GB SSD 8GB RAM 14″ Laptop,Computing,https://www.daraz.com.bd/products/hp-elitebook-840-g6-intel-core-i5-8th-gen-8gb-ram-256gb-ssd-14-i526654545.html,2026-08-28T04:14:01
691,2,"Proton PowerBook 540U Intel Core i5-1335U 13th Gen 8GB RAM 512GB NVMe SSD 14"" FHD Laptop | 2-Year Official Warranty | Free Delivery",Computing,https://www.daraz.com.bd/products/540u-i5-1335u-gb-ram-gb-nvme-ssd-fhd-i1586141779.html,2026-08-28T04:14:01
692,2,"Lenovo ThinkPad T14s (Refurbished) – Intel Core i5‑1145G7, 16GB LPDDR4x RAM, 512GB SSD, 14"" FHD Display",Computing,https://www.daraz.com.bd/products/lenovo-thinkpad-t14s-intel-core-i5-1145g7-16gb-lpddr4x-ram-512gb-ssd-14-fhd-i574318151.html,2026-08-28T04:14:01
693,2,"MSI Katana 15 HX B14WGK | 2025 Model | 15.6″ FHD Display 144Hz Gaming Laptop ( i7-14650HX, 16GB, 512GB SSD, RTX5070 8GB )",Computing,https://www.daraz.com.bd/products/msi-15-hx-b14wgk-2025-fhd-156-hz-144-16gb-i7-14650hx-gb-ssd-rtx5070-8gb-i557083078.html,2026-08-28T04:14:01
694,2,"MSI Modern A15 AI F2HMG (9S7-15SK21-021) AMD Ryzen 5 220, 3.20 to 4.90GHz, 16GB RAM , 512GB SSD, 15.6 Inch FHD Laptop",Computing,https://www.daraz.com.bd/products/msi-modern-a15-ai-f2hmg-9s7-15sk21-021-amd-ryzen-5-220-320-to-490ghz-16gb-ram-512gb-ssd-156-inch-fhd-laptop-i1587136242.html,2026-08-28T04:14:01
695,2,"ASUS TUF Gaming A15 FA507NV | 2024 Model | 15.6” FHD 144Hz Display Gaming Laptop ( R7-7435HS, 16GB, 512GB SSD, RTX 4060 8GB )",Computing,https://www.daraz.com.bd/products/asus-tuf-a15-fa507nv-2024-156-fhd-144hz-r7-7435hs-16gb-512gb-ssd-rtx-4060-8gb-i557072427.html,2026-08-28T04:14:01
696,2,"ASUS TUF A15 Gaming Laptop (Refurbished) – 15.6"" FHD 144Hz Display, AMD Ryzen 7 6435HS, NVIDIA GeForce RTX 2050, 8GB DDR5 RAM, 512GB PCIe SSD, Wi‑Fi 6, Windows 11",Computing,https://www.daraz.com.bd/products/asus-tuf-a15-156-fhd-144hz-amd-ryzen-7-6435hs-nvidia-geforce-rtx-2050-8gb-ddr5-ram-512gb-pcie-ssd-wi-fi-6-11-i574312410.html,2026-08-28T04:14:01
697,2,"DELL Inspiron 15 5502, Core i5 11th Gen, 15.6'' FHD Display-8GB Ram, 512GB SSD Silver Used Laptop",Computing,https://www.daraz.com.bd/products/-i568758276.html,2026-08-28T04:14:01
698,2,"HP Victus Gaming Laptop (Refurbished) – Intel Core i5 13th Gen 13420H, 16GB RAM, 512GB SSD, NVIDIA GeForce RTX 3050 6GB, 144Hz Display, Windows 11 Home",Computing,https://www.daraz.com.bd/products/hp-intel-core-i5-13th-gen-13420h-16gb-ram-512gb-ssd-nvidia-geforce-rtx-3050-6gb-144hz-windows-11-home-i574312409.html,2026-08-28T04:14:01
699,2,Lenovo IdeaPad 1i 15IJL7 Laptop Intel Celeron N4500 8GB RAM 512GB SSD 15.6 Inch HD Anti Glare Display Intel UHD Graphics WiFi 6 Bluetooth 5.2 720P Webcam Privacy Shutter Lightweight Portable Laptop for Office Study Home Use,Computing,https://www.daraz.com.bd/products/lenovo-ideapad-1i-15ijl7-laptop-intel-celeron-n4500-8gb-ram-512gb-ssd-156-inch-hd-anti-glare-display-intel-uhd-graphics-wifi-6-bluetooth-52-720p-webcam-privacy-shutter-lightweight-portable-laptop-for-office-study-home-use-i542522917.html,2026-08-28T04:14:01
700,2,"HP OMEN 15-dc0008TX (4LE28PA) Intel Core i7-8750H, 2.2GHz to 4.1GHz, 16GB RAM , 256GB SSD, GTX1050 TI 4GB GFX , Win 10, 15.6 Inch FHD Display, Refurbished Laptop",Computing,https://www.daraz.com.bd/products/hp-omen-15-dc0008tx-4le28pa-intel-core-i7-8750h-22ghz-to-41ghz-16gb-ram-256gb-ssd-gtx1050-ti-4gb-gfx-win-10-156-inch-fhd-display-refurbished-laptop-i1585715667.html,2026-08-28T04:14:01
701,2,"HP ProBook 440 G8 (Refurbished) – 14"" FHD Display, Intel Core i5 11th Gen, 16GB RAM, 256GB SSD",Computing,https://www.daraz.com.bd/products/hp-probook-440-g8-11th-gen-core-i5-16gb-ram-256gb-ssd-14-fhd-i568611610.html,2026-08-28T04:14:01
702,2,HP Elitebook X360 1040 G9 2-In-1 (UESD Laptop) | 14″ WUXGA Touch | 12th Gen Intel Core i5-1255U | 16GB | 512GB SSD | Intel Iris Xe | W11 | Silver,Computing,https://www.daraz.com.bd/products/hp-elitebook-x360-1040-g9-2-1-14-wuxga-12-i5-1255u-16gb-3-gb-ssd-intel-iris-xe-w11-i573648846.html,2026-08-28T04:14:01
703,2,"MSI Thin 15 | 2024 Model | 15.6″ FHD 144Hz Display Gaming Laptop ( i5-13420H, 16GB, 512GB SSD, RTX 4060 8GB, W11 )",Computing,https://www.daraz.com.bd/products/msi-15-2024-156-fhd-144hz-i5-13420h-16gb-512gb-ssd-rtx-4060-8gb-w11-i557057806.html,2026-08-28T04:14:01
704,2,"Asus Vivobook Go 15 L1504FA (BQ2548W) AMD Ryzen 5 7520U 2.80GHz to 4.30GHz, 16GB RAM 512GB SSD, 15.6""Inch, Win-11 FHD Display Laptop",Computing,https://www.daraz.com.bd/products/asus-asus-vivobook-go-15-l1504fa-bq2548w-amd-ryzen-5-7520u-280ghz-to-430ghz-16gb-ram-512gb-ssd-156inch-win-11-fhd-go-15-l1504fa-bq2548w-amd-5-7520u-280ghz-430ghz-16gb-ram-512gb-ssd-156-win-11-fhd-i1572536663.html,2026-08-28T04:14:01
705,2,"Lenovo LOQ Gaming Laptop 15.6"" (Refurbished) – FHD 144Hz Display, AMD Ryzen 5 7235HS, NVIDIA GeForce RTX 3050 6GB, 12GB RAM, 512GB SSD, Windows 11",Computing,https://www.daraz.com.bd/products/lenovo-loq-156-fhd-144hz-amd-ryzen-5-7235hs-nvidia-geforce-rtx-3050-6gb-12gb-ram-512gb-ssd-windows-11-i574313378.html,2026-08-28T04:14:01
706,2,"Asus Zenbook 13 (UESD Laptop) – 14"" WUXGA FHD, AMD RYZEN 7-4650, 8GB DDR4LX RAM, 256GB NVMe SSD",Computing,https://www.daraz.com.bd/products/asus-zenbook-13-uesd-14-wuxga-fhd-amd-7-4650-8gb-ddr4lx-ram-256gb-nvme-ssd-i573657034.html,2026-08-28T04:14:01
707,2,"Microsoft Surface Laptop Go Core i5 10th Gen 8GB RAM 256GB SSD 12.4"" Multi Touch Display (Refurbished)",Computing,https://www.daraz.com.bd/products/microsoft-surface-laptop-go-core-i5-10th-gen-8gb-ram-256gb-ssd-124-multi-touch-display-refurbished-i1582686097.html,2026-08-28T04:14:01
708,2,"HP 15-fd0292TU (A0MW3PA) Intel Core i5-1334U 13th Gen, 1.30 to 4.60 GHz, 8GGB SSD, Windows 11, 15.6 Inch FHD Display Moonlight Blue Laptop",Computing,https://www.daraz.com.bd/products/hp-15-fd0292tu-a0mw3pa-intel-core-i5-1334u-13th-gen-130-460-ghz-8ggb-ssd-windows-11-156-fhd-moonlight-i523105941.html,2026-08-28T04:14:01
709,2,Abiha Inspiron 15-3521 4th Gen i3 4GB RAM 500GB HDD Laptop,Computing,https://www.daraz.com.bd/products/-i568430128.html,2026-08-28T04:14:01
710,2,"HP Pavilion 14-CE3083TX (3K049PA) 10th Gen i5-1035G1 8GB DDR4, 256GB NVMe SSD, nVidia GeForce MX330 2GB DDR5 15.6 FHD Refurbished Laptop",Computing,https://www.daraz.com.bd/products/hp-pavilion-14-ce3083tx-3k049pa-10th-gen-i5-1035g1-8gb-ddr4-256gb-nvme-ssd-nvidia-geforce-mx330-2gb-ddr5-156-fhd-refurbished-laptop-i1585627240.html,2026-08-28T04:14:01
711,2,"Acer Nitro V15 || 15.6-inch FHD 165Hz Gaming Laptop ( i5-13420H, 16GB, 1TB SSD, RTX 4060 8GB, W11 )",Computing,https://www.daraz.com.bd/products/acer-nitro-v15-156-fhd-165hz-i5-13420h-16gb-1tb-ssd-rtx-4060-8gb-w11-i557079175.html,2026-08-28T04:14:01
712,2,HP Elitebook X360 1040 G9 2-In-1 (UESD Laptop) | 14″ WUXGA Touch | 12th Gen Intel Core i5-1255U | 16GB | 512GB SSD | Intel Iris Xe | W11 | Silver,Computing,https://www.daraz.com.bd/products/hp-elitebook-x360-1040-g9-2-1-uesd-14-wuxga-12th-gen-intel-core-i5-1255u-16gb-512gb-ssd-intel-iris-x-i574314326.html,2026-08-28T04:14:01
713,2,"Lenovo LOQ Gaming Laptop 15.6"" (Refurbished) – FHD 144Hz Display, AMD Ryzen 5 7235HS, NVIDIA GeForce RTX 3050 6GB, 12GB RAM, 512GB SSD, Windows 11",Computing,https://www.daraz.com.bd/products/lenovo-loq-156-fhd-144hz-ryzen-5-7235hs-12gb-512gb-ssd-rtx3050-6gb-w11-i568617713.html,2026-08-28T04:14:01
714,2,"HP 15-fc0621AU (C78HZPA) AMD Athlon Silver 7120U 2.4 to 3.5GHz, 8GB LPDDR5, 512GB SSD, Win 11, 15.6 Inch Full HD Silver Laptop",Computing,https://www.daraz.com.bd/products/hp-15-fc0621au-c78hzpa-amd-athlon-silver-7120u-24-to-35ghz-8gb-lpddr5-512gb-ssd-win-11-156-inch-full-hd-silver-laptop-i1586877034.html,2026-08-28T04:14:01
715,2,HP Elitebook 840 G6 Intel Core i5 8th Gen 512GB SSD 16GB RAM 14″ Laptop,Computing,https://www.daraz.com.bd/products/hp-elitebook-840-g6-intel-core-i5-8th-gen-512gb-ssd-16gb-ram-14-laptop-i526874077.html,2026-08-28T04:14:01
716,2,"Lenovo LOQ Gaming 9 83DV00HKLK 13th Gen Core i5 RTX 4050 6GB 15.6"" FHD 144Hz 16GB RAM 512GB SSD Gaming Laptop",Computing,https://www.daraz.com.bd/products/lenovo-loq-9-83dv00hklk-13th-gen-core-i5-rtx-4050-6gb-156-fhd-144hz-16gb-ram-512gb-ssd-i537138067.html,2026-08-28T04:14:01
717,2,"Dell Latitude 3310 (Refurbished) – Intel Core i5 8th Gen, 8GB DDR4 RAM, 256GB SSD, 13.3"" Display",Computing,https://www.daraz.com.bd/products/dell-3310-intel-core-i5-8th-gen-8gb-ddr4-ram-256gb-ssd-133-i574320104.html,2026-08-28T04:14:01
718,2,"Asus Vivobook 15 F1504ZA‑NJ790 – 12th Gen Intel Core i3‑1215U, 8 GB DDR4 RAM, 512 GB SSD, Intel UHD Graphics, 15.6″ FHD IPS Display",Computing,https://www.daraz.com.bd/products/asus-15-f1504za-nj790-12th-3-1215u-8-gb-ddr4-ram-1512-gb-ssd-intel-uhd-156-fhd-ips-i537119500.html,2026-08-28T04:14:01
719,2,"Asus Zenbook 13 (UESD Laptop) – 14"" WUXGA FHD, AMD RYZEN 7-4650, 8GB DDR4LX RAM, 256GB NVMe SSD",Computing,https://www.daraz.com.bd/products/asus-zenbook-13-uesd-14-wuxga-fhd-amd-7-4650-8gb-ddr4lx-ram-256gb-nvme-ssd-i574301777.html,2026-08-28T04:14:01
720,2,"HP EliteBook 845 G8 (Refurbished) – AMD Ryzen 5 Pro 5650U, 14"" FHD Display, 16GB RAM, 256GB SSD",Computing,https://www.daraz.com.bd/products/hp-elitebook-845-g8-ryzen-5-pro-5650u-256gb-ssd-i568743678.html,2026-08-28T04:14:01
721,2,Lenovo LOQ (E) Gaming (9) (83LK004KLK) 12th Gen Core i5 12GB RAM 512GB SSD RTX 2050 Gaming Laptop,Computing,https://www.daraz.com.bd/products/lenovo-loq-e-9-83lk004klk-12th-i5-12gb-ram-512gb-ssd-rtx-2050-i536016183.html,2026-08-28T04:14:01
722,2,HP EliteBook 845 G8 AMD Ryzen 7 Pro 5850U 16gb ram 512GB SSD (Refurbished Laptops),Computing,https://www.daraz.com.bd/products/hp-elitebook-845-g8-amd-7-pro-5850u-16gb-ram-512gb-ssd-i1574443264.html,2026-08-28T04:14:01
723,2,"Microsoft Surface Laptop Go 3 Core i5 12th Gen 12.4"" QHD Multi-Touch Laptop (XKQ-00006) (Refurbished Laptops)",Computing,https://www.daraz.com.bd/products/go-3-core-i5-12th-gen-124-qhd-xkq-00006-i1574328965.html,2026-08-28T04:14:01
724,2,Walton TAMARIND EX311G Pro Intel® Core™ i3-1115G4 processor 14 INCH FHD MATTE LED BACKLIT DISPLAY WITH 45% NTSC 8GB RAM 512GB SSD LAPTOP,Computing,https://www.daraz.com.bd/products/walton-tamarind-ex311g-i3-1115g4-14-fhd-led-45-ntsc-8gb-ram-512gb-ssd-i534619442.html,2026-08-28T04:14:01
725,2,"DELL Latitude 3190, Intel Pentium N5000, 2 in 1 Used Laptop-8GB Ram, 128GB SSD",Computing,https://www.daraz.com.bd/products/dell-latitude-3190-intel-pentium-n5000-2-in-1-used-laptop-8gb-ram-128gb-ssd-i569238903.html,2026-08-28T04:14:01
726,2,"Lenovo LOQ 15IAX9 (83GS006LLK) 12th Gen i5-12450HX 3.1 to 4.4GHz, 16GB DDR5, 512GB SSD, RTX2050 4GB, Win 11, 15.6 Inch FHD Gaming Laptop",Computing,https://www.daraz.com.bd/products/lenovo-loq-15iax9-83gs006llk-12th-gen-i5-12450hx-31-to-44ghz-16gb-ddr5-512gb-ssd-rtx2050-4gb-win-11-156-inch-fhd-gaming-laptop-i523506479.html,2026-08-28T04:14:01
727,3,Thermal Ice Box Assorted -25 L,Unclassified,https://othoba.com/thermal-ice-box-25-l-5,2026-08-28T04:15:03
728,3,Sera Water Tank 500L Black,Grocery,https://othoba.com/sera-water-tank-500l-black-89271,2026-08-28T04:15:03
729,3,36Pcs Dinner Set-Opal flora,Home & Kitchen,https://othoba.com/36pcs-dinner-set-opal-flora-735207,2026-08-28T04:15:03
730,3,PRAN Minicate Rice 5kg,Grocery,https://othoba.com/pran-minicate-rice-5kg-3500000004,2026-08-28T04:15:03
731,3,Fresh Fortified Soyebean Oil - 5ltr 4 Pcs Bundle,Grocery,https://othoba.com/fresh-fortified-soyebean-oil-5ltr-4-pcs-bundle,2026-08-28T04:15:03
732,3,Refrigerator Storage Box 6 Grid Food Vegetable Fruit Storage Box Fridge Organizer -The Asia Express - White,Grocery,https://othoba.com/refrigerator-storage-box-6-grid-food-vegetable-fruit-storage-box-fridge-organizer-the-asia-express-white-the-asia-express-925173,2026-08-28T04:15:03
733,3,Haier 1.6 Ton AntirustCool Inverter Pro Split Air Conditioner [HSU-19 AntirustCool(INV)(Pro)],Unclassified,https://othoba.com/haier-16-ton-antirustcool-inverter-pro-split-air-conditioner-hsu-19-antirustcoolinvpro-nue-official-home-appliance-729894,2026-08-28T04:15:03
734,3,Click Rechargeable Table Fan 12'' Blue With USB Charger,Mobile & Audio,https://othoba.com/click-rechargeable-table-fan-12-blue-with-usb-charger-268464,2026-08-28T04:15:03
735,3,VISION Infrared Cooker 40A3 HiLife,Unclassified,https://othoba.com/vision-infrared-cooker-40a3-hilife-276821,2026-08-28T04:15:03
736,3,Vision Induction Cooker VSN-XI-211,Unclassified,https://othoba.com/vision-induction-cooker-vsn-xi-211-276809,2026-08-28T04:15:03
737,3,RAY Liquid Detergent 1000ml,Unclassified,https://othoba.com/ray-liquid-detergent,2026-08-28T04:15:03
738,3,32 Pcs H&S Opal Glass Dinnerware. - 32 Pcs - White,Home & Kitchen,https://othoba.com/32-pcs-hs-opal-glass-dinnerware-32-pcs-white-dhaka-crockeries-point-739211,2026-08-28T04:15:03
739,3,RYDO Blaze-White Electric Scooter,Unclassified,https://othoba.com/rydo-blaze-sy-xj-white-electric-scooter,2026-08-28T04:15:03
740,3,"Tecno Spark GO 3 4GB RAM 64GB ROM, Multicolor (Best Price)",Computing,https://othoba.com/tecno-spark-go-3-4gb-ram-64gb-rom-multicolor-best-price-tecno-755253,2026-08-28T04:15:03
741,3,AndorMahal Melamine TV Table Entertainment Unit Display Storage Cabinet- (2ft by 3ft by 1ft),Unclassified,https://othoba.com/andormahal-melamine-tv-table-entertainment-unit-display-storage-cabinet-2ft-by-3ft-by-1ft-andormahal-711034,2026-08-28T04:15:03
742,3,Almarais Creamy Taste Spreadable Cream Cheese 200gm,Personal Care,https://othoba.com/almarais-creamy-taste-spreadable-cream-cheese-200gm-trust-basket-725825,2026-08-28T04:15:03
743,3,রান্নাঘর কম্বো,Unclassified,https://othoba.com/%E0%A6%B0%E0%A6%A8%E0%A6%A8%E0%A6%98%E0%A6%B0-%E0%A6%95%E0%A6%AE%E0%A6%AC,2026-08-28T04:15:03
744,3,WHIRLPOOL 30 Liter Microwave Oven Magicook Zero Oil Elite Convection Black Mirror,Grocery,https://othoba.com/whirlpool-30-liter-microwave-oven-magicook-zero-oil-elite-convection-black-mirror-meem-electronics-699364,2026-08-28T04:15:03
745,3,HISENSE 1.5 Ton Split Inverter Air Conditioner (AS-18TW4RGSKB02DU),Unclassified,https://othoba.com/hisense-15-ton-split-inverter-air-conditioner-with-self-clean-as-18tw4rgskb02du,2026-08-28T04:15:03
746,3,Avro Premium Men's High Quality Long Wallet For Men Soft PU Leather Long Money Bag For Men Elegant And Comfortable Stylish Export Quality Moneybag For Man PU Leather Long Wallet Fashion Vintage Wallet Casual Male Wallet Multi-Card Slot Long Purse For Man,Fashion,https://othoba.com/avro-premium-mens-high-quality-long-wallet-for-men-soft-pu-leather-long-money-bag-for-men-elegant-and-comfortable-stylish-export-quality-moneybag-for-man-pu-leather-long-wallet-fashion-vintage-wallet-,2026-08-28T04:15:03
747,3,Bata Digital Gift Card 1000Tk,Unclassified,https://othoba.com/bata-digital-gift-card-1000tk-bata-shoe-company-bangladesh-ltd-693033,2026-08-28T04:15:03
748,3,Bajaj 2W Engine Oil 1L.,Grocery,https://othoba.com/bajaj-2w-engine-oil-1l-runner-trade-park-limited-586917,2026-08-28T04:15:03
749,3,Beanies Cinnamon Hazelnut-50gm,Unclassified,https://othoba.com/beanies-cinnamon-hazelnut-50gm-gulshan-grocery-food-zone-856803,2026-08-28T04:15:03
750,3,AKASH HD Connection with 6 Months Package + 1 Months Free (Total 7 Months Subscription) – Free Installation & Delivery – 60+ HD Channels,Unclassified,https://othoba.com/akash-hd-connection-with-6-months-package-1-months-free-total-7-months-subscription-free-installation-delivery-60-hd-channels,2026-08-28T04:15:03
751,3,LUYUAN MOK Electric Bike - 95km Mileage | 45km/h Speed | BRTA Approved | 24 Months Warranty (GREEN),Unclassified,https://othoba.com/luyuan-mok-electric-bike-95km-mileage-45kmh-speed-brta-approved-24-months-warranty-green-dx-new-energy-760182,2026-08-28T04:15:03
752,3,Hoco ES64 Wireless Bluetooth Sports Neckband Earphone,Mobile & Audio,https://othoba.com/hoco-es64-wireless-bluetooth-sports-neckband-earphone-genten-513352,2026-08-28T04:15:03
753,3,M10 TWS Bluetooth Earphones With Microphone HiFi Stereo Touch Wireless Earbuds and Mic With 2000mAh Mini Power Bank Charging Box,Mobile & Audio,https://othoba.com/m10-tws-bluetooth-earphones-with-microphone-hifi-stereo-touch-wireless-earbuds-and-mic-with-2000mah-mini-power-bank-charging-box-gadgetology-449078,2026-08-28T04:15:03
754,3,Uiisii C100 Super Bass Stereo In Ear Headphone,Mobile & Audio,https://othoba.com/uiisii-c100-super-bass-stereo-in-ear-headphone-gadgetology-449211,2026-08-28T04:15:03
755,3,VISION Glass Door Refrigerator RE-330 Liter Water Dispensar Black Bottom Mount,Grocery,https://othoba.com/vision-glass-door-refrigerator-re-330-liter-water-dispensar-black-bottom-mount,2026-08-28T04:15:03
756,3,Vision AC 1 Ton Hot And Cool & WiFi Inverter - VSN-12K-HCWiFi-INV410 4D Ultra,Unclassified,https://othoba.com/vision-ac-1-ton-hot-and-cool-wifi-inverter-vsn-12k-hcwifi-inv410-4d-ultra-2,2026-08-28T04:15:03
757,3,VISION Infrared Cooker VSN-40A4-Eco,Unclassified,https://othoba.com/vision-infrared-cooker-vsn-40a4-eco-276827,2026-08-28T04:15:03
758,3,VISION 1200W Kitchen Master 4 In 1 Mixer Grinder (VIS-SBL-023) Multi Color,Unclassified,https://othoba.com/vision-1200w-kitchen-master-4-in-1-mixer-grinder-vis-sbl-023-multi-color,2026-08-28T04:15:03
759,3,Savlon Hand Wash Lavender 1000ml + 50ml Extra (Buy 1 get 170ml Lavender Free),Unclassified,https://othoba.com/savlon-handwash-lavender-1050ml-advanced-chemical-industries-plc-817207,2026-08-28T04:15:03
760,3,Haier 1.6 Ton UVCool Inverter Pro DC Inverter Split Type Air Conditioner [HSU-19UVCool(INV)(Pro)],Unclassified,https://othoba.com/haier-16-ton-uvcool-inverter-pro-dc-inverter-split-type-air-conditioner-hsu-19uvcoolinvpro-nue-official-home-appliance-729895,2026-08-28T04:15:03
761,3,Savlon Hand Wash Ocean Blue 1 Liter New,Unclassified,https://othoba.com/savlon-handwash-ocean-blue-1-liter-advanced-chemical-industries-plc-817194,2026-08-28T04:15:03
762,3,Savlon Liquid Detergent 1000ml,Unclassified,https://othoba.com/savlon-liquid-detergent-1-l-advanced-chemical-industries-plc-817234,2026-08-28T04:15:03
763,3,1pcs Portable Scale Digital LCD Display 110lb/50kg Electronic Luggage Hanging Suitcase Travel Weighs Baggage Bag Weight Balance - NF Surgical,Fashion,https://othoba.com/1pcs-portable-scale-digital-lcd-display-110lb50kg-electronic-luggage-hanging-suitcase-travel-weighs-baggage-bag-weight-balance-nf-surgical-240853,2026-08-28T04:15:03
764,3,Angelic AF Wild Lavender,Unclassified,https://othoba.com/angelic-air-freshener-wild-lavender-300ml-advanced-chemical-industries-plc-817244,2026-08-28T04:15:03
765,3,Harpic Toilet & Bathroom Cleaner Manikjor Offer 1.25 ltr,Grocery,https://othoba.com/harpic-toilet-bathroom-cleaner-manikjor-offer-125-ltr-reckitt-823587,2026-08-28T04:15:03
766,3,VISION RO Hot and Cold Water Purifier With Automatic Heating & Cooling System,Grocery,https://othoba.com/vision-ro-hot-and-cold-water-purifier-with-automatic-heating-coolingsystem,2026-08-28T04:15:03
767,3,Trionda - World Cup 2026 Match Football - Premium Size 5 Training & Match Ball - Rud Fit - World Cup 2026 Official Match Ball,Unclassified,https://othoba.com/trionda-world-cup-2026-match-football-premium-size-5-training-match-ball-rud-fit-world-cup-2026-official-match-ball,2026-08-28T04:15:03
768,3,RFL Built In Ceramic Gas Stoves/HOB - BH 21GN (Line Gas),Unclassified,https://othoba.com/rfl-built-in-marble-gas-stoveshob-bh-21gn-line-gas-2,2026-08-28T04:15:03
769,3,RFL Cooker Hood Julia 5 Layer SS Body with Touch Control 36 Inch,Unclassified,https://othoba.com/rfl-cooker-hood-julia-5-layer-ss-body-with-touch-control-36-inch,2026-08-28T04:15:03
770,3,Vision Rice Cooker- 2.8 L 1000W REL-Prime(Double Pot) Red with Built-in thermostat maintaining heat at a precise and uniform level.,Grocery,https://othoba.com/vision-rc-28-l-rel-primedouble-pot-red-tha-electronics-546782,2026-08-28T04:15:03
771,3,"Table Fan, Desktop Fan, 12 Volt DC Battery Operated Fan, Model Dabai",Unclassified,https://othoba.com/table-fan-desktop-fan-12-volt-dc-battery-operated-fan-model-dabai-anik-telecom-ltd-551177,2026-08-28T04:15:03
772,3,RFL Kitchen Sink (POPULAR) 20”x17”,Unclassified,https://othoba.com/rfl-kitchen-sink-popular-20x17-4,2026-08-28T04:15:03
773,3,Seal clip with pouring lid,Unclassified,https://othoba.com/seal-clip-with-pouring-lid-anaya-enterprise-885563,2026-08-28T04:15:03
774,3,New 1pcs Random colour Food Bag Sealing Clips Seal Striping with Discharge Nozzle Sealing Clamps Seasoning Bag Seal - Tools,Grocery,https://othoba.com/new-1pcs-random-colour-food-bag-sealing-clips-seal-striping-with-discharge-nozzle-sealing-clamps-seasoning-bag-seal-tools-wholesale-shopping-727060,2026-08-28T04:15:03
775,3,"Philips NA231/00 Series, 1700W Digital XL Air Fryer, Rapid Air Circulation Cooks Evenly | 6.2 Liter (2 Year Official Warranty)",Unclassified,https://othoba.com/philips-na23100-series-1700w-digital-xl-air-fryer-rapid-air-circulation-cooks-evenly-62-liter-2-year-official-warranty,2026-08-28T04:15:03
776,3,Kitchen Oil Stain Cleaner Spray | Heavy Grease Remover Foam | Range Hood & Stove Cleaner,Grocery,https://othoba.com/kitchen-oil-stain-cleaner-spray-heavy-grease-remover-foam-range-hood-stove-cleaner-easy-online-mart-818957,2026-08-28T04:15:03
777,3,Jim & Jolly Rock Rider Tricycle With Backrest 3Y Pink,Unclassified,https://othoba.com/jim-jolly-rock-rider-tricycle-with-backrest-3y-pink-2,2026-08-28T04:15:03
778,3,"RFL DEEP CRAFTED KITCHEN SINK DELIGHT 32""x18""",Unclassified,https://othoba.com/rfl-deep-crafted-kitchen-sink-delight-32x18,2026-08-28T04:15:03
779,3,Roto Slider 02,Unclassified,https://othoba.com/roto-slider-02-285038,2026-08-28T04:15:03
780,3,skinO Acne + Spot Treatment Serum - 30ml to all skin type,Unclassified,https://othoba.com/skino-acne-spot-treatment-serum-30ml-to-all-skin-type-the-beauty-science-598020,2026-08-28T04:15:56
781,3,Razor - Venus Hair Removal Razor for Women with Aloe Vera - Single Piece Razor,Unclassified,https://othoba.com/razor-venus-hair-removal-razor-for-women-with-aloe-vera-single-piece-razor-beauty-cosmetics-bd-591894,2026-08-28T04:15:56
782,3,Matrix Opti Care Smooth Straight Shea Butter Shampoo 200Ml - Shampoo,Personal Care,https://othoba.com/matrix-opti-care-smooth-straight-shea-butter-shampoo-200ml-shampoo-beauty-cosmetics-bd-494235,2026-08-28T04:15:56
783,3,Guerniss Alpha-Arbutin Whitening Toner 100ml,Unclassified,https://othoba.com/guerniss-alpha-arbutin-whitening-toner-100ml-guerniss-716894,2026-08-28T04:15:56
784,3,Palmer's Cocoa Butter Formula Massage Cream for Stretch Marks 125g,Personal Care,https://othoba.com/palmers-cocoa-butter-formula-massage-cream-for-stretch-marks-125g-beauty-cosmetics-bd-494162,2026-08-28T04:15:56
785,3,International Malaysian product Hair care item follow me Hijab Micellar hair fall solution shampoo - 650 ml,Personal Care,https://othoba.com/international-malaysian-product-hair-care-item-follow-me-hijab-micellar-hair-fall-solution-shampoo-650ml-anghorag-544280,2026-08-28T04:15:56
786,3,"Fogg Perfume Scent Czar, Prince, Sultan & Tycoon Scent 30ml x 4 Perfume Body Spray - For Men & Women (120 ml, Pack of 4)",Personal Care,https://othoba.com/fogg-perfume-scent-czar-prince-sultan-tycoon-scent-30ml-x-4-perfume-body-spray-for-men-women-120-ml-pack-of-4-royal-mart-708787,2026-08-28T04:15:56
787,3,Layer Wottagirl! body spray perfume Mystic island 135ml (Indian),Personal Care,https://othoba.com/layer-wottagirl-body-spray-perfume-mystic-island-135ml-indian-beauty-cosmetics-bd-494216,2026-08-28T04:15:56
788,3,Anua Heartleaf Pore Clay Pack 100ml,Unclassified,https://othoba.com/anua-heartleaf-pore-clay-pack-100ml-maymuna-beauty-shop-682431,2026-08-28T04:15:56
789,3,Guerniss Eyeink Liquid Eyeliner,Unclassified,https://othoba.com/guerniss-eyeink-liquid-eyeliner-guerniss-549870,2026-08-28T04:15:56
790,3,Oral Fresh Spray Mouth Freshener-20ml (PEACH),Personal Care,https://othoba.com/oral-fresh-spray-mouth-freshener-20ml-peach-beauty-glazed-526088,2026-08-28T04:15:56
791,3,BIOAQUA 8 Piece/Set Plant Fruit Mask Hydrating Moisturizing Skin Color Skin Facial -25 G/Each.,Unclassified,https://othoba.com/bioaqua-8-pieceset-plant-fruit-mask-hydrating-moisturizing-skin-color-skin-facial-25-geach-glow-haven-beauty-international-563293,2026-08-28T04:15:56
792,3,"Victoria's Secret Love Addict Fragrance Mist,250ml",Unclassified,https://othoba.com/victorias-secret-love-addict-fragrance-mist250ml-beauty-cosmetics-bd-494153,2026-08-28T04:15:56
793,3,Celimax The Vita-A Retinal Shot Tightening Booster 15ml - Climax Retinal shot moisturiser cream,Personal Care,https://othoba.com/celimax-the-vita-a-retinal-shot-tightening-booster-15ml-climax-retinal-shot-moisturiser-cream-maymuna-beauty-shop-682439,2026-08-28T04:15:56
794,3,"MATRIX Opti.Care Professional ANTI-FRIZZ Kit | For Salon Smooth, Straight hair | with Shea Butter | Shampoo 200ml + Conditioner 98g + Hair Serum 100ml+Matrix Hair mask 490g.",Personal Care,https://othoba.com/matrix-opticare-professional-anti-frizz-kit-for-salon-smooth-straight-hair-with-shea-butter-shampoo-200ml-conditioner-98g-hair-serum-100mlmatrix-hair-mask-490g-beauty-cosmetics-bd-591887,2026-08-28T04:15:56
795,3,"LAYER'R Wottagirl Body Splash Combo for women Pack of 3 Vanilla Twist, Mystic Island, Secret Crush (135×3=405ml)",Home & Kitchen,https://othoba.com/layerr-wottagirl-body-splash-combo-for-women-pack-of-3-vanilla-twist-mystic-island-secret-crush-1353405ml-beauty-cosmetics-bd-494222,2026-08-28T04:15:56
796,3,Skino Hydration Boost Gel Moisturizer with Hyaluronic Acid & Panthenol 70ml,Fashion,https://othoba.com/skino-hydration-boost-gel-moisturizer-with-hyaluronic-acid-panthenol-70ml-the-beauty-science-598041,2026-08-28T04:15:56
797,3,Streax Glossy Serum Shine Shampoo 240 ml,Personal Care,https://othoba.com/streax-glossy-serum-shine-shampoo-240-ml,2026-08-28T04:15:56
798,3,Guerniss Makeup Remover Puff - Black,Unclassified,https://othoba.com/guerniss-makeup-remover-puff-black,2026-08-28T04:15:56
799,3,Laikou Japan Sakura Skincare Set – 5 Pcs,Home & Kitchen,https://othoba.com/laikou-japan-sakura-skincare-set-5-pcs,2026-08-28T04:15:56
800,3,KSECRET SEOUL 1988 Serum Retinal Liposome 2% + Black Ginseng 30ml - K secret Face Serum,Unclassified,https://othoba.com/ksecret-seoul-1988-serum-retinal-liposome-2-black-ginseng-30ml-k-secret-face-serum-maymuna-beauty-shop-682430,2026-08-28T04:15:56
801,3,skinO Strawberry Scented Shower Gel - 220ml to all skin type,Unclassified,https://othoba.com/skino-strawberry-scented-shower-gel-220ml-to-allskintype-the-beauty-science-598026,2026-08-28T04:15:56
802,3,"Matrix Opticare Smooth Straight Hair Serum,100 ml",Unclassified,https://othoba.com/matrix-opticare-smooth-straight-hair-serum100-ml-beauty-cosmetics-bd-494239,2026-08-28T04:15:56
803,3,Lady Eyebrow Folding 3Pcs Shaver Shaper Razors Set - Facial Razor,Unclassified,https://othoba.com/lady-eyebrow-folding-3pcs-shaver-shaper-razors-set-facial-razor-beauty-glazed-525028,2026-08-28T04:15:56
804,3,Parachute (Anti dandruff) Coconut Hair Cream 140ml,Personal Care,https://othoba.com/parachute-anti-dandruff-coconut-hair-cream-140ml,2026-08-28T04:15:56
805,3,skinO Advanced Brightening Serum - 30ml to all skin type,Unclassified,https://othoba.com/skino-advanced-brightening-serum-30ml-to-allskintype-the-beauty-science-598032,2026-08-28T04:15:56
806,3,Revive Perfect Fairness Talc.Powder 100gm,Grocery,https://othoba.com/revive-perfect-fairness-talcpowder-100gm-6000000532,2026-08-28T04:15:56
807,3,Guerniss lip Liner 08,Unclassified,https://othoba.com/guerniss-lip-liner-08-guerniss-616816,2026-08-28T04:15:56
808,3,Dove Shampoo Nourishing Oil Care 330ml,Grocery,https://othoba.com/dove-shampoo-nourishing-oil-care-330ml-6000000135,2026-08-28T04:15:56
809,3,Clear Shampoo Complete Active Care 330ml,Personal Care,https://othoba.com/clear-shampoo-complete-active-care-375ml-6000001068,2026-08-28T04:15:56
810,3,Guerniss Lip Serum Oil (Cherry Crush),Grocery,https://othoba.com/guerniss-lip-serum-oil-cherry-crush-guerniss-662635,2026-08-28T04:15:56
811,3,Full Cover Matte Foundation 30ml - Tan 7.0,Unclassified,https://othoba.com/full-cover-matte-foundation-30ml-tan-70-guerniss-549860,2026-08-28T04:15:56
812,3,Ponds Dream flower Fragrant Talc Powder 100gm,Grocery,https://othoba.com/ponds-dream-flower-fragrant-talc-powder-100gm-6000000648,2026-08-28T04:15:56
813,3,Meril Lip Balm 4.8 gm,Unclassified,https://othoba.com/meril-lip-balm-48-gm-6000000424,2026-08-28T04:15:56
814,3,Meril Fruity Chap Stick 4.20gm,Unclassified,https://othoba.com/meril-fruity-chap-stick-420gm-6000000659,2026-08-28T04:15:56
815,3,Kaveri Henna Cone India,Unclassified,https://othoba.com/kaveri-henna-cone-india,2026-08-28T04:15:56
816,3,Sunsilk Long & Healthy Growth Shampoo 350ml,Personal Care,https://othoba.com/sunsilk-long-healthy-growth-shampoo-350ml,2026-08-28T04:15:56
817,3,Sunsilk N.R Hijab Anti- Dandruff Shampoo 350ml,Personal Care,https://othoba.com/sunsilk-nr-hijab-anti-dandruff-shampoo-350ml,2026-08-28T04:15:56
818,3,Sunsilk N.R Hijab Anti-Break Shampoo 350ml,Personal Care,https://othoba.com/sunsilk-nr-hijab-anti-break-shampoo-350ml,2026-08-28T04:15:56
819,3,Sunsilk N.R Hijab Refresh Shampoo 340ml,Personal Care,https://othoba.com/sunsilk-nr-hijab-refresh-shampoo-350ml,2026-08-28T04:15:56
820,5,Blue Lady ED Parfum 40ml,Unclassified,https://www.shwapno.com/blue-lady-ed-parfum-40ml-2,2026-08-28T04:17:10
821,5,NIVEA Deodorant Fresh Active Men 150ml,Personal Care,https://www.shwapno.com/nivea-deodorant-fresh-active-men-150ml-2,2026-08-28T04:17:10
822,5,Havoc Deodorant Spray 200ml,Personal Care,https://www.shwapno.com/havoc-deodorant-spray-200ml-2,2026-08-28T04:17:10
823,5,Fogg Body Spray Napoleon 120ml,Unclassified,https://www.shwapno.com/fogg-body-spray-napoleon-120ml-2,2026-08-28T04:17:10
824,5,Adidas Pure Game Deo Body Spray 150ml,Unclassified,https://www.shwapno.com/adidas-pure-game-deo-body-spray-150-ml-2,2026-08-28T04:17:10
825,5,Layer Shot Game Body Spray 135ml,Unclassified,https://www.shwapno.com/layer-shot-game-body-spray-135ml-2,2026-08-28T04:17:10
826,5,He Passion Body Perfume 120ml,Personal Care,https://www.shwapno.com/he-passion-body-perfume-120ml,2026-08-28T04:17:10
827,5,Livon Silk & Shine Hair Serum 20(±)2ml,Unclassified,https://www.shwapno.com/livon-silk-shine-hair-serum-20-2ml,2026-08-28T04:17:10
828,5,Garnier Color Naturals Shade 5.32 Caramel Brown 70ml+60gm,Unclassified,https://www.shwapno.com/garnier-hair-color-caramel-brown-shade-5-32-70ml60g,2026-08-28T04:17:10
829,5,Garnier Color Naturals 3 Darkest Brown 70ml+60gm,Unclassified,https://www.shwapno.com/garnier-color-natural-3-darkest-brown-70ml60g,2026-08-28T04:17:10
830,5,Garnier Color Naturals 4 Brown 70ml+60gm,Unclassified,https://www.shwapno.com/garnier-color-natural-4-brown-70ml60g,2026-08-28T04:17:10
831,5,Parachute Coconut Oil 475(±)25ml,Grocery,https://www.shwapno.com/parachute-coconut-oil-500ml-2,2026-08-28T04:17:10
832,5,Parachute Advansed Beliphool Coconut Hair Oil 400ml,Grocery,https://www.shwapno.com/parachute-beliphool-coconut-hair-oil-400ml,2026-08-28T04:17:10
833,5,Parachute Advansed Extra Care Hair Oil 300ml,Grocery,https://www.shwapno.com/parachute-advansed-extra-care-hair-oil-300ml-2,2026-08-28T04:17:10
834,5,Parachute Coconut Oil 335(±)15ml,Grocery,https://www.shwapno.com/parachute-coconut-oil-34010ml-2,2026-08-28T04:17:10
835,5,Parachute Beli Lite 300ml,Unclassified,https://www.shwapno.com/parachute-beli-lite-300ml-2,2026-08-28T04:17:10
836,5,Parachute Advansed Onion Hair Growth Oil 200ml,Grocery,https://www.shwapno.com/parachute-advansed-onion-hair-growth-oil-200ml,2026-08-28T04:17:10
837,5,Parachute Advansed Hair Coconut Oil 300(±)25ml,Grocery,https://www.shwapno.com/parachute-advansed-hair-coconut-oil-30025ml-2,2026-08-28T04:17:10
838,5,Parachute Aloe Vera Coconut Hair Oil 150 ml,Grocery,https://www.shwapno.com/parachute-aloe-vera-coconut-hair-oil-150-ml,2026-08-28T04:17:10
839,5,Parachute Advanced Extra Care Hair Oil 150ml,Grocery,https://www.shwapno.com/parachute-advanced-extra-care-hair-oil-150ml-2,2026-08-28T04:17:10
840,5,Parachute Coconut Oil 190(±)10ml,Grocery,https://www.shwapno.com/parachute-coconut-oil-190-10ml-2,2026-08-28T04:17:10
841,5,Parachute Coconut Oil 95(±)5ml,Grocery,https://www.shwapno.com/parachute-coconut-oil-955ml-2,2026-08-28T04:17:10
842,5,Dabur Vatika Enriched Coconut Hair Oil 300ml,Grocery,https://www.shwapno.com/vatika-enriched-coconut-hair-oil-300-ml-2,2026-08-28T04:17:10
843,5,Dabur Vatika Enriched Coconut Hair Oil 150ml,Grocery,https://www.shwapno.com/vatika-enriched-coconut-hair-oil-150-ml-2,2026-08-28T04:17:10
844,5,Jui Pure Coconut Oil 340(±)10ml (Plastic Bottle),Grocery,https://www.shwapno.com/jui-coconut-oil-34010ml-plastic,2026-08-28T04:17:10
845,5,Jui Pure Coconut Oil 350(±)50ml (Tin),Grocery,https://www.shwapno.com/jui-coconut-oil-40050ml-tin,2026-08-28T04:17:10
846,5,Jui Haircare Oil 200ml,Grocery,https://www.shwapno.com/jui-haircare-oil-200ml,2026-08-28T04:17:10
847,5,Jui Pure Coconut Oil 200(±)50ml (Tin),Grocery,https://www.shwapno.com/jui-coconut-oil-20050ml-tin,2026-08-28T04:17:10
848,5,Dabur Amla Hair Oil 300ml,Grocery,https://www.shwapno.com/dabur-amla-hair-oil-300ml-2,2026-08-28T04:17:10
849,5,Dabur Methi Amla 200ml,Unclassified,https://www.shwapno.com/dabur-methi-amla-200ml-2,2026-08-28T04:17:10
850,5,Red King Men's Cooling Oil 200ml,Grocery,https://www.shwapno.com/red-king-mens-cooling-oil-200ml-2,2026-08-28T04:17:10
851,5,Red King Men's Cooling Oil 100ml,Grocery,https://www.shwapno.com/red-king-mens-cooling-oil-100ml-2,2026-08-28T04:17:10
852,5,Maya All Natural Hair & Scalp Oil 100ml,Grocery,https://www.shwapno.com/maya-all-natural-hair-scalp-oil-100-ml,2026-08-28T04:17:10
853,5,Godrej Extra Rich Creme Natural Black Aloe Vera 12gm+12ml,Unclassified,https://www.shwapno.com/godrej-extra-rich-creme-natural-black-aloe-vera-12gm12ml,2026-08-28T04:17:10
854,5,Flormar Face Compact Powder Wet & Dry,Grocery,https://www.shwapno.com/flormar-face-compact-powder-wet-and-dry-2,2026-08-28T04:17:10
855,5,Flormar Face Compact Powder,Grocery,https://www.shwapno.com/flormar-face-compact-powder-2,2026-08-28T04:17:10
856,5,Flormar Silk Matte Lipstick 4.5ml,Unclassified,https://www.shwapno.com/flormar-silk-matte-lipstick-4-5ml,2026-08-28T04:17:10
857,5,Flormar Ultra Black Eyeliner All Flavor,Unclassified,https://www.shwapno.com/flormar-ultra-black-eyeliner-all-flavor-2,2026-08-28T04:17:10
858,5,Flormar Full Color Nail Enamel 8ml,Unclassified,https://www.shwapno.com/flormar-full-color-nail-enamel-8ml-2,2026-08-28T04:17:10
859,5,Golden Rose Fluid Foundation SPF15 34gm,Unclassified,https://www.shwapno.com/golden-rose-fluid-foundation-spf15-34gm-2,2026-08-28T04:17:10
860,5,Golden Rose CC Cream Color Correcting Primer 30ml,Personal Care,https://www.shwapno.com/golden-rose-cc-cream-color-correcting-primer-30ml,2026-08-28T04:17:10
861,5,Golden Rose Pressed Powder 12.7gm,Grocery,https://www.shwapno.com/golden-rose-pressed-powder-12-7gm-2,2026-08-28T04:17:10
862,5,Golden Rose Longstay Liquid Matte Lipstick 5.5ml,Unclassified,https://www.shwapno.com/golden-rose-longstay-liquid-matte-lipstick-5-5ml,2026-08-28T04:17:10
863,5,Golden Rose Silky Touch Compact Powder 12gm,Grocery,https://www.shwapno.com/golden-rose-silky-touch-compact-powder-12gm-2,2026-08-28T04:17:10
864,5,Golden Rose Velvet Matte Lipstick 4.2gm,Unclassified,https://www.shwapno.com/golden-rose-velvet-matte-lipstick-4-2gm-2,2026-08-28T04:17:10
865,5,Golden Rose Lipstick Vitamin-E 4.2gm,Unclassified,https://www.shwapno.com/golden-rose-lipstick-vitamin-e-4-2gm-2,2026-08-28T04:17:10
866,5,Golden Rose Fruit Rollon Lip Gloss,Unclassified,https://www.shwapno.com/golden-rose-fruit-rollon-lip-gloss-2,2026-08-28T04:17:10
867,5,NIOR Lip Color 1.4gm DE All Color,Unclassified,https://www.shwapno.com/nior-lip-color-all-color-1-4gm-germany,2026-08-28T04:17:10
868,5,NIOR Lip Stick 2.8gm DE All Color,Unclassified,https://www.shwapno.com/nior-lip-stick-all-color-2-8gm-germany,2026-08-28T04:17:10
869,5,Meril Nail Polish Remover 40ml,Unclassified,https://www.shwapno.com/meril-nail-polish-remover-40-ml-2,2026-08-28T04:17:10
870,6,Kaloc KLC-DS160 22-40 Inch Single Monitor Arm,Computing,https://www.startech.com.bd/kaloc-klc-ds160-single-monitor-arm,2026-08-28T04:17:52
871,6,Gigasonic RDA-1707W 17 Inch LED Square Monitor,Computing,https://www.startech.com.bd/gigasonic-rda-1707w-monitor,2026-08-28T04:17:52
872,6,"Gigasonic RB-G185S-300C 18.5"" HD LED Monitor",Computing,https://www.startech.com.bd/gigasonic-rb-g185s-300c-monitor,2026-08-28T04:17:52
873,6,Gigasonic RB-G20S-400C 20 Inch HD LED Monitor,Computing,https://www.startech.com.bd/gigasonic-rb-g20s-400c-monitor,2026-08-28T04:17:52
874,6,"Gigasonic RB-G215S-400C 21.5"" FHD LED Monitor",Computing,https://www.startech.com.bd/gigasonic-rb-g215s-400c-monitor,2026-08-28T04:17:52
875,6,"Gigasonic GS-21.5FHD500S9 21.5"" 100Hz FHD IPS Gaming Monitor White",Computing,https://www.startech.com.bd/gigasonic-gs-215fhd500s9-monitor-white,2026-08-28T04:17:52
876,6,Lenovo D19-10 18.5 Inch HD HDMI VGA Monitor,Computing,https://www.startech.com.bd/lenovo-d19-10-wled-monitor,2026-08-28T04:17:52
877,6,"Walton WD215I10 21.45"" 100Hz FHD IPS Monitor",Computing,https://www.startech.com.bd/walton-wd215i10-100hz-monitor,2026-08-28T04:17:52
878,6,"Smart SM2225U 21.5"" 100Hz FHD Monitor",Computing,https://www.startech.com.bd/smart-sm2225u-monitor,2026-08-28T04:17:52
879,6,"Walton WD215I10 21.45"" 120Hz FHD IPS Monitor",Computing,https://www.startech.com.bd/walton-wd215i10-120hz-monitor,2026-08-28T04:17:52
880,6,"Philips 22E1N1100 21.5"" 120Hz FHD WLED Monitor",Computing,https://www.startech.com.bd/philips-22e1n1100-monitor,2026-08-28T04:17:52
881,6,"Eurovision EV-GT2200-F 21.45"" 100Hz FHD IPS Monitor",Computing,https://www.startech.com.bd/eurovision-ev-gt2200-f-monitor,2026-08-28T04:17:52
882,6,"Eurovision EV-GT2200 21.45"" 100Hz FHD Monitor",Computing,https://www.startech.com.bd/eurovision-ev-gt2200-22-inch-monitor,2026-08-28T04:17:52
883,6,Acer K202Q BI 19.5 Inch HD+ Monitor,Computing,https://www.startech.com.bd/acer-k202qbi-19-5-inch-monitor,2026-08-28T04:17:52
884,6,"Walton WD215I09 21.45"" 100Hz FHD IPS Monitor",Computing,https://www.startech.com.bd/walton-wd215i09-21-45-inch-monitor,2026-08-28T04:17:52
885,6,"Philips 221V8LB 21.5"" 100Hz FHD LED Monitor",Computing,https://www.startech.com.bd/philips-221v8lb-monitor,2026-08-28T04:17:52
886,6,Lenovo D20-30 19.5 Inch HD+ HDMI VGA Monitor,Computing,https://www.startech.com.bd/lenovo-d20-30-19-5-inch-monitor,2026-08-28T04:17:52
887,6,"Eurovision EV-GT2200A-W 21.45"" 100Hz FHD IPS Monitor",Computing,https://www.startech.com.bd/eurovision-ev-gt2200a-w-monitor,2026-08-28T04:17:52
888,6,"Hikvision DS-D5022F2-CBD 21.5"" 100Hz Full HD IPS Monitor",Computing,https://www.startech.com.bd/hikvision-ds-d5022f2-cbd-monitor,2026-08-28T04:17:52
889,6,"Acer EK220Q E3bi 21.5"" 1ms 100Hz Borderless IPS FHD Monitor",Computing,https://www.startech.com.bd/acer-ek220q-e3bi-100hz-fhd-monitor,2026-08-28T04:17:52
890,6,Havit KB271 USB Exquisite Keyboard with Bangla,Computing,https://www.startech.com.bd/havit-kb271-usb-exquisite-keyboard,2026-08-28T04:18:04
891,6,Havit KB376 USB Multimedia Keyboard,Computing,https://www.startech.com.bd/havit-kb376-usb-multimedia-keyboard,2026-08-28T04:18:04
892,6,Meetion MT-K200 Wired Keyboard with Bangla,Computing,https://www.startech.com.bd/meetion-mt-k200-wired-keyboard,2026-08-28T04:18:04
893,6,Havit KB241 USB Wired Keyboard,Computing,https://www.startech.com.bd/havit-kb241-keyboard,2026-08-28T04:18:04
894,6,Havit KB2006 Pro USB Wired Keyboard,Computing,https://www.startech.com.bd/havit-kb2006-pro-usb-keyboard,2026-08-28T04:18:04
895,6,HAVIT KB224 USB Mini Keyboard,Computing,https://www.startech.com.bd/havit-kb224-usb-mini-keyboard,2026-08-28T04:18:04
896,6,Havit KB249 Wired Keyboard with Bangla,Computing,https://www.startech.com.bd/havit-kb249-wired-keyboard,2026-08-28T04:18:04
897,6,Jedel K26 Wired Keyboard,Computing,https://www.startech.com.bd/jedel-k26-wired-keyboard,2026-08-28T04:18:04
898,6,Meetion MT-K300 Wired Keyboard with Bangla,Computing,https://www.startech.com.bd/meetion-mt-k300-wired-keyboard,2026-08-28T04:18:04
899,6,Redragon BK-7543 Keyboard with Bangla,Computing,https://www.startech.com.bd/redragon-bk-7543-keyboard-with-bangla,2026-08-28T04:18:04
900,6,IMICE AK-200 USB Wired Keyboard,Computing,https://www.startech.com.bd/imice-ak-200-keyboard,2026-08-28T04:18:04
901,6,Meetion MT-K410 Wired Ultra Thin Keyboard with Bangla,Computing,https://www.startech.com.bd/meetion-mt-k410-wired-keyboard,2026-08-28T04:18:04
902,6,Redragon BK-8345 Keyboard with Bangla,Computing,https://www.startech.com.bd/redragon-bk-8345-keyboard-with-bangla,2026-08-28T04:18:04
903,6,HAVIT KB253 USB Wired Keyboard,Computing,https://www.startech.com.bd/havit-kb253-usb-wired-keyboard,2026-08-28T04:18:04
904,6,Havit KB257 USB Wired Keyboard,Computing,https://www.startech.com.bd/havit-kb257-wired-keyboard,2026-08-28T04:18:04
905,6,Rapoo NK2600 Spill- Resistant Wired Keyboard with Bangla,Computing,https://www.startech.com.bd/rapoo-nk2600-wired-keyboard,2026-08-28T04:18:04
906,6,Logitech K120 USB Keyboard With Bangla,Computing,https://www.startech.com.bd/logitech-k120-keyboard,2026-08-28T04:18:04
907,6,A4TECH KRS-82BD Wired Multimedia Keyboard With Bangla,Computing,https://www.startech.com.bd/a4tech-krs-82bd-keyboard,2026-08-28T04:18:04
908,6,COLMI P81 Smart Watch,Fashion,https://www.startech.com.bd/colmi-p81-bluetooth-calling-smart-watch,2026-08-28T04:18:16
909,6,COLMI P73 Smart Watch,Fashion,https://www.startech.com.bd/colmi-p73-bluetooth-calling-smart-watch,2026-08-28T04:18:16
910,6,COLMI P71 Smart Watch,Fashion,https://www.startech.com.bd/colmi-p71-bluetooth-calling-smart-watch,2026-08-28T04:18:16
911,6,CHARG Digiwatch,Fashion,https://www.startech.com.bd/charg-digiwatch,2026-08-28T04:18:16
912,6,Zeblaze Btalk Plus,Unclassified,https://www.startech.com.bd/zeblaze-btalk-plus,2026-08-28T04:18:16
913,6,COLMI P76 Smart Watch,Fashion,https://www.startech.com.bd/colmi-p76-bluetooth-calling-smart-watch,2026-08-28T04:18:16
914,6,Zeblaze Btalk 2 Lite,Unclassified,https://www.startech.com.bd/zeblaze-btalk-2-lite,2026-08-28T04:18:16
915,6,Zeblaze Btalk 3 Plus,Unclassified,https://www.startech.com.bd/zeblaze-btalk-3-plus,2026-08-28T04:18:16
916,6,Awei H21 Smart Watch,Fashion,https://www.startech.com.bd/awei-h21-smartwatch,2026-08-28T04:18:16
917,6,Havit M9035 Smart Watch,Fashion,https://www.startech.com.bd/havit-m9035-smart-watch,2026-08-28T04:18:16
918,6,Remax Watch 16 Ultra 2 Letor Series,Fashion,https://www.startech.com.bd/remax-watch-16-ultra-2-smart-watch,2026-08-28T04:18:16
919,6,Remax Watch 15 Letar Series,Fashion,https://www.startech.com.bd/remax-watch-15-letar-series-smart-watch,2026-08-28T04:18:16
920,6,Awei H25 Smart Watch,Fashion,https://www.startech.com.bd/awei-h25-smartwatch,2026-08-28T04:18:16
921,6,COLMI P28 Plus Smart Watch,Fashion,https://www.startech.com.bd/colmi-p28-plus-smart-watch,2026-08-28T04:18:16
922,6,COLMI V73 Smart Watch,Fashion,https://www.startech.com.bd/colmi-v73-smart-watch,2026-08-28T04:18:16
923,6,COLMI C61 Smart Watch,Fashion,https://www.startech.com.bd/colmi-c61-smart-watch,2026-08-28T04:18:16
924,6,Zeblaze Btalk 3 Pro,Unclassified,https://www.startech.com.bd/zeblaze-btalk-3-pro,2026-08-28T04:18:16
925,6,Awei H60 Smart Watch,Fashion,https://www.startech.com.bd/awei-h60-smart-watch,2026-08-28T04:18:16
926,6,COLMI L10 Lady Smart Watch,Fashion,https://www.startech.com.bd/colmi-l10-bluetooth-calling-smart-watch,2026-08-28T04:18:16
927,6,COLMI P78 Smart Watch,Fashion,https://www.startech.com.bd/colmi-p78-smart-watch,2026-08-28T04:18:16
928,1,Marks Instant Full Cream Milk Powder – 500g (Dessert Bowl Free),Grocery,https://cartup.com/product/marks_full_cream_milk_powder_-_500_gm_2249028505402523_4fd4lx?variantId=1414904,2026-08-28T04:18:27
929,1,Portable Stylish First Charging Power Bank Case White (Use 3pcs 18650 Battery) - 290379941,Unclassified,https://cartup.com/product/portable_stylish_first_charging_power_bank_case_white_use_3pcs_18650_battery_-_290379941_3461200008093501_00pwru?variantId=828146,2026-08-28T04:18:27
930,1,"2-in-1 USB WiFi and Bluetooth adapter, also known as a WiFi dongle or Bluetooth dongle.",Mobile & Audio,https://cartup.com/product/2-in-1_usb_wifi_and_bluetooth_adapter_also_known_as_a_wifi_dongle_or_bluetooth_dongle?variantId=1682458,2026-08-28T04:18:27
931,1,Clip Basket (Single) With 18 Pcs Clip-Assorted,Unclassified,https://cartup.com/product/clip-basket-single-with-18-pcs-clip-assorted-1772699784261-e3ol?variantId=3575242,2026-08-28T04:18:27
932,1,Puro Noodles Masala Flavour – 496g (8 Pcs),Unclassified,https://cartup.com/product/puro_noodles_masala_flavour_496g_8_pcs_19493126615098_qfa8ax,2026-08-28T04:18:27
933,4,Redmi 17 6GB/128GB,Unclassified,https://www.pickaboo.com/product-detail/redmi-17-6gb-128gb,2026-08-28T04:19:10
934,4,Redmi 17 4GB/128GB,Unclassified,https://www.pickaboo.com/product-detail/redmi-17-4gb-128gb,2026-08-28T04:19:10
935,4,realme C100X 4GB/128GB,Unclassified,https://www.pickaboo.com/product-detail/realme-c100x-4gb-128gb,2026-08-28T04:19:10
936,4,XTRA X1,Unclassified,https://www.pickaboo.com/product-detail/xtra-x1,2026-08-28T04:19:10
937,4,Motorola moto a300 (2026),Unclassified,https://www.pickaboo.com/product-detail/motorola-moto-a300-2026,2026-08-28T04:19:10
938,4,XTRA X40,Unclassified,https://www.pickaboo.com/product-detail/xtra-x40,2026-08-28T04:19:10
939,4,Redmi Pad 2 4GB/128GB 9.7'' Display (Wi-Fi),Unclassified,https://www.pickaboo.com/product-detail/redmi-pad-2-4gb-128gb-9-7-inch-display-wi-fi,2026-08-28T04:19:10
940,4,Xiaomi 17T 5G 12GB/256GB,Unclassified,https://www.pickaboo.com/product-detail/xiaomi-17t-5g-12gb-256gb,2026-08-28T04:19:10
941,4,Nubia V80 Max 4GB/128GB,Unclassified,https://www.pickaboo.com/product-detail/nubia-zte-blade-v80-max-4gb-128gb,2026-08-28T04:19:10
942,4,HONOR Pad X7 4GB/128GB (Wi-Fi) with Free Back-Cover,Unclassified,https://www.pickaboo.com/product-detail/honor-pad-x7-4gb-128gb-wi-fi,2026-08-28T04:19:10
943,4,Infinix Hot 70 8GB/128GB,Unclassified,https://www.pickaboo.com/product-detail/infinix-hot-70-8gb-128gb,2026-08-28T04:19:10
944,4,Redmi A7 3GB/64GB,Unclassified,https://www.pickaboo.com/product-detail/redmi-a7-3gb-64gb,2026-08-28T04:19:10
945,4,realme C100i 4GB/128GB,Unclassified,https://www.pickaboo.com/product-detail/realme-c100i-4gb-128gb,2026-08-28T04:19:10
946,4,Infinix Hot 70 6GB/128GB,Unclassified,https://www.pickaboo.com/product-detail/infinix-hot-70-6gb-128gb,2026-08-28T04:19:10
947,4,Infinix Hot 70 4GB/128GB,Unclassified,https://www.pickaboo.com/product-detail/infinix-hot-70-4gb-128gb,2026-08-28T04:19:10
948,4,Xtra X30,Unclassified,https://www.pickaboo.com/product-detail/xtra-x30,2026-08-28T04:19:10
949,4,OPPO A6 8GB/256GB,Unclassified,https://www.pickaboo.com/product-detail/oppo-a6-8gb-256gb,2026-08-28T04:19:10
950,4,HONOR X6d 4GB/128GB with Free Umbrella,Unclassified,https://www.pickaboo.com/product-detail/honor-x6d-4gb-128gb,2026-08-28T04:19:10
951,4,Redmi A7 Pro 4GB/64GB,Unclassified,https://www.pickaboo.com/product-detail/xiaomi-redmi-a7-pro-4gb-64gb,2026-08-28T04:19:10
952,4,Hisense 55 Inch Direct 4K LED TV (55A6Q),Unclassified,https://www.pickaboo.com/product-detail/hisense-55-inch-direct-4k-led-tv-55a6q,2026-08-28T04:19:24
953,4,Hisense 43 Inch Direct 4K LED TV (43A6Q),Unclassified,https://www.pickaboo.com/product-detail/hisense-43-inch-direct-4k-led-tv-43a6q,2026-08-28T04:19:24
954,4,Haier 55 Inch HQLED 4K Google TV (55P7PRO),Unclassified,https://www.pickaboo.com/product-detail/haier-55-hqled-4k-google-tv-55p7pro,2026-08-28T04:19:24
955,4,Haier 65 Inch HQLED-4K Google TV (65P7PRO),Unclassified,https://www.pickaboo.com/product-detail/haier-65-inch-hqled-4k-google-tv-65p7pro,2026-08-28T04:19:24
956,4,LG UA84 UHD AI 43 Inch 4K Smart TV (43UA8450PSA),Unclassified,https://www.pickaboo.com/product-detail/lg-ua84-uhd-ai-43-inch-4k-smart-tv,2026-08-28T04:19:24
957,4,Samsung 55 Inch Crystal UHD 4K Smart TV (UA55U8500H),Unclassified,https://www.pickaboo.com/product-detail/samsung-55-inch-crystal-uhd-4k-smart-tv-ua55u8500hrser,2026-08-28T04:19:24
958,4,Haier 43 Inch QLED 4K UHD Google TV (H43S80GUX),Unclassified,https://www.pickaboo.com/product-detail/haier-43-inch-qled-4k-uhd-google-tv-h43s80gux,2026-08-28T04:19:24
959,4,Xiaomi TV S Mini LED 55 Inch 4K Google TV (2026),Unclassified,https://www.pickaboo.com/product-detail/xiaomi-tv-s-mini-led-55-inch-4k-google-tv-2026,2026-08-28T04:19:24
960,4,SONY BRAVIA 3 55 Inch LED 4K Google TV (K-55S30),Unclassified,https://www.pickaboo.com/product-detail/sony-bravia-3-55-inch-led-4k-google-tv-k-50s30,2026-08-28T04:19:24
961,4,Haier 55 Inch Mini LED 4K UHD Google TV (H55M80FUX),Unclassified,https://www.pickaboo.com/product-detail/haier-55-inch-mini-led-4k-uhd-google-tv-h55m80fux,2026-08-28T04:19:24
962,4,Xiaomi TV A Pro 55 Inch 4K QLED Google TV (2026),Unclassified,https://www.pickaboo.com/product-detail/xiaomi-tv-a-pro-55-inch-4k-qled-google-tv-2026,2026-08-28T04:19:24
963,4,Samsung 50 Inch Crystal 4K UHD Smart TV (50U8000F),Unclassified,https://www.pickaboo.com/product-detail/samsung-50-inch-crystal-4k-uhd-smart-tv-50u8000f,2026-08-28T04:19:24
964,4,Samsung F6000 43 Inch FHD Smart TV (UA43F6000FRSER),Unclassified,https://www.pickaboo.com/product-detail/samsung-f6000-43-inch-fhd-smart-tv-ua43f6000frser,2026-08-28T04:19:24
965,4,Haier 55 Inch Bezel-Less HQLED 4K UHD Google TV (H55P7UX),Unclassified,https://www.pickaboo.com/product-detail/haier-55-inch-hqled-4k-uhd-google-tv-h55p7ux,2026-08-28T04:19:24
966,4,Hisense 43 Inch Direct 4K LED TV (43A4S),Unclassified,https://www.pickaboo.com/product-detail/hisense-43-inch-direct-4k-led-tv-43a4s,2026-08-28T04:19:24
967,4,Hisense 32 Inch Direct 4K LED TV (32A4S),Unclassified,https://www.pickaboo.com/product-detail/hisense-32-inch-direct-4k-led-tv-32a4s,2026-08-28T04:19:24
968,4,Hisense 75 Inch Direct 4K LED TV (75A6Q),Unclassified,https://www.pickaboo.com/product-detail/hisense-75-inch-direct-4k-led-tv-75a6q,2026-08-28T04:19:24
969,4,Rangs 32 Inch Frameless HD Android Google TV (RG32HXM2),Unclassified,https://www.pickaboo.com/product-detail/rangs-32-inch-frameless-hd-android-google-tv-rg32hxm2,2026-08-28T04:19:24
970,4,Hisense 65 Inch Direct 4K LED TV (65A6Q),Unclassified,https://www.pickaboo.com/product-detail/hisense-65-inch-direct-4k-led-tv-65a6q,2026-08-28T04:19:24
971,4,Haier 75 Inch HQLED 4K Google TV (75P7PRO),Unclassified,https://www.pickaboo.com/product-detail/haier-75-hqled-4k-google-tv-75p7pro,2026-08-28T04:19:24
972,4,Hisense 238L Top Mount Glass Door Frost Refrigerator (RTDG238NAB/BD3),Home & Kitchen,https://www.pickaboo.com/product-detail/hisense-238l-top-mount-glass-door-non-inverter-refrigerator-rtdg238nab-bd3,2026-08-28T04:19:39
973,4,Hisense 277L TMF Glass Door Refrigerator (RTDG277NAGS/BD3)-Golden Sunlight,Home & Kitchen,https://www.pickaboo.com/product-detail/hisense-277l-tmf-glass-door-non-inverter-refrigerator-rtdg277nags-bd3-golden-sunlight,2026-08-28T04:19:39
974,4,Haier 200L Chest Freezer (HCF-230GE/HCF-230SGE)-Premium Ash Blue,Unclassified,https://www.pickaboo.com/product-detail/haier-200l-chest-freezer-hcf-230sge-deep-ash-blue,2026-08-28T04:19:39
975,4,Walton 308L Inverter No-Frost Freezer (WUT-3X8-GERE-CX),Unclassified,https://www.pickaboo.com/product-detail/walton-308l-inverter-no-frost-refrigerator-wut-3x8-gere-cx,2026-08-28T04:19:39
976,4,Hitachi 181L 2 Door Top Freezer Refrigerator (HRTN5198MXMD),Unclassified,https://www.pickaboo.com/product-detail/hitachi-181l-2-door-top-freezer-refrigerator-hrtn5198mxmd,2026-08-28T04:19:39
977,4,Haier 369L Chest Freezer- (HCF-420SME),Unclassified,https://www.pickaboo.com/product-detail/haier-369l-chest-freezer-hcf-420sme,2026-08-28T04:19:39
978,4,Walton 563 Litres Intelligent Inverter Refrigerator (WNI-5F3-GDEL-DI),Computing,https://www.pickaboo.com/product-detail/walton-501-liters-non-frost-refrigerator-wni-5f3-gdel-di-inverter,2026-08-28T04:19:39
979,4,Whirlpool 236 Liters Fresh Magic Pro Frost Refrigerator–Chromium Steel XWH,Unclassified,https://www.pickaboo.com/product-detail/whirlpool-236-liters-fresh-magic-pro-frost-refrigerator-chromium-steel-xwh,2026-08-28T04:19:39
980,4,Kelvinator 230L Direct Cool Top Mounted Glass Door Refrigerator (KRF-230T0G1AX),Home & Kitchen,https://www.pickaboo.com/product-detail/kelvinator-230l-direct-cool-top-mounted-glass-door-refrigerator-krf-230t0g1ax,2026-08-28T04:19:39
981,4,Walton 213L Direct Cool Inverter Refrigerator (WFA-2A3-GDEL-SC),Unclassified,https://www.pickaboo.com/product-detail/walton-213l-direct-cool-refrigerator-wfa-2a3-gdel-sc,2026-08-28T04:19:39
982,4,Walton 176L Direct Cool Inverter Refrigerator (WFD-1F3-GDEL-SC),Unclassified,https://www.pickaboo.com/product-detail/walton-176l-direct-cool-inverter-refrigerator-wfd-1f3-gdel-sc,2026-08-28T04:19:39
983,4,Whirlpool 236 Liters Fresh Magic Pro Frost Refrigerator–Chromium Steel X,Unclassified,https://www.pickaboo.com/product-detail/whirlpool-236-liters-fresh-magic-pro-frost-refrigerator-chromium-steel-x,2026-08-28T04:19:39
984,4,Walton 272L Direct Cool Inverter Freezer (WUE-2G2-GEPB-XX),Unclassified,https://www.pickaboo.com/product-detail/walton-272l-direct-cool-inverter-freezer-wue-2g2-gepb-xx,2026-08-28T04:19:39
985,4,Samsung 700 Liters Side by Side Refrigerator (RS72R5011B4/D2),Unclassified,https://www.pickaboo.com/product-detail/samsung-700-liter-side-by-side-refrigerator-rs72r5011b4-d3,2026-08-28T04:19:39
986,4,Walton 316L Direct Cool Inverter Refrigerator (WFE-2N5-GDEN-DD),Unclassified,https://www.pickaboo.com/product-detail/walton-316l-direct-cool-inverter-refrigerator-wfe-2n5-gden-dd,2026-08-28T04:19:39
987,4,Konka Beverage Cooler Showcase Chiller (XLS1150WG.3)-60 CFT,Unclassified,https://www.pickaboo.com/product-detail/konka-beverage-cooler-showcase-chiller-xls1150wg-3-60-cft,2026-08-28T04:19:39
988,4,Walton 341L Direct Cool Refrigerator WFE-3B0-GDEN-DD (Inverter),Unclassified,https://www.pickaboo.com/product-detail/walton-341l-direct-cool-refrigerator-wfe-3b0-gden-dd-inverter,2026-08-28T04:19:39
989,4,Haier 518L No Frost Inverter Refrigerator (HRF-500VMB),Unclassified,https://www.pickaboo.com/product-detail/haier-518l-no-frost-inverter-refrigerator-hrf-500vmb,2026-08-28T04:19:39
990,4,Haier 488L No Frost Inverter Refrigerator (HRF-475VMB),Unclassified,https://www.pickaboo.com/product-detail/haier-488l-no-frost-inverter-refrigerator-hrf-475vmb,2026-08-28T04:19:39
991,4,Minister 600L Inverter Frost Refrigerator (M-600-6D),Unclassified,https://www.pickaboo.com/product-detail/minister-600l-inverter-frost-refrigerator-m-600-6d,2026-08-28T04:19:39
