ObservationKey,ProductKey,RetailerKey,DateKey,ScrapedAt,CurrentPrice,OriginalPrice,DiscountPercent,Currency,IsSuspectPrice,SuspectReason,HasOriginalPrice,HasDiscount,IsLatest
1,1,6,20260827,2026-08-27 15:13:28,550.00,,15.00,BDT,FALSE,,FALSE,TRUE,FALSE
2,2,6,20260827,2026-08-27 15:13:28,800.00,,10.00,BDT,FALSE,,FALSE,TRUE,FALSE
3,3,6,20260827,2026-08-27 15:13:28,800.00,,10.00,BDT,FALSE,,FALSE,TRUE,FALSE
4,4,6,20260827,2026-08-27 15:13:28,800.00,,,BDT,FALSE,,FALSE,FALSE,FALSE
5,5,6,20260827,2026-08-27 15:13:28,,900.00,,BDT,TRUE,Above plausible ceiling,TRUE,FALSE,FALSE
6,1,6,20260827,2026-08-27 15:14:05,550.00,,15.00,BDT,FALSE,,FALSE,TRUE,FALSE
7,2,6,20260827,2026-08-27 15:14:05,800.00,,10.00,BDT,FALSE,,FALSE,TRUE,FALSE
8,3,6,20260827,2026-08-27 15:14:05,800.00,,10.00,BDT,FALSE,,FALSE,TRUE,FALSE
9,4,6,20260827,2026-08-27 15:14:05,800.00,,,BDT,FALSE,,FALSE,FALSE,FALSE
10,5,6,20260827,2026-08-27 15:14:05,849.00,900.00,5.67,BDT,FALSE,,TRUE,TRUE,FALSE
11,6,6,20260827,2026-08-27 15:14:05,900.00,,,BDT,FALSE,,FALSE,FALSE,FALSE
12,7,6,20260827,2026-08-27 15:14:05,975.00,,,BDT,FALSE,,FALSE,FALSE,FALSE
13,8,6,20260827,2026-08-27 15:14:05,980.00,,,BDT,FALSE,,FALSE,FALSE,FALSE
14,9,6,20260827,2026-08-27 15:14:05,1000.00,,,BDT,FALSE,,FALSE,FALSE,FALSE
15,10,6,20260827,2026-08-27 15:14:05,1050.00,,,BDT,FALSE,,FALSE,FALSE,FALSE
16,11,6,20260827,2026-08-27 15:14:05,850.00,1050.00,19.05,BDT,FALSE,,TRUE,TRUE,FALSE
17,12,6,20260827,2026-08-27 15:14:05,1050.00,,,BDT,FALSE,,FALSE,FALSE,FALSE
18,13,6,20260827,2026-08-27 15:14:05,1100.00,,,BDT,FALSE,,FALSE,FALSE,FALSE
19,14,6,20260827,2026-08-27 15:14:05,1100.00,,,BDT,FALSE,,FALSE,FALSE,FALSE
20,15,6,20260827,2026-08-27 15:14:05,1100.00,,,BDT,FALSE,,FALSE,FALSE,FALSE
21,16,6,20260827,2026-08-27 15:14:05,1190.00,,,BDT,FALSE,,FALSE,FALSE,FALSE
22,17,6,20260827,2026-08-27 15:14:05,1200.00,,,BDT,FALSE,,FALSE,FALSE,FALSE
23,18,6,20260827,2026-08-27 15:14:05,1200.00,,60.00,BDT,FALSE,,FALSE,TRUE,FALSE
34,29,2,20260827,2026-08-27 15:18:01,275.00,,77.00,BDT,FALSE,,FALSE,TRUE,FALSE
35,30,2,20260827,2026-08-27 15:18:01,384.00,,61.00,BDT,FALSE,,FALSE,TRUE,FALSE
36,31,2,20260827,2026-08-27 15:18:01,357.00,,64.00,BDT,FALSE,,FALSE,TRUE,FALSE
37,32,2,20260827,2026-08-27 15:18:01,149.00,,48.00,BDT,FALSE,,FALSE,TRUE,FALSE
38,33,2,20260827,2026-08-27 15:18:01,355.00,,64.00,BDT,FALSE,,FALSE,TRUE,FALSE
39,34,2,20260827,2026-08-27 15:18:01,276.00,,66.00,BDT,FALSE,,FALSE,TRUE,FALSE
40,35,2,20260827,2026-08-27 15:18:01,239.00,,47.00,BDT,FALSE,,FALSE,TRUE,FALSE
41,36,2,20260827,2026-08-27 15:18:01,396.00,,62.00,BDT,FALSE,,FALSE,TRUE,FALSE
42,37,3,20260827,2026-08-27 15:19:57,4699.00,4999.00,6.00,BDT,FALSE,,TRUE,TRUE,FALSE
43,38,3,20260827,2026-08-27 15:19:57,10680.00,13690.00,21.99,BDT,FALSE,,TRUE,TRUE,FALSE
44,39,3,20260827,2026-08-27 15:19:57,2993.00,3650.00,18.00,BDT,FALSE,,TRUE,TRUE,FALSE
45,40,3,20260827,2026-08-27 15:19:57,24350.00,30490.00,20.14,BDT,FALSE,,TRUE,TRUE,FALSE
46,41,3,20260827,2026-08-27 15:19:57,260.00,400.00,35.00,BDT,FALSE,,TRUE,TRUE,FALSE
47,42,3,20260827,2026-08-27 15:19:57,5567.00,8950.00,37.80,BDT,FALSE,,TRUE,TRUE,FALSE
48,43,3,20260827,2026-08-27 15:19:57,3696.00,4800.00,23.00,BDT,FALSE,,TRUE,TRUE,FALSE
49,44,3,20260827,2026-08-27 15:19:57,7095.00,8800.00,19.38,BDT,FALSE,,TRUE,TRUE,FALSE
50,45,3,20260827,2026-08-27 15:19:57,15400.00,17500.00,12.00,BDT,FALSE,,TRUE,TRUE,FALSE
51,46,3,20260827,2026-08-27 15:19:57,8450.00,9600.00,11.98,BDT,FALSE,,TRUE,TRUE,FALSE
52,47,5,20260827,2026-08-27 15:20:04,12.25,,,BDT,FALSE,,FALSE,FALSE,FALSE
53,48,5,20260827,2026-08-27 15:20:04,24.00,30.00,20.00,BDT,FALSE,,TRUE,TRUE,FALSE
54,49,5,20260827,2026-08-27 15:20:04,42.00,,,BDT,FALSE,,FALSE,FALSE,FALSE
55,50,5,20260827,2026-08-27 15:20:04,48.00,55.00,12.73,BDT,FALSE,,TRUE,TRUE,FALSE
56,51,5,20260827,2026-08-27 15:20:04,93.00,100.00,7.00,BDT,FALSE,,TRUE,TRUE,FALSE
57,52,5,20260827,2026-08-27 15:20:04,108.00,110.00,1.82,BDT,FALSE,,TRUE,TRUE,FALSE
58,53,5,20260827,2026-08-27 15:20:04,34.00,42.00,19.05,BDT,FALSE,,TRUE,TRUE,FALSE
59,54,5,20260827,2026-08-27 15:20:04,88.00,120.00,26.67,BDT,FALSE,,TRUE,TRUE,FALSE
60,55,5,20260827,2026-08-27 15:20:04,65.00,72.00,9.72,BDT,FALSE,,TRUE,TRUE,FALSE
61,56,5,20260827,2026-08-27 15:20:04,255.00,280.00,8.93,BDT,FALSE,,TRUE,TRUE,FALSE
82,29,2,20260827,2026-08-27 15:24:29,275.00,,77.00,BDT,FALSE,,FALSE,TRUE,FALSE
83,30,2,20260827,2026-08-27 15:24:29,384.00,,61.00,BDT,FALSE,,FALSE,TRUE,FALSE
84,32,2,20260827,2026-08-27 15:24:29,149.00,,48.00,BDT,FALSE,,FALSE,TRUE,FALSE
85,33,2,20260827,2026-08-27 15:24:29,355.00,,64.00,BDT,FALSE,,FALSE,TRUE,FALSE
86,34,2,20260827,2026-08-27 15:24:29,276.00,,66.00,BDT,FALSE,,FALSE,TRUE,FALSE
87,35,2,20260827,2026-08-27 15:24:29,239.00,,47.00,BDT,FALSE,,FALSE,TRUE,FALSE
88,58,2,20260827,2026-08-27 15:24:29,339.00,,51.00,BDT,FALSE,,FALSE,TRUE,FALSE
89,59,2,20260827,2026-08-27 15:24:29,350.00,,59.00,BDT,FALSE,,FALSE,TRUE,FALSE
90,60,2,20260827,2026-08-27 15:24:29,299.00,,70.00,BDT,FALSE,,FALSE,TRUE,FALSE
91,61,2,20260827,2026-08-27 15:24:29,272.00,,46.00,BDT,FALSE,,FALSE,TRUE,FALSE
92,62,2,20260827,2026-08-27 15:24:29,332.00,,80.00,BDT,FALSE,,FALSE,TRUE,FALSE
93,63,2,20260827,2026-08-27 15:24:29,380.00,,49.00,BDT,FALSE,,FALSE,TRUE,FALSE
94,64,2,20260827,2026-08-27 15:24:29,200.00,,70.00,BDT,FALSE,,FALSE,TRUE,FALSE
95,65,2,20260827,2026-08-27 15:24:29,299.00,,43.00,BDT,FALSE,,FALSE,TRUE,FALSE
96,66,2,20260827,2026-08-27 15:24:29,355.00,,31.00,BDT,FALSE,,FALSE,TRUE,FALSE
97,37,3,20260827,2026-08-27 15:24:38,4699.00,4999.00,6.00,BDT,FALSE,,TRUE,TRUE,FALSE
98,38,3,20260827,2026-08-27 15:24:38,10680.00,13690.00,21.99,BDT,FALSE,,TRUE,TRUE,FALSE
99,39,3,20260827,2026-08-27 15:24:38,2993.00,3650.00,18.00,BDT,FALSE,,TRUE,TRUE,FALSE
100,40,3,20260827,2026-08-27 15:24:38,24350.00,30490.00,20.14,BDT,FALSE,,TRUE,TRUE,FALSE
101,41,3,20260827,2026-08-27 15:24:38,260.00,400.00,35.00,BDT,FALSE,,TRUE,TRUE,FALSE
102,42,3,20260827,2026-08-27 15:24:38,5567.00,8950.00,37.80,BDT,FALSE,,TRUE,TRUE,FALSE
103,43,3,20260827,2026-08-27 15:24:38,3696.00,4800.00,23.00,BDT,FALSE,,TRUE,TRUE,FALSE
104,44,3,20260827,2026-08-27 15:24:38,7095.00,8800.00,19.38,BDT,FALSE,,TRUE,TRUE,FALSE
105,45,3,20260827,2026-08-27 15:24:38,15400.00,17500.00,12.00,BDT,FALSE,,TRUE,TRUE,FALSE
106,46,3,20260827,2026-08-27 15:24:38,8450.00,9600.00,11.98,BDT,FALSE,,TRUE,TRUE,FALSE
107,47,5,20260827,2026-08-27 15:24:46,12.25,,,BDT,FALSE,,FALSE,FALSE,FALSE
108,48,5,20260827,2026-08-27 15:24:46,24.00,30.00,20.00,BDT,FALSE,,TRUE,TRUE,FALSE
109,49,5,20260827,2026-08-27 15:24:46,42.00,,,BDT,FALSE,,FALSE,FALSE,FALSE
110,50,5,20260827,2026-08-27 15:24:46,48.00,55.00,12.73,BDT,FALSE,,TRUE,TRUE,FALSE
111,51,5,20260827,2026-08-27 15:24:46,93.00,100.00,7.00,BDT,FALSE,,TRUE,TRUE,FALSE
112,52,5,20260827,2026-08-27 15:24:46,108.00,110.00,1.82,BDT,FALSE,,TRUE,TRUE,FALSE
113,53,5,20260827,2026-08-27 15:24:46,34.00,42.00,19.05,BDT,FALSE,,TRUE,TRUE,FALSE
114,54,5,20260827,2026-08-27 15:24:46,88.00,120.00,26.67,BDT,FALSE,,TRUE,TRUE,FALSE
115,55,5,20260827,2026-08-27 15:24:46,65.00,72.00,9.72,BDT,FALSE,,TRUE,TRUE,FALSE
116,56,5,20260827,2026-08-27 15:24:46,255.00,280.00,8.93,BDT,FALSE,,TRUE,TRUE,FALSE
117,67,5,20260827,2026-08-27 15:24:46,130.00,199.00,34.67,BDT,FALSE,,TRUE,TRUE,FALSE
118,68,5,20260827,2026-08-27 15:24:46,1200.00,1300.00,7.69,BDT,FALSE,,TRUE,TRUE,FALSE
119,69,5,20260827,2026-08-27 15:24:46,415.00,475.00,12.63,BDT,FALSE,,TRUE,TRUE,FALSE
120,70,5,20260827,2026-08-27 15:24:46,825.00,945.00,12.70,BDT,FALSE,,TRUE,TRUE,FALSE
121,71,5,20260827,2026-08-27 15:24:46,410.00,460.00,10.87,BDT,FALSE,,TRUE,TRUE,FALSE
122,1,6,20260827,2026-08-27 15:24:53,550.00,,,BDT,FALSE,,FALSE,FALSE,FALSE
123,2,6,20260827,2026-08-27 15:24:53,800.00,,,BDT,FALSE,,FALSE,FALSE,FALSE
124,3,6,20260827,2026-08-27 15:24:53,800.00,,,BDT,FALSE,,FALSE,FALSE,FALSE
125,4,6,20260827,2026-08-27 15:24:53,800.00,,,BDT,FALSE,,FALSE,FALSE,FALSE
126,5,6,20260827,2026-08-27 15:24:53,849.00,900.00,5.67,BDT,FALSE,,TRUE,TRUE,FALSE
127,6,6,20260827,2026-08-27 15:24:53,900.00,,,BDT,FALSE,,FALSE,FALSE,FALSE
128,7,6,20260827,2026-08-27 15:24:53,975.00,,,BDT,FALSE,,FALSE,FALSE,FALSE
129,8,6,20260827,2026-08-27 15:24:53,980.00,,,BDT,FALSE,,FALSE,FALSE,FALSE
130,9,6,20260827,2026-08-27 15:24:53,1000.00,,,BDT,FALSE,,FALSE,FALSE,FALSE
131,10,6,20260827,2026-08-27 15:24:53,1050.00,,,BDT,FALSE,,FALSE,FALSE,FALSE
132,11,6,20260827,2026-08-27 15:24:53,850.00,1050.00,19.05,BDT,FALSE,,TRUE,TRUE,FALSE
133,12,6,20260827,2026-08-27 15:24:53,1050.00,,,BDT,FALSE,,FALSE,FALSE,FALSE
134,13,6,20260827,2026-08-27 15:24:53,1100.00,,,BDT,FALSE,,FALSE,FALSE,FALSE
135,14,6,20260827,2026-08-27 15:24:53,1100.00,,,BDT,FALSE,,FALSE,FALSE,FALSE
161,29,2,20260827,2026-08-27 15:31:25,275.00,,77.00,BDT,FALSE,,FALSE,TRUE,FALSE
162,30,2,20260827,2026-08-27 15:31:25,384.00,,61.00,BDT,FALSE,,FALSE,TRUE,FALSE
163,31,2,20260827,2026-08-27 15:31:25,357.00,,64.00,BDT,FALSE,,FALSE,TRUE,FALSE
164,32,2,20260827,2026-08-27 15:31:25,149.00,,48.00,BDT,FALSE,,FALSE,TRUE,FALSE
165,33,2,20260827,2026-08-27 15:31:25,355.00,,64.00,BDT,FALSE,,FALSE,TRUE,FALSE
166,34,2,20260827,2026-08-27 15:31:25,276.00,,66.00,BDT,FALSE,,FALSE,TRUE,FALSE
167,35,2,20260827,2026-08-27 15:31:25,239.00,,47.00,BDT,FALSE,,FALSE,TRUE,FALSE
168,36,2,20260827,2026-08-27 15:31:25,396.00,,62.00,BDT,FALSE,,FALSE,TRUE,FALSE
169,58,2,20260827,2026-08-27 15:31:25,339.00,,51.00,BDT,FALSE,,FALSE,TRUE,FALSE
170,87,2,20260827,2026-08-27 15:31:25,799.00,,47.00,BDT,FALSE,,FALSE,TRUE,FALSE
171,88,2,20260827,2026-08-27 15:31:25,229.00,,54.00,BDT,FALSE,,FALSE,TRUE,FALSE
172,59,2,20260827,2026-08-27 15:31:25,350.00,,59.00,BDT,FALSE,,FALSE,TRUE,FALSE
173,60,2,20260827,2026-08-27 15:31:25,299.00,,70.00,BDT,FALSE,,FALSE,TRUE,FALSE
174,61,2,20260827,2026-08-27 15:31:25,272.00,,46.00,BDT,FALSE,,FALSE,TRUE,FALSE
175,89,2,20260827,2026-08-27 15:31:25,399.00,,21.00,BDT,FALSE,,FALSE,TRUE,FALSE
176,90,2,20260827,2026-08-27 15:31:25,259.00,,78.00,BDT,FALSE,,FALSE,TRUE,FALSE
177,91,2,20260827,2026-08-27 15:31:25,265.00,,59.00,BDT,FALSE,,FALSE,TRUE,FALSE
178,92,2,20260827,2026-08-27 15:31:25,583.00,,79.00,BDT,FALSE,,FALSE,TRUE,FALSE
179,62,2,20260827,2026-08-27 15:31:25,332.00,,80.00,BDT,FALSE,,FALSE,TRUE,FALSE
180,63,2,20260827,2026-08-27 15:31:25,380.00,,49.00,BDT,FALSE,,FALSE,TRUE,FALSE
181,37,3,20260827,2026-08-27 15:31:35,4699.00,4999.00,6.00,BDT,FALSE,,TRUE,TRUE,TRUE
182,38,3,20260827,2026-08-27 15:31:35,10680.00,13690.00,21.99,BDT,FALSE,,TRUE,TRUE,TRUE
183,39,3,20260827,2026-08-27 15:31:35,2993.00,3650.00,18.00,BDT,FALSE,,TRUE,TRUE,FALSE
184,40,3,20260827,2026-08-27 15:31:35,24350.00,30490.00,20.14,BDT,FALSE,,TRUE,TRUE,TRUE
185,41,3,20260827,2026-08-27 15:31:35,260.00,400.00,35.00,BDT,FALSE,,TRUE,TRUE,TRUE
186,42,3,20260827,2026-08-27 15:31:35,5567.00,8950.00,37.80,BDT,FALSE,,TRUE,TRUE,TRUE
187,43,3,20260827,2026-08-27 15:31:35,3696.00,4800.00,23.00,BDT,FALSE,,TRUE,TRUE,TRUE
188,44,3,20260827,2026-08-27 15:31:35,7095.00,8800.00,19.38,BDT,FALSE,,TRUE,TRUE,TRUE
189,45,3,20260827,2026-08-27 15:31:35,15400.00,17500.00,12.00,BDT,FALSE,,TRUE,TRUE,TRUE
190,46,3,20260827,2026-08-27 15:31:35,8450.00,9600.00,11.98,BDT,FALSE,,TRUE,TRUE,TRUE
191,47,5,20260827,2026-08-27 15:31:42,12.25,,,BDT,FALSE,,FALSE,FALSE,FALSE
192,48,5,20260827,2026-08-27 15:31:42,24.00,30.00,20.00,BDT,FALSE,,TRUE,TRUE,FALSE
193,49,5,20260827,2026-08-27 15:31:42,42.00,,,BDT,FALSE,,FALSE,FALSE,FALSE
194,50,5,20260827,2026-08-27 15:31:42,48.00,55.00,12.73,BDT,FALSE,,TRUE,TRUE,FALSE
195,51,5,20260827,2026-08-27 15:31:42,93.00,100.00,7.00,BDT,FALSE,,TRUE,TRUE,FALSE
196,52,5,20260827,2026-08-27 15:31:42,108.00,110.00,1.82,BDT,FALSE,,TRUE,TRUE,FALSE
197,53,5,20260827,2026-08-27 15:31:42,34.00,42.00,19.05,BDT,FALSE,,TRUE,TRUE,FALSE
198,54,5,20260827,2026-08-27 15:31:42,88.00,120.00,26.67,BDT,FALSE,,TRUE,TRUE,FALSE
199,55,5,20260827,2026-08-27 15:31:42,65.00,72.00,9.72,BDT,FALSE,,TRUE,TRUE,FALSE
200,56,5,20260827,2026-08-27 15:31:42,255.00,280.00,8.93,BDT,FALSE,,TRUE,TRUE,FALSE
201,67,5,20260827,2026-08-27 15:31:42,130.00,199.00,34.67,BDT,FALSE,,TRUE,TRUE,TRUE
202,68,5,20260827,2026-08-27 15:31:42,1200.00,1300.00,7.69,BDT,FALSE,,TRUE,TRUE,FALSE
203,69,5,20260827,2026-08-27 15:31:42,415.00,475.00,12.63,BDT,FALSE,,TRUE,TRUE,FALSE
204,70,5,20260827,2026-08-27 15:31:42,825.00,945.00,12.70,BDT,FALSE,,TRUE,TRUE,FALSE
205,71,5,20260827,2026-08-27 15:31:42,410.00,460.00,10.87,BDT,FALSE,,TRUE,TRUE,FALSE
206,93,5,20260827,2026-08-27 15:31:42,380.00,400.00,5.00,BDT,FALSE,,TRUE,TRUE,FALSE
207,94,5,20260827,2026-08-27 15:31:42,720.00,750.00,4.00,BDT,FALSE,,TRUE,TRUE,FALSE
208,95,5,20260827,2026-08-27 15:31:42,430.00,480.00,10.42,BDT,FALSE,,TRUE,TRUE,FALSE
209,96,5,20260827,2026-08-27 15:31:42,850.00,950.00,10.53,BDT,FALSE,,TRUE,TRUE,FALSE
210,97,5,20260827,2026-08-27 15:31:42,185.00,205.00,9.76,BDT,FALSE,,TRUE,TRUE,FALSE
211,1,6,20260827,2026-08-27 15:31:51,550.00,,,BDT,FALSE,,FALSE,FALSE,FALSE
212,2,6,20260827,2026-08-27 15:31:51,800.00,,,BDT,FALSE,,FALSE,FALSE,FALSE
213,3,6,20260827,2026-08-27 15:31:51,800.00,,,BDT,FALSE,,FALSE,FALSE,FALSE
214,4,6,20260827,2026-08-27 15:31:51,800.00,,,BDT,FALSE,,FALSE,FALSE,FALSE
215,5,6,20260827,2026-08-27 15:31:51,849.00,900.00,5.67,BDT,FALSE,,TRUE,TRUE,FALSE
216,6,6,20260827,2026-08-27 15:31:51,900.00,,,BDT,FALSE,,FALSE,FALSE,FALSE
217,7,6,20260827,2026-08-27 15:31:51,975.00,,,BDT,FALSE,,FALSE,FALSE,FALSE
218,8,6,20260827,2026-08-27 15:31:51,980.00,,,BDT,FALSE,,FALSE,FALSE,FALSE
219,9,6,20260827,2026-08-27 15:31:51,1000.00,,,BDT,FALSE,,FALSE,FALSE,FALSE
220,10,6,20260827,2026-08-27 15:31:51,1050.00,,,BDT,FALSE,,FALSE,FALSE,FALSE
221,11,6,20260827,2026-08-27 15:31:51,850.00,1050.00,19.05,BDT,FALSE,,TRUE,TRUE,FALSE
222,12,6,20260827,2026-08-27 15:31:51,1050.00,,,BDT,FALSE,,FALSE,FALSE,FALSE
223,13,6,20260827,2026-08-27 15:31:51,1100.00,,,BDT,FALSE,,FALSE,FALSE,FALSE
224,14,6,20260827,2026-08-27 15:31:51,1100.00,,,BDT,FALSE,,FALSE,FALSE,FALSE
225,15,6,20260827,2026-08-27 15:31:51,1100.00,,,BDT,FALSE,,FALSE,FALSE,FALSE
226,16,6,20260827,2026-08-27 15:31:51,1190.00,,,BDT,FALSE,,FALSE,FALSE,FALSE
227,17,6,20260827,2026-08-27 15:31:51,1200.00,,,BDT,FALSE,,FALSE,FALSE,FALSE
228,18,6,20260827,2026-08-27 15:31:51,1200.00,,,BDT,FALSE,,FALSE,FALSE,FALSE
259,29,2,20260827,2026-08-27 15:45:22,275.00,,77.00,BDT,FALSE,,FALSE,TRUE,FALSE
260,30,2,20260827,2026-08-27 15:45:22,384.00,,61.00,BDT,FALSE,,FALSE,TRUE,FALSE
261,31,2,20260827,2026-08-27 15:45:22,357.00,,64.00,BDT,FALSE,,FALSE,TRUE,FALSE
262,32,2,20260827,2026-08-27 15:45:22,149.00,,48.00,BDT,FALSE,,FALSE,TRUE,FALSE
263,33,2,20260827,2026-08-27 15:45:22,355.00,,64.00,BDT,FALSE,,FALSE,TRUE,FALSE
264,34,2,20260827,2026-08-27 15:45:22,276.00,,66.00,BDT,FALSE,,FALSE,TRUE,FALSE
265,35,2,20260827,2026-08-27 15:45:22,239.00,,47.00,BDT,FALSE,,FALSE,TRUE,FALSE
266,36,2,20260827,2026-08-27 15:45:22,396.00,,62.00,BDT,FALSE,,FALSE,TRUE,FALSE
267,58,2,20260827,2026-08-27 15:45:22,339.00,,51.00,BDT,FALSE,,FALSE,TRUE,FALSE
268,87,2,20260827,2026-08-27 15:45:22,799.00,,47.00,BDT,FALSE,,FALSE,TRUE,FALSE
269,88,2,20260827,2026-08-27 15:45:22,229.00,,54.00,BDT,FALSE,,FALSE,TRUE,FALSE
270,59,2,20260827,2026-08-27 15:45:22,350.00,,59.00,BDT,FALSE,,FALSE,TRUE,FALSE
271,60,2,20260827,2026-08-27 15:45:22,299.00,,70.00,BDT,FALSE,,FALSE,TRUE,FALSE
272,61,2,20260827,2026-08-27 15:45:22,272.00,,46.00,BDT,FALSE,,FALSE,TRUE,FALSE
273,89,2,20260827,2026-08-27 15:45:22,399.00,,21.00,BDT,FALSE,,FALSE,TRUE,FALSE
274,90,2,20260827,2026-08-27 15:45:22,259.00,,78.00,BDT,FALSE,,FALSE,TRUE,FALSE
275,91,2,20260827,2026-08-27 15:45:22,265.00,,59.00,BDT,FALSE,,FALSE,TRUE,FALSE
276,92,2,20260827,2026-08-27 15:45:22,583.00,,79.00,BDT,FALSE,,FALSE,TRUE,FALSE
277,62,2,20260827,2026-08-27 15:45:22,332.00,,80.00,BDT,FALSE,,FALSE,TRUE,FALSE
278,63,2,20260827,2026-08-27 15:45:22,380.00,,49.00,BDT,FALSE,,FALSE,TRUE,FALSE
279,118,2,20260827,2026-08-27 15:45:22,388.00,,76.00,BDT,FALSE,,FALSE,TRUE,FALSE
280,64,2,20260827,2026-08-27 15:45:22,200.00,,70.00,BDT,FALSE,,FALSE,TRUE,FALSE
281,65,2,20260827,2026-08-27 15:45:22,299.00,,43.00,BDT,FALSE,,FALSE,TRUE,FALSE
282,66,2,20260827,2026-08-27 15:45:22,355.00,,31.00,BDT,FALSE,,FALSE,TRUE,FALSE
283,47,5,20260827,2026-08-27 16:05:21,12.25,,,BDT,FALSE,,FALSE,FALSE,FALSE
284,48,5,20260827,2026-08-27 16:05:21,24.00,30.00,20.00,BDT,FALSE,,TRUE,TRUE,FALSE
285,49,5,20260827,2026-08-27 16:05:21,42.00,,,BDT,FALSE,,FALSE,FALSE,FALSE
286,50,5,20260827,2026-08-27 16:05:21,48.00,55.00,12.73,BDT,FALSE,,TRUE,TRUE,FALSE
287,51,5,20260827,2026-08-27 16:05:21,93.00,100.00,7.00,BDT,FALSE,,TRUE,TRUE,FALSE
288,52,5,20260827,2026-08-27 16:05:21,108.00,110.00,1.82,BDT,FALSE,,TRUE,TRUE,FALSE
289,53,5,20260827,2026-08-27 16:05:21,34.00,42.00,19.05,BDT,FALSE,,TRUE,TRUE,FALSE
290,54,5,20260827,2026-08-27 16:05:21,88.00,120.00,26.67,BDT,FALSE,,TRUE,TRUE,FALSE
291,55,5,20260827,2026-08-27 16:05:21,65.00,72.00,9.72,BDT,FALSE,,TRUE,TRUE,FALSE
292,119,5,20260827,2026-08-27 16:05:21,171.00,200.00,14.50,BDT,FALSE,,TRUE,TRUE,FALSE
293,68,5,20260827,2026-08-27 16:05:21,1200.00,1300.00,7.69,BDT,FALSE,,TRUE,TRUE,FALSE
294,69,5,20260827,2026-08-27 16:05:21,415.00,475.00,12.63,BDT,FALSE,,TRUE,TRUE,FALSE
295,70,5,20260827,2026-08-27 16:05:21,825.00,945.00,12.70,BDT,FALSE,,TRUE,TRUE,FALSE
296,71,5,20260827,2026-08-27 16:05:21,410.00,460.00,10.87,BDT,FALSE,,TRUE,TRUE,FALSE
297,93,5,20260827,2026-08-27 16:05:21,380.00,400.00,5.00,BDT,FALSE,,TRUE,TRUE,FALSE
298,94,5,20260827,2026-08-27 16:05:21,720.00,750.00,4.00,BDT,FALSE,,TRUE,TRUE,FALSE
299,95,5,20260827,2026-08-27 16:05:21,430.00,480.00,10.42,BDT,FALSE,,TRUE,TRUE,FALSE
300,96,5,20260827,2026-08-27 16:05:21,850.00,950.00,10.53,BDT,FALSE,,TRUE,TRUE,FALSE
301,97,5,20260827,2026-08-27 16:05:21,185.00,205.00,9.76,BDT,FALSE,,TRUE,TRUE,FALSE
302,120,5,20260827,2026-08-27 16:05:21,800.00,950.00,15.79,BDT,FALSE,,TRUE,TRUE,FALSE
303,121,5,20260827,2026-08-27 16:05:21,95.00,105.00,9.52,BDT,FALSE,,TRUE,TRUE,FALSE
304,122,5,20260827,2026-08-27 16:05:21,770.00,870.00,11.49,BDT,FALSE,,TRUE,TRUE,FALSE
305,123,5,20260827,2026-08-27 16:05:21,400.00,450.00,11.11,BDT,FALSE,,TRUE,TRUE,FALSE
306,124,5,20260827,2026-08-27 16:05:21,175.00,225.00,22.22,BDT,FALSE,,TRUE,TRUE,FALSE
317,125,3,20260827,2026-08-27 16:08:03,955.00,975.00,2.05,BDT,FALSE,,TRUE,TRUE,FALSE
318,126,3,20260827,2026-08-27 16:08:03,975.00,,,BDT,FALSE,,FALSE,FALSE,FALSE
319,127,3,20260827,2026-08-27 16:08:03,255.00,,,BDT,FALSE,,FALSE,FALSE,FALSE
320,128,3,20260827,2026-08-27 16:08:03,392.00,398.00,1.51,BDT,FALSE,,TRUE,TRUE,FALSE
321,129,3,20260827,2026-08-27 16:08:03,30.00,,,BDT,FALSE,,FALSE,FALSE,FALSE
322,130,3,20260827,2026-08-27 16:08:03,216.00,230.00,6.09,BDT,FALSE,,TRUE,TRUE,FALSE
323,131,3,20260827,2026-08-27 16:08:03,67.00,80.00,16.25,BDT,FALSE,,TRUE,TRUE,FALSE
324,132,3,20260827,2026-08-27 16:08:03,370.00,,,BDT,FALSE,,FALSE,FALSE,FALSE
325,133,3,20260827,2026-08-27 16:08:03,73.00,,,BDT,FALSE,,FALSE,FALSE,FALSE
326,134,3,20260827,2026-08-27 16:08:03,42.00,50.00,16.00,BDT,FALSE,,TRUE,TRUE,FALSE
327,135,3,20260827,2026-08-27 16:08:03,42.00,50.00,16.00,BDT,FALSE,,TRUE,TRUE,FALSE
328,136,3,20260827,2026-08-27 16:08:03,42.00,50.00,16.00,BDT,FALSE,,TRUE,TRUE,FALSE
329,137,3,20260827,2026-08-27 16:08:03,382.00,460.00,16.96,BDT,FALSE,,TRUE,TRUE,FALSE
330,138,3,20260827,2026-08-27 16:08:03,759.00,925.00,17.95,BDT,FALSE,,TRUE,TRUE,FALSE
331,139,3,20260827,2026-08-27 16:08:03,67.00,80.00,16.25,BDT,FALSE,,TRUE,TRUE,FALSE
332,140,3,20260827,2026-08-27 16:08:03,13.00,15.00,13.33,BDT,FALSE,,TRUE,TRUE,FALSE
333,141,3,20260827,2026-08-27 16:08:03,503.00,559.00,10.02,BDT,FALSE,,TRUE,TRUE,FALSE
334,142,3,20260827,2026-08-27 16:08:03,260.00,,,BDT,FALSE,,FALSE,FALSE,FALSE
335,143,3,20260827,2026-08-27 16:08:03,90.00,,,BDT,FALSE,,FALSE,FALSE,FALSE
336,144,3,20260827,2026-08-27 16:08:03,90.00,,,BDT,FALSE,,FALSE,FALSE,FALSE
337,145,3,20260827,2026-08-27 16:08:03,310.00,350.00,11.43,BDT,FALSE,,TRUE,TRUE,FALSE
338,146,3,20260827,2026-08-27 16:08:03,289.00,299.00,3.34,BDT,FALSE,,TRUE,TRUE,FALSE
339,147,3,20260827,2026-08-27 16:08:03,320.00,,,BDT,FALSE,,FALSE,FALSE,FALSE
340,148,3,20260827,2026-08-27 16:08:03,180.00,,,BDT,FALSE,,FALSE,FALSE,FALSE
341,29,2,20260827,2026-08-27 16:09:53,275.00,,77.00,BDT,FALSE,,FALSE,TRUE,FALSE
342,30,2,20260827,2026-08-27 16:09:53,384.00,,61.00,BDT,FALSE,,FALSE,TRUE,FALSE
343,31,2,20260827,2026-08-27 16:09:53,357.00,,64.00,BDT,FALSE,,FALSE,TRUE,FALSE
344,32,2,20260827,2026-08-27 16:09:53,149.00,,48.00,BDT,FALSE,,FALSE,TRUE,FALSE
345,33,2,20260827,2026-08-27 16:09:53,355.00,,64.00,BDT,FALSE,,FALSE,TRUE,FALSE
346,34,2,20260827,2026-08-27 16:09:53,276.00,,66.00,BDT,FALSE,,FALSE,TRUE,FALSE
347,35,2,20260827,2026-08-27 16:09:53,239.00,,47.00,BDT,FALSE,,FALSE,TRUE,FALSE
348,36,2,20260827,2026-08-27 16:09:53,396.00,,62.00,BDT,FALSE,,FALSE,TRUE,FALSE
349,58,2,20260827,2026-08-27 16:09:53,339.00,,51.00,BDT,FALSE,,FALSE,TRUE,FALSE
350,87,2,20260827,2026-08-27 16:09:53,799.00,,47.00,BDT,FALSE,,FALSE,TRUE,FALSE
351,88,2,20260827,2026-08-27 16:09:53,229.00,,54.00,BDT,FALSE,,FALSE,TRUE,FALSE
352,59,2,20260827,2026-08-27 16:09:53,350.00,,59.00,BDT,FALSE,,FALSE,TRUE,FALSE
353,60,2,20260827,2026-08-27 16:09:53,299.00,,70.00,BDT,FALSE,,FALSE,TRUE,FALSE
354,61,2,20260827,2026-08-27 16:09:53,272.00,,46.00,BDT,FALSE,,FALSE,TRUE,FALSE
355,89,2,20260827,2026-08-27 16:09:53,399.00,,21.00,BDT,FALSE,,FALSE,TRUE,FALSE
356,90,2,20260827,2026-08-27 16:09:53,259.00,,78.00,BDT,FALSE,,FALSE,TRUE,FALSE
357,91,2,20260827,2026-08-27 16:09:53,265.00,,59.00,BDT,FALSE,,FALSE,TRUE,FALSE
358,92,2,20260827,2026-08-27 16:09:53,583.00,,79.00,BDT,FALSE,,FALSE,TRUE,FALSE
359,62,2,20260827,2026-08-27 16:09:53,332.00,,80.00,BDT,FALSE,,FALSE,TRUE,FALSE
360,63,2,20260827,2026-08-27 16:09:53,380.00,,49.00,BDT,FALSE,,FALSE,TRUE,FALSE
361,118,2,20260827,2026-08-27 16:09:53,388.00,,76.00,BDT,FALSE,,FALSE,TRUE,FALSE
362,64,2,20260827,2026-08-27 16:09:53,200.00,,70.00,BDT,FALSE,,FALSE,TRUE,FALSE
363,65,2,20260827,2026-08-27 16:09:53,299.00,,43.00,BDT,FALSE,,FALSE,TRUE,FALSE
364,66,2,20260827,2026-08-27 16:09:53,355.00,,31.00,BDT,FALSE,,FALSE,TRUE,FALSE
365,125,3,20260827,2026-08-27 16:10:04,955.00,975.00,2.05,BDT,FALSE,,TRUE,TRUE,FALSE
366,126,3,20260827,2026-08-27 16:10:04,975.00,,,BDT,FALSE,,FALSE,FALSE,FALSE
367,127,3,20260827,2026-08-27 16:10:04,255.00,,,BDT,FALSE,,FALSE,FALSE,FALSE
368,128,3,20260827,2026-08-27 16:10:04,392.00,398.00,1.51,BDT,FALSE,,TRUE,TRUE,FALSE
369,129,3,20260827,2026-08-27 16:10:04,30.00,,,BDT,FALSE,,FALSE,FALSE,FALSE
370,130,3,20260827,2026-08-27 16:10:04,216.00,230.00,6.09,BDT,FALSE,,TRUE,TRUE,FALSE
371,131,3,20260827,2026-08-27 16:10:04,67.00,80.00,16.25,BDT,FALSE,,TRUE,TRUE,FALSE
372,132,3,20260827,2026-08-27 16:10:04,370.00,,,BDT,FALSE,,FALSE,FALSE,FALSE
373,133,3,20260827,2026-08-27 16:10:04,73.00,,,BDT,FALSE,,FALSE,FALSE,FALSE
374,134,3,20260827,2026-08-27 16:10:04,42.00,50.00,16.00,BDT,FALSE,,TRUE,TRUE,FALSE
375,135,3,20260827,2026-08-27 16:10:04,42.00,50.00,16.00,BDT,FALSE,,TRUE,TRUE,FALSE
376,136,3,20260827,2026-08-27 16:10:04,42.00,50.00,16.00,BDT,FALSE,,TRUE,TRUE,FALSE
377,137,3,20260827,2026-08-27 16:10:04,382.00,460.00,16.96,BDT,FALSE,,TRUE,TRUE,FALSE
378,138,3,20260827,2026-08-27 16:10:04,759.00,925.00,17.95,BDT,FALSE,,TRUE,TRUE,FALSE
379,139,3,20260827,2026-08-27 16:10:04,67.00,80.00,16.25,BDT,FALSE,,TRUE,TRUE,FALSE
380,140,3,20260827,2026-08-27 16:10:04,13.00,15.00,13.33,BDT,FALSE,,TRUE,TRUE,FALSE
381,141,3,20260827,2026-08-27 16:10:04,503.00,559.00,10.02,BDT,FALSE,,TRUE,TRUE,FALSE
382,142,3,20260827,2026-08-27 16:10:04,260.00,,,BDT,FALSE,,FALSE,FALSE,FALSE
383,143,3,20260827,2026-08-27 16:10:04,90.00,,,BDT,FALSE,,FALSE,FALSE,FALSE
384,144,3,20260827,2026-08-27 16:10:04,90.00,,,BDT,FALSE,,FALSE,FALSE,FALSE
385,145,3,20260827,2026-08-27 16:10:04,310.00,350.00,11.43,BDT,FALSE,,TRUE,TRUE,FALSE
386,146,3,20260827,2026-08-27 16:10:04,289.00,299.00,3.34,BDT,FALSE,,TRUE,TRUE,FALSE
387,147,3,20260827,2026-08-27 16:10:04,320.00,,,BDT,FALSE,,FALSE,FALSE,FALSE
388,148,3,20260827,2026-08-27 16:10:04,180.00,,,BDT,FALSE,,FALSE,FALSE,FALSE
389,47,5,20260827,2026-08-27 16:10:13,12.25,,,BDT,FALSE,,FALSE,FALSE,FALSE
390,48,5,20260827,2026-08-27 16:10:13,24.00,30.00,20.00,BDT,FALSE,,TRUE,TRUE,FALSE
391,49,5,20260827,2026-08-27 16:10:13,42.00,,,BDT,FALSE,,FALSE,FALSE,FALSE
392,50,5,20260827,2026-08-27 16:10:13,48.00,55.00,12.73,BDT,FALSE,,TRUE,TRUE,FALSE
393,51,5,20260827,2026-08-27 16:10:13,93.00,100.00,7.00,BDT,FALSE,,TRUE,TRUE,FALSE
394,52,5,20260827,2026-08-27 16:10:13,108.00,110.00,1.82,BDT,FALSE,,TRUE,TRUE,FALSE
395,53,5,20260827,2026-08-27 16:10:13,34.00,42.00,19.05,BDT,FALSE,,TRUE,TRUE,FALSE
396,54,5,20260827,2026-08-27 16:10:13,88.00,120.00,26.67,BDT,FALSE,,TRUE,TRUE,FALSE
397,55,5,20260827,2026-08-27 16:10:13,65.00,72.00,9.72,BDT,FALSE,,TRUE,TRUE,FALSE
398,119,5,20260827,2026-08-27 16:10:13,171.00,200.00,14.50,BDT,FALSE,,TRUE,TRUE,FALSE
399,68,5,20260827,2026-08-27 16:10:13,1200.00,1300.00,7.69,BDT,FALSE,,TRUE,TRUE,FALSE
400,69,5,20260827,2026-08-27 16:10:13,415.00,475.00,12.63,BDT,FALSE,,TRUE,TRUE,FALSE
401,70,5,20260827,2026-08-27 16:10:13,825.00,945.00,12.70,BDT,FALSE,,TRUE,TRUE,FALSE
402,71,5,20260827,2026-08-27 16:10:13,410.00,460.00,10.87,BDT,FALSE,,TRUE,TRUE,FALSE
403,93,5,20260827,2026-08-27 16:10:13,380.00,400.00,5.00,BDT,FALSE,,TRUE,TRUE,FALSE
404,94,5,20260827,2026-08-27 16:10:13,720.00,750.00,4.00,BDT,FALSE,,TRUE,TRUE,FALSE
405,95,5,20260827,2026-08-27 16:10:13,430.00,480.00,10.42,BDT,FALSE,,TRUE,TRUE,FALSE
406,96,5,20260827,2026-08-27 16:10:13,850.00,950.00,10.53,BDT,FALSE,,TRUE,TRUE,FALSE
407,97,5,20260827,2026-08-27 16:10:13,185.00,205.00,9.76,BDT,FALSE,,TRUE,TRUE,FALSE
408,120,5,20260827,2026-08-27 16:10:13,800.00,950.00,15.79,BDT,FALSE,,TRUE,TRUE,FALSE
409,121,5,20260827,2026-08-27 16:10:13,95.00,105.00,9.52,BDT,FALSE,,TRUE,TRUE,FALSE
410,122,5,20260827,2026-08-27 16:10:13,770.00,870.00,11.49,BDT,FALSE,,TRUE,TRUE,FALSE
411,123,5,20260827,2026-08-27 16:10:13,400.00,450.00,11.11,BDT,FALSE,,TRUE,TRUE,FALSE
412,124,5,20260827,2026-08-27 16:10:13,175.00,225.00,22.22,BDT,FALSE,,TRUE,TRUE,FALSE
413,1,6,20260827,2026-08-27 16:10:25,550.00,,,BDT,FALSE,,FALSE,FALSE,FALSE
414,2,6,20260827,2026-08-27 16:10:25,800.00,,,BDT,FALSE,,FALSE,FALSE,FALSE
415,3,6,20260827,2026-08-27 16:10:25,800.00,,,BDT,FALSE,,FALSE,FALSE,FALSE
416,4,6,20260827,2026-08-27 16:10:25,800.00,,,BDT,FALSE,,FALSE,FALSE,FALSE
417,5,6,20260827,2026-08-27 16:10:25,799.00,900.00,11.22,BDT,FALSE,,TRUE,TRUE,FALSE
418,6,6,20260827,2026-08-27 16:10:25,900.00,,,BDT,FALSE,,FALSE,FALSE,FALSE
419,7,6,20260827,2026-08-27 16:10:25,975.00,,,BDT,FALSE,,FALSE,FALSE,FALSE
420,8,6,20260827,2026-08-27 16:10:25,980.00,,,BDT,FALSE,,FALSE,FALSE,FALSE
421,9,6,20260827,2026-08-27 16:10:25,1000.00,,,BDT,FALSE,,FALSE,FALSE,FALSE
422,10,6,20260827,2026-08-27 16:10:25,1050.00,,,BDT,FALSE,,FALSE,FALSE,FALSE
423,11,6,20260827,2026-08-27 16:10:25,850.00,1050.00,19.05,BDT,FALSE,,TRUE,TRUE,FALSE
424,12,6,20260827,2026-08-27 16:10:25,1050.00,,,BDT,FALSE,,FALSE,FALSE,FALSE
425,13,6,20260827,2026-08-27 16:10:25,799.00,1100.00,27.36,BDT,FALSE,,TRUE,TRUE,FALSE
426,14,6,20260827,2026-08-27 16:10:25,799.00,1100.00,27.36,BDT,FALSE,,TRUE,TRUE,FALSE
427,15,6,20260827,2026-08-27 16:10:25,1100.00,,,BDT,FALSE,,FALSE,FALSE,FALSE
428,16,6,20260827,2026-08-27 16:10:25,940.00,1190.00,21.01,BDT,FALSE,,TRUE,TRUE,FALSE
429,17,6,20260827,2026-08-27 16:10:25,1200.00,,,BDT,FALSE,,FALSE,FALSE,FALSE
430,18,6,20260827,2026-08-27 16:10:25,1050.00,1200.00,12.50,BDT,FALSE,,TRUE,TRUE,TRUE
465,29,2,20260827,2026-08-27 16:24:53,275.00,,77.00,BDT,FALSE,,FALSE,TRUE,FALSE
466,30,2,20260827,2026-08-27 16:24:53,384.00,,61.00,BDT,FALSE,,FALSE,TRUE,FALSE
467,31,2,20260827,2026-08-27 16:24:53,357.00,,64.00,BDT,FALSE,,FALSE,TRUE,FALSE
468,32,2,20260827,2026-08-27 16:24:53,149.00,,48.00,BDT,FALSE,,FALSE,TRUE,FALSE
469,33,2,20260827,2026-08-27 16:24:53,355.00,,64.00,BDT,FALSE,,FALSE,TRUE,FALSE
470,34,2,20260827,2026-08-27 16:24:53,276.00,,66.00,BDT,FALSE,,FALSE,TRUE,FALSE
471,35,2,20260827,2026-08-27 16:24:53,239.00,,47.00,BDT,FALSE,,FALSE,TRUE,FALSE
472,36,2,20260827,2026-08-27 16:24:53,396.00,,62.00,BDT,FALSE,,FALSE,TRUE,FALSE
473,58,2,20260827,2026-08-27 16:24:53,339.00,,51.00,BDT,FALSE,,FALSE,TRUE,FALSE
474,87,2,20260827,2026-08-27 16:24:53,799.00,,47.00,BDT,FALSE,,FALSE,TRUE,FALSE
475,88,2,20260827,2026-08-27 16:24:53,229.00,,54.00,BDT,FALSE,,FALSE,TRUE,FALSE
476,59,2,20260827,2026-08-27 16:24:53,350.00,,59.00,BDT,FALSE,,FALSE,TRUE,FALSE
477,60,2,20260827,2026-08-27 16:24:53,299.00,,70.00,BDT,FALSE,,FALSE,TRUE,FALSE
478,61,2,20260827,2026-08-27 16:24:53,272.00,,46.00,BDT,FALSE,,FALSE,TRUE,FALSE
479,89,2,20260827,2026-08-27 16:24:53,399.00,,21.00,BDT,FALSE,,FALSE,TRUE,FALSE
480,90,2,20260827,2026-08-27 16:24:53,259.00,,78.00,BDT,FALSE,,FALSE,TRUE,FALSE
481,91,2,20260827,2026-08-27 16:24:53,265.00,,59.00,BDT,FALSE,,FALSE,TRUE,FALSE
482,92,2,20260827,2026-08-27 16:24:53,583.00,,79.00,BDT,FALSE,,FALSE,TRUE,FALSE
483,62,2,20260827,2026-08-27 16:24:53,332.00,,80.00,BDT,FALSE,,FALSE,TRUE,FALSE
484,63,2,20260827,2026-08-27 16:24:53,380.00,,49.00,BDT,FALSE,,FALSE,TRUE,FALSE
485,118,2,20260827,2026-08-27 16:24:53,388.00,,76.00,BDT,FALSE,,FALSE,TRUE,FALSE
486,64,2,20260827,2026-08-27 16:24:53,200.00,,70.00,BDT,FALSE,,FALSE,TRUE,FALSE
487,65,2,20260827,2026-08-27 16:24:53,299.00,,43.00,BDT,FALSE,,FALSE,TRUE,FALSE
488,66,2,20260827,2026-08-27 16:24:53,355.00,,31.00,BDT,FALSE,,FALSE,TRUE,FALSE
489,173,2,20260827,2026-08-27 16:25:04,209.00,,,BDT,FALSE,,FALSE,FALSE,FALSE
490,174,2,20260827,2026-08-27 16:25:04,176.00,,,BDT,FALSE,,FALSE,FALSE,FALSE
491,175,2,20260827,2026-08-27 16:25:04,835.00,,34.00,BDT,FALSE,,FALSE,TRUE,FALSE
492,176,2,20260827,2026-08-27 16:25:04,382.00,,5.00,BDT,FALSE,,FALSE,TRUE,FALSE
493,177,2,20260827,2026-08-27 16:25:04,590.00,,21.00,BDT,FALSE,,FALSE,TRUE,FALSE
494,178,2,20260827,2026-08-27 16:25:04,191.00,,5.00,BDT,FALSE,,FALSE,TRUE,FALSE
495,179,2,20260827,2026-08-27 16:25:04,239.00,,47.00,BDT,FALSE,,FALSE,TRUE,FALSE
496,180,2,20260827,2026-08-27 16:25:04,307.00,,23.00,BDT,FALSE,,FALSE,TRUE,FALSE
497,181,2,20260827,2026-08-27 16:25:04,170.00,,,BDT,FALSE,,FALSE,FALSE,FALSE
498,182,2,20260827,2026-08-27 16:25:04,133.00,,11.00,BDT,FALSE,,FALSE,TRUE,FALSE
499,183,2,20260827,2026-08-27 16:25:04,166.00,,5.00,BDT,FALSE,,FALSE,TRUE,FALSE
500,184,2,20260827,2026-08-27 16:25:04,595.00,,1.00,BDT,FALSE,,FALSE,TRUE,FALSE
501,185,2,20260827,2026-08-27 16:25:04,362.00,,18.00,BDT,FALSE,,FALSE,TRUE,FALSE
502,186,2,20260827,2026-08-27 16:25:04,650.00,,32.00,BDT,FALSE,,FALSE,TRUE,FALSE
503,187,2,20260827,2026-08-27 16:25:04,310.00,,26.00,BDT,FALSE,,FALSE,TRUE,FALSE
504,188,2,20260827,2026-08-27 16:25:04,300.00,,,BDT,FALSE,,FALSE,FALSE,FALSE
505,189,2,20260827,2026-08-27 16:25:04,365.00,,19.00,BDT,FALSE,,FALSE,TRUE,FALSE
506,190,2,20260827,2026-08-27 16:25:04,579.00,,4.00,BDT,FALSE,,FALSE,TRUE,FALSE
507,191,2,20260827,2026-08-27 16:25:04,150.00,,,BDT,FALSE,,FALSE,FALSE,FALSE
508,192,2,20260827,2026-08-27 16:25:04,310.00,,26.00,BDT,FALSE,,FALSE,TRUE,FALSE
509,193,2,20260827,2026-08-27 16:25:04,299.00,,15.00,BDT,FALSE,,FALSE,TRUE,FALSE
510,194,2,20260827,2026-08-27 16:25:04,1049.00,,,BDT,FALSE,,FALSE,FALSE,FALSE
511,195,2,20260827,2026-08-27 16:25:04,135.00,,7.00,BDT,FALSE,,FALSE,TRUE,FALSE
512,196,2,20260827,2026-08-27 16:25:04,255.00,,25.00,BDT,FALSE,,FALSE,TRUE,FALSE
513,125,3,20260827,2026-08-27 16:25:14,955.00,975.00,2.05,BDT,FALSE,,TRUE,TRUE,FALSE
514,126,3,20260827,2026-08-27 16:25:14,975.00,,,BDT,FALSE,,FALSE,FALSE,FALSE
515,127,3,20260827,2026-08-27 16:25:14,255.00,,,BDT,FALSE,,FALSE,FALSE,FALSE
516,128,3,20260827,2026-08-27 16:25:14,392.00,398.00,1.51,BDT,FALSE,,TRUE,TRUE,FALSE
517,129,3,20260827,2026-08-27 16:25:14,30.00,,,BDT,FALSE,,FALSE,FALSE,FALSE
518,130,3,20260827,2026-08-27 16:25:14,216.00,230.00,6.09,BDT,FALSE,,TRUE,TRUE,FALSE
519,131,3,20260827,2026-08-27 16:25:14,67.00,80.00,16.25,BDT,FALSE,,TRUE,TRUE,FALSE
520,132,3,20260827,2026-08-27 16:25:14,370.00,,,BDT,FALSE,,FALSE,FALSE,FALSE
521,133,3,20260827,2026-08-27 16:25:14,73.00,,,BDT,FALSE,,FALSE,FALSE,FALSE
522,134,3,20260827,2026-08-27 16:25:14,42.00,50.00,16.00,BDT,FALSE,,TRUE,TRUE,FALSE
523,135,3,20260827,2026-08-27 16:25:14,42.00,50.00,16.00,BDT,FALSE,,TRUE,TRUE,FALSE
524,136,3,20260827,2026-08-27 16:25:14,42.00,50.00,16.00,BDT,FALSE,,TRUE,TRUE,FALSE
525,137,3,20260827,2026-08-27 16:25:14,382.00,460.00,16.96,BDT,FALSE,,TRUE,TRUE,FALSE
526,138,3,20260827,2026-08-27 16:25:14,759.00,925.00,17.95,BDT,FALSE,,TRUE,TRUE,FALSE
527,139,3,20260827,2026-08-27 16:25:14,67.00,80.00,16.25,BDT,FALSE,,TRUE,TRUE,FALSE
528,140,3,20260827,2026-08-27 16:25:14,13.00,15.00,13.33,BDT,FALSE,,TRUE,TRUE,FALSE
529,141,3,20260827,2026-08-27 16:25:14,503.00,559.00,10.02,BDT,FALSE,,TRUE,TRUE,FALSE
530,142,3,20260827,2026-08-27 16:25:14,260.00,,,BDT,FALSE,,FALSE,FALSE,FALSE
531,143,3,20260827,2026-08-27 16:25:14,90.00,,,BDT,FALSE,,FALSE,FALSE,FALSE
532,144,3,20260827,2026-08-27 16:25:14,90.00,,,BDT,FALSE,,FALSE,FALSE,FALSE
533,145,3,20260827,2026-08-27 16:25:14,310.00,350.00,11.43,BDT,FALSE,,TRUE,TRUE,FALSE
534,146,3,20260827,2026-08-27 16:25:14,289.00,299.00,3.34,BDT,FALSE,,TRUE,TRUE,FALSE
535,147,3,20260827,2026-08-27 16:25:14,320.00,,,BDT,FALSE,,FALSE,FALSE,FALSE
536,148,3,20260827,2026-08-27 16:25:14,180.00,,,BDT,FALSE,,FALSE,FALSE,FALSE
537,125,3,20260827,2026-08-27 16:25:23,955.00,975.00,2.05,BDT,FALSE,,TRUE,TRUE,FALSE
538,126,3,20260827,2026-08-27 16:25:23,975.00,,,BDT,FALSE,,FALSE,FALSE,FALSE
539,127,3,20260827,2026-08-27 16:25:23,255.00,,,BDT,FALSE,,FALSE,FALSE,FALSE
540,128,3,20260827,2026-08-27 16:25:23,392.00,398.00,1.51,BDT,FALSE,,TRUE,TRUE,FALSE
541,129,3,20260827,2026-08-27 16:25:23,30.00,,,BDT,FALSE,,FALSE,FALSE,FALSE
542,130,3,20260827,2026-08-27 16:25:23,216.00,230.00,6.09,BDT,FALSE,,TRUE,TRUE,FALSE
543,131,3,20260827,2026-08-27 16:25:23,67.00,80.00,16.25,BDT,FALSE,,TRUE,TRUE,FALSE
544,132,3,20260827,2026-08-27 16:25:23,370.00,,,BDT,FALSE,,FALSE,FALSE,FALSE
545,133,3,20260827,2026-08-27 16:25:23,73.00,,,BDT,FALSE,,FALSE,FALSE,FALSE
546,134,3,20260827,2026-08-27 16:25:23,42.00,50.00,16.00,BDT,FALSE,,TRUE,TRUE,FALSE
547,135,3,20260827,2026-08-27 16:25:23,42.00,50.00,16.00,BDT,FALSE,,TRUE,TRUE,FALSE
548,136,3,20260827,2026-08-27 16:25:23,42.00,50.00,16.00,BDT,FALSE,,TRUE,TRUE,FALSE
549,137,3,20260827,2026-08-27 16:25:23,382.00,460.00,16.96,BDT,FALSE,,TRUE,TRUE,FALSE
550,138,3,20260827,2026-08-27 16:25:23,759.00,925.00,17.95,BDT,FALSE,,TRUE,TRUE,FALSE
551,139,3,20260827,2026-08-27 16:25:23,67.00,80.00,16.25,BDT,FALSE,,TRUE,TRUE,FALSE
552,140,3,20260827,2026-08-27 16:25:23,13.00,15.00,13.33,BDT,FALSE,,TRUE,TRUE,FALSE
553,141,3,20260827,2026-08-27 16:25:23,503.00,559.00,10.02,BDT,FALSE,,TRUE,TRUE,FALSE
554,142,3,20260827,2026-08-27 16:25:23,260.00,,,BDT,FALSE,,FALSE,FALSE,FALSE
555,143,3,20260827,2026-08-27 16:25:23,90.00,,,BDT,FALSE,,FALSE,FALSE,FALSE
556,144,3,20260827,2026-08-27 16:25:23,90.00,,,BDT,FALSE,,FALSE,FALSE,FALSE
557,145,3,20260827,2026-08-27 16:25:23,310.00,350.00,11.43,BDT,FALSE,,TRUE,TRUE,FALSE
558,146,3,20260827,2026-08-27 16:25:23,289.00,299.00,3.34,BDT,FALSE,,TRUE,TRUE,FALSE
559,147,3,20260827,2026-08-27 16:25:23,320.00,,,BDT,FALSE,,FALSE,FALSE,FALSE
560,148,3,20260827,2026-08-27 16:25:23,180.00,,,BDT,FALSE,,FALSE,FALSE,FALSE
561,47,5,20260827,2026-08-27 16:25:33,12.25,,,BDT,FALSE,,FALSE,FALSE,FALSE
562,48,5,20260827,2026-08-27 16:25:33,24.00,30.00,20.00,BDT,FALSE,,TRUE,TRUE,FALSE
563,49,5,20260827,2026-08-27 16:25:33,42.00,,,BDT,FALSE,,FALSE,FALSE,FALSE
564,50,5,20260827,2026-08-27 16:25:33,48.00,55.00,12.73,BDT,FALSE,,TRUE,TRUE,FALSE
565,51,5,20260827,2026-08-27 16:25:33,93.00,100.00,7.00,BDT,FALSE,,TRUE,TRUE,FALSE
566,52,5,20260827,2026-08-27 16:25:33,108.00,110.00,1.82,BDT,FALSE,,TRUE,TRUE,FALSE
567,53,5,20260827,2026-08-27 16:25:33,34.00,42.00,19.05,BDT,FALSE,,TRUE,TRUE,FALSE
568,197,5,20260827,2026-08-27 16:25:33,99.00,130.00,23.85,BDT,FALSE,,TRUE,TRUE,TRUE
569,54,5,20260827,2026-08-27 16:25:33,88.00,120.00,26.67,BDT,FALSE,,TRUE,TRUE,FALSE
570,55,5,20260827,2026-08-27 16:25:33,65.00,72.00,9.72,BDT,FALSE,,TRUE,TRUE,FALSE
571,68,5,20260827,2026-08-27 16:25:33,1200.00,1300.00,7.69,BDT,FALSE,,TRUE,TRUE,FALSE
572,69,5,20260827,2026-08-27 16:25:33,415.00,475.00,12.63,BDT,FALSE,,TRUE,TRUE,FALSE
573,70,5,20260827,2026-08-27 16:25:33,825.00,945.00,12.70,BDT,FALSE,,TRUE,TRUE,FALSE
574,71,5,20260827,2026-08-27 16:25:33,410.00,460.00,10.87,BDT,FALSE,,TRUE,TRUE,FALSE
575,93,5,20260827,2026-08-27 16:25:33,380.00,400.00,5.00,BDT,FALSE,,TRUE,TRUE,FALSE
576,198,5,20260827,2026-08-27 16:25:33,380.00,395.00,3.80,BDT,FALSE,,TRUE,TRUE,TRUE
577,94,5,20260827,2026-08-27 16:25:33,720.00,750.00,4.00,BDT,FALSE,,TRUE,TRUE,FALSE
578,95,5,20260827,2026-08-27 16:25:33,430.00,480.00,10.42,BDT,FALSE,,TRUE,TRUE,FALSE
579,96,5,20260827,2026-08-27 16:25:33,850.00,950.00,10.53,BDT,FALSE,,TRUE,TRUE,FALSE
580,120,5,20260827,2026-08-27 16:25:33,800.00,950.00,15.79,BDT,FALSE,,TRUE,TRUE,FALSE
581,123,5,20260827,2026-08-27 16:25:33,400.00,450.00,11.11,BDT,FALSE,,TRUE,TRUE,FALSE
582,199,5,20260827,2026-08-27 16:25:33,199.00,299.00,33.44,BDT,FALSE,,TRUE,TRUE,FALSE
583,200,5,20260827,2026-08-27 16:25:33,220.00,299.00,26.42,BDT,FALSE,,TRUE,TRUE,FALSE
584,201,5,20260827,2026-08-27 16:25:33,130.00,,,BDT,FALSE,,FALSE,FALSE,FALSE
585,202,5,20260827,2026-08-27 16:25:45,510.00,,,BDT,FALSE,,FALSE,FALSE,FALSE
586,203,5,20260827,2026-08-27 16:25:45,520.00,,,BDT,FALSE,,FALSE,FALSE,FALSE
587,204,5,20260827,2026-08-27 16:25:45,1190.00,,,BDT,FALSE,,FALSE,FALSE,FALSE
588,205,5,20260827,2026-08-27 16:25:45,595.00,,,BDT,FALSE,,FALSE,FALSE,FALSE
589,206,5,20260827,2026-08-27 16:25:45,960.00,980.00,2.04,BDT,FALSE,,TRUE,TRUE,FALSE
590,207,5,20260827,2026-08-27 16:25:45,910.00,950.00,4.21,BDT,FALSE,,TRUE,TRUE,FALSE
591,208,5,20260827,2026-08-27 16:25:45,880.00,,,BDT,FALSE,,FALSE,FALSE,FALSE
592,209,5,20260827,2026-08-27 16:25:45,440.00,480.00,8.33,BDT,FALSE,,TRUE,TRUE,FALSE
593,210,5,20260827,2026-08-27 16:25:45,485.00,495.00,2.02,BDT,FALSE,,TRUE,TRUE,FALSE
594,211,5,20260827,2026-08-27 16:25:45,460.00,480.00,4.17,BDT,FALSE,,TRUE,TRUE,FALSE
595,212,5,20260827,2026-08-27 16:25:45,250.00,,,BDT,FALSE,,FALSE,FALSE,FALSE
596,213,5,20260827,2026-08-27 16:25:45,230.00,,,BDT,FALSE,,FALSE,FALSE,FALSE
597,214,5,20260827,2026-08-27 16:25:45,210.00,230.00,8.70,BDT,FALSE,,TRUE,TRUE,FALSE
598,215,5,20260827,2026-08-27 16:25:45,1100.00,,,BDT,FALSE,,FALSE,FALSE,FALSE
599,216,5,20260827,2026-08-27 16:25:45,450.00,,,BDT,FALSE,,FALSE,FALSE,FALSE
600,217,5,20260827,2026-08-27 16:25:45,230.00,,,BDT,FALSE,,FALSE,FALSE,FALSE
601,218,5,20260827,2026-08-27 16:25:45,510.00,525.00,2.86,BDT,FALSE,,TRUE,TRUE,FALSE
602,219,5,20260827,2026-08-27 16:25:45,465.00,480.00,3.12,BDT,FALSE,,TRUE,TRUE,FALSE
603,220,5,20260827,2026-08-27 16:25:45,117.00,,,BDT,FALSE,,FALSE,FALSE,FALSE
604,221,5,20260827,2026-08-27 16:25:45,1150.00,,,BDT,FALSE,,FALSE,FALSE,FALSE
605,222,5,20260827,2026-08-27 16:25:45,230.00,,,BDT,FALSE,,FALSE,FALSE,FALSE
606,223,5,20260827,2026-08-27 16:25:45,115.00,,,BDT,FALSE,,FALSE,FALSE,FALSE
607,224,5,20260827,2026-08-27 16:25:45,440.00,460.00,4.35,BDT,FALSE,,TRUE,TRUE,FALSE
608,225,5,20260827,2026-08-27 16:25:45,130.00,,,BDT,FALSE,,FALSE,FALSE,FALSE
609,1,6,20260827,2026-08-27 16:25:53,550.00,,,BDT,FALSE,,FALSE,FALSE,FALSE
610,2,6,20260827,2026-08-27 16:25:53,800.00,,,BDT,FALSE,,FALSE,FALSE,FALSE
611,3,6,20260827,2026-08-27 16:25:53,800.00,,,BDT,FALSE,,FALSE,FALSE,FALSE
612,4,6,20260827,2026-08-27 16:25:53,800.00,,,BDT,FALSE,,FALSE,FALSE,FALSE
613,5,6,20260827,2026-08-27 16:25:53,799.00,900.00,11.22,BDT,FALSE,,TRUE,TRUE,FALSE
614,6,6,20260827,2026-08-27 16:25:53,900.00,,,BDT,FALSE,,FALSE,FALSE,FALSE
615,7,6,20260827,2026-08-27 16:25:53,975.00,,,BDT,FALSE,,FALSE,FALSE,FALSE
616,8,6,20260827,2026-08-27 16:25:53,980.00,,,BDT,FALSE,,FALSE,FALSE,FALSE
617,9,6,20260827,2026-08-27 16:25:53,1000.00,,,BDT,FALSE,,FALSE,FALSE,FALSE
618,10,6,20260827,2026-08-27 16:25:53,1050.00,,,BDT,FALSE,,FALSE,FALSE,FALSE
619,11,6,20260827,2026-08-27 16:25:53,850.00,1050.00,19.05,BDT,FALSE,,TRUE,TRUE,FALSE
620,12,6,20260827,2026-08-27 16:25:53,1050.00,,,BDT,FALSE,,FALSE,FALSE,FALSE
621,13,6,20260827,2026-08-27 16:25:53,799.00,1100.00,27.36,BDT,FALSE,,TRUE,TRUE,FALSE
622,14,6,20260827,2026-08-27 16:25:53,799.00,1100.00,27.36,BDT,FALSE,,TRUE,TRUE,FALSE
623,15,6,20260827,2026-08-27 16:25:53,1100.00,,,BDT,FALSE,,FALSE,FALSE,FALSE
624,16,6,20260827,2026-08-27 16:25:53,940.00,1190.00,21.01,BDT,FALSE,,TRUE,TRUE,FALSE
625,17,6,20260827,2026-08-27 16:25:53,1200.00,,,BDT,FALSE,,FALSE,FALSE,FALSE
626,226,6,20260827,2026-08-27 16:26:01,31000.00,34500.00,10.14,BDT,FALSE,,TRUE,TRUE,FALSE
627,227,6,20260827,2026-08-27 16:26:01,27500.00,33900.00,18.88,BDT,FALSE,,TRUE,TRUE,FALSE
628,228,6,20260827,2026-08-27 16:26:01,45000.00,,,BDT,FALSE,,FALSE,FALSE,FALSE
629,229,6,20260827,2026-08-27 16:26:01,44990.00,47500.00,5.28,BDT,FALSE,,TRUE,TRUE,FALSE
630,230,6,20260827,2026-08-27 16:26:01,59500.00,62500.00,4.80,BDT,FALSE,,TRUE,TRUE,FALSE
631,231,6,20260827,2026-08-27 16:26:01,63000.00,,,BDT,FALSE,,FALSE,FALSE,FALSE
632,232,6,20260827,2026-08-27 16:26:01,61000.00,63500.00,3.94,BDT,FALSE,,TRUE,TRUE,FALSE
633,233,6,20260827,2026-08-27 16:26:01,63500.00,,,BDT,FALSE,,FALSE,FALSE,FALSE
634,234,6,20260827,2026-08-27 16:26:01,64000.00,,,BDT,FALSE,,FALSE,FALSE,FALSE
635,235,6,20260827,2026-08-27 16:26:01,64000.00,,,BDT,FALSE,,FALSE,FALSE,FALSE
636,236,6,20260827,2026-08-27 16:26:01,68000.00,,,BDT,FALSE,,FALSE,FALSE,FALSE
637,237,6,20260827,2026-08-27 16:26:01,70000.00,,,BDT,FALSE,,FALSE,FALSE,FALSE
638,238,6,20260827,2026-08-27 16:26:01,70500.00,,,BDT,FALSE,,FALSE,FALSE,FALSE
639,239,6,20260827,2026-08-27 16:26:01,72500.00,,,BDT,FALSE,,FALSE,FALSE,FALSE
640,240,6,20260827,2026-08-27 16:26:01,73500.00,,,BDT,FALSE,,FALSE,FALSE,FALSE
641,241,6,20260827,2026-08-27 16:26:01,73500.00,,,BDT,FALSE,,FALSE,FALSE,FALSE
642,242,6,20260827,2026-08-27 16:26:01,73500.00,,,BDT,FALSE,,FALSE,FALSE,FALSE
643,243,6,20260827,2026-08-27 16:26:01,74500.00,,,BDT,FALSE,,FALSE,FALSE,FALSE
644,244,6,20260827,2026-08-27 16:26:01,74500.00,,,BDT,FALSE,,FALSE,FALSE,FALSE
703,293,4,20260827,2026-08-27 17:20:23,89999.00,,,BDT,FALSE,,FALSE,FALSE,FALSE
704,294,4,20260827,2026-08-27 17:20:23,106999.00,,,BDT,FALSE,,FALSE,FALSE,FALSE
705,295,4,20260827,2026-08-27 17:20:23,,,,BDT,TRUE,Above plausible ceiling,FALSE,FALSE,FALSE
706,296,4,20260827,2026-08-27 17:20:23,,,,BDT,TRUE,Above plausible ceiling,FALSE,FALSE,FALSE
707,297,4,20260827,2026-08-27 17:20:23,,,,BDT,TRUE,Above plausible ceiling,FALSE,FALSE,FALSE
708,298,4,20260827,2026-08-27 17:20:23,,,,BDT,TRUE,Above plausible ceiling,FALSE,FALSE,FALSE
709,299,4,20260827,2026-08-27 17:20:23,,,,BDT,TRUE,Above plausible ceiling,FALSE,FALSE,FALSE
710,300,4,20260827,2026-08-27 17:20:23,,,,BDT,TRUE,Above plausible ceiling,FALSE,FALSE,FALSE
711,301,4,20260827,2026-08-27 17:20:23,,,,BDT,TRUE,Above plausible ceiling,FALSE,FALSE,FALSE
712,302,4,20260827,2026-08-27 17:20:23,,,,BDT,TRUE,Above plausible ceiling,FALSE,FALSE,FALSE
713,303,4,20260827,2026-08-27 17:20:23,,,,BDT,TRUE,Above plausible ceiling,FALSE,FALSE,FALSE
714,304,4,20260827,2026-08-27 17:20:23,,,,BDT,TRUE,Above plausible ceiling,FALSE,FALSE,FALSE
715,305,4,20260827,2026-08-27 17:20:23,,,,BDT,TRUE,Above plausible ceiling,FALSE,FALSE,FALSE
716,306,4,20260827,2026-08-27 17:20:23,,,,BDT,TRUE,Above plausible ceiling,FALSE,FALSE,FALSE
717,307,4,20260827,2026-08-27 17:20:23,,,,BDT,TRUE,Above plausible ceiling,FALSE,FALSE,FALSE
718,308,4,20260827,2026-08-27 17:20:23,,,,BDT,TRUE,Above plausible ceiling,FALSE,FALSE,FALSE
719,309,4,20260827,2026-08-27 17:20:23,,,,BDT,TRUE,Above plausible ceiling,FALSE,FALSE,FALSE
720,310,4,20260827,2026-08-27 17:20:23,,,,BDT,TRUE,Above plausible ceiling,FALSE,FALSE,FALSE
721,311,4,20260827,2026-08-27 17:20:23,,,,BDT,TRUE,Above plausible ceiling,FALSE,FALSE,FALSE
722,293,4,20260827,2026-08-27 17:21:40,89999.00,,,BDT,FALSE,,FALSE,FALSE,FALSE
723,294,4,20260827,2026-08-27 17:21:40,106999.00,,,BDT,FALSE,,FALSE,FALSE,FALSE
724,295,4,20260827,2026-08-27 17:21:40,193000.00,196000.00,1.53,BDT,FALSE,,TRUE,TRUE,FALSE
725,296,4,20260827,2026-08-27 17:21:40,184500.00,185000.00,0.27,BDT,FALSE,,TRUE,TRUE,FALSE
726,297,4,20260827,2026-08-27 17:21:40,140000.00,142000.00,1.41,BDT,FALSE,,TRUE,TRUE,FALSE
727,298,4,20260827,2026-08-27 17:21:40,133500.00,134000.00,0.37,BDT,FALSE,,TRUE,TRUE,FALSE
728,299,4,20260827,2026-08-27 17:21:40,128500.00,129000.00,0.39,BDT,FALSE,,TRUE,TRUE,FALSE
729,300,4,20260827,2026-08-27 17:21:40,168500.00,169000.00,0.30,BDT,FALSE,,TRUE,TRUE,FALSE
730,301,4,20260827,2026-08-27 17:21:40,168500.00,169000.00,0.30,BDT,FALSE,,TRUE,TRUE,FALSE
731,302,4,20260827,2026-08-27 17:21:40,92700.00,93000.00,0.32,BDT,FALSE,,TRUE,TRUE,FALSE
732,303,4,20260827,2026-08-27 17:21:40,92700.00,93000.00,0.32,BDT,FALSE,,TRUE,TRUE,FALSE
733,304,4,20260827,2026-08-27 17:21:40,92700.00,93000.00,0.32,BDT,FALSE,,TRUE,TRUE,FALSE
734,305,4,20260827,2026-08-27 17:21:40,194500.00,195000.00,0.26,BDT,FALSE,,TRUE,TRUE,FALSE
735,306,4,20260827,2026-08-27 17:21:40,161500.00,162000.00,0.31,BDT,FALSE,,TRUE,TRUE,FALSE
736,307,4,20260827,2026-08-27 17:21:40,161500.00,162000.00,0.31,BDT,FALSE,,TRUE,TRUE,FALSE
737,308,4,20260827,2026-08-27 17:21:40,114000.00,116000.00,1.72,BDT,FALSE,,TRUE,TRUE,FALSE
738,309,4,20260827,2026-08-27 17:21:40,117000.00,119000.00,1.68,BDT,FALSE,,TRUE,TRUE,FALSE
739,310,4,20260827,2026-08-27 17:21:40,121500.00,122000.00,0.41,BDT,FALSE,,TRUE,TRUE,FALSE
740,311,4,20260827,2026-08-27 17:21:40,121500.00,122000.00,0.41,BDT,FALSE,,TRUE,TRUE,FALSE
741,29,2,20260827,2026-08-27 17:41:58,275.00,,77.00,BDT,FALSE,,FALSE,TRUE,FALSE
742,30,2,20260827,2026-08-27 17:41:58,384.00,,61.00,BDT,FALSE,,FALSE,TRUE,FALSE
743,31,2,20260827,2026-08-27 17:41:58,357.00,,64.00,BDT,FALSE,,FALSE,TRUE,FALSE
744,32,2,20260827,2026-08-27 17:41:58,149.00,,48.00,BDT,FALSE,,FALSE,TRUE,FALSE
745,33,2,20260827,2026-08-27 17:41:58,355.00,,64.00,BDT,FALSE,,FALSE,TRUE,FALSE
746,34,2,20260827,2026-08-27 17:41:58,276.00,,66.00,BDT,FALSE,,FALSE,TRUE,FALSE
747,35,2,20260827,2026-08-27 17:41:58,239.00,,47.00,BDT,FALSE,,FALSE,TRUE,FALSE
748,36,2,20260827,2026-08-27 17:41:58,396.00,,62.00,BDT,FALSE,,FALSE,TRUE,FALSE
749,58,2,20260827,2026-08-27 17:41:58,339.00,,51.00,BDT,FALSE,,FALSE,TRUE,FALSE
750,87,2,20260827,2026-08-27 17:41:58,799.00,,47.00,BDT,FALSE,,FALSE,TRUE,FALSE
751,88,2,20260827,2026-08-27 17:41:58,229.00,,54.00,BDT,FALSE,,FALSE,TRUE,FALSE
752,59,2,20260827,2026-08-27 17:41:58,350.00,,59.00,BDT,FALSE,,FALSE,TRUE,FALSE
753,60,2,20260827,2026-08-27 17:41:58,299.00,,70.00,BDT,FALSE,,FALSE,TRUE,FALSE
754,61,2,20260827,2026-08-27 17:41:58,272.00,,46.00,BDT,FALSE,,FALSE,TRUE,FALSE
755,89,2,20260827,2026-08-27 17:41:58,399.00,,21.00,BDT,FALSE,,FALSE,TRUE,FALSE
756,90,2,20260827,2026-08-27 17:41:58,259.00,,78.00,BDT,FALSE,,FALSE,TRUE,FALSE
757,91,2,20260827,2026-08-27 17:41:58,265.00,,59.00,BDT,FALSE,,FALSE,TRUE,FALSE
758,92,2,20260827,2026-08-27 17:41:58,583.00,,79.00,BDT,FALSE,,FALSE,TRUE,FALSE
759,62,2,20260827,2026-08-27 17:41:58,332.00,,80.00,BDT,FALSE,,FALSE,TRUE,FALSE
760,63,2,20260827,2026-08-27 17:41:58,380.00,,49.00,BDT,FALSE,,FALSE,TRUE,FALSE
761,118,2,20260827,2026-08-27 17:41:58,388.00,,76.00,BDT,FALSE,,FALSE,TRUE,FALSE
762,64,2,20260827,2026-08-27 17:41:58,200.00,,70.00,BDT,FALSE,,FALSE,TRUE,FALSE
763,65,2,20260827,2026-08-27 17:41:58,299.00,,43.00,BDT,FALSE,,FALSE,TRUE,FALSE
764,66,2,20260827,2026-08-27 17:41:58,355.00,,31.00,BDT,FALSE,,FALSE,TRUE,FALSE
765,312,2,20260827,2026-08-27 17:41:58,399.00,,34.00,BDT,FALSE,,FALSE,TRUE,FALSE
766,313,2,20260827,2026-08-27 17:41:58,292.00,,71.00,BDT,FALSE,,FALSE,TRUE,FALSE
767,314,2,20260827,2026-08-27 17:41:58,384.00,,81.00,BDT,FALSE,,FALSE,TRUE,FALSE
768,315,2,20260827,2026-08-27 17:41:58,199.00,,60.00,BDT,FALSE,,FALSE,TRUE,FALSE
769,316,2,20260827,2026-08-27 17:41:58,265.00,,69.00,BDT,FALSE,,FALSE,TRUE,FALSE
770,317,2,20260827,2026-08-27 17:41:58,295.00,,34.00,BDT,FALSE,,FALSE,TRUE,FALSE
771,318,2,20260827,2026-08-27 17:41:58,369.00,,31.00,BDT,FALSE,,FALSE,TRUE,FALSE
772,319,2,20260827,2026-08-27 17:41:58,175.00,,56.00,BDT,FALSE,,FALSE,TRUE,FALSE
773,320,2,20260827,2026-08-27 17:41:58,443.00,,60.00,BDT,FALSE,,FALSE,TRUE,FALSE
774,321,2,20260827,2026-08-27 17:41:58,273.00,,58.00,BDT,FALSE,,FALSE,TRUE,FALSE
775,322,2,20260827,2026-08-27 17:41:58,285.00,,43.00,BDT,FALSE,,FALSE,TRUE,FALSE
776,323,2,20260827,2026-08-27 17:41:58,470.00,,79.00,BDT,FALSE,,FALSE,TRUE,FALSE
777,324,2,20260827,2026-08-27 17:41:58,259.00,,52.00,BDT,FALSE,,FALSE,TRUE,FALSE
778,325,2,20260827,2026-08-27 17:41:58,180.00,,40.00,BDT,FALSE,,FALSE,TRUE,FALSE
779,326,2,20260827,2026-08-27 17:41:58,299.00,,50.00,BDT,FALSE,,FALSE,TRUE,FALSE
780,327,2,20260827,2026-08-27 17:41:58,225.00,,44.00,BDT,FALSE,,FALSE,TRUE,FALSE
781,173,2,20260827,2026-08-27 17:42:15,209.00,,,BDT,FALSE,,FALSE,FALSE,FALSE
782,174,2,20260827,2026-08-27 17:42:15,176.00,,,BDT,FALSE,,FALSE,FALSE,FALSE
783,175,2,20260827,2026-08-27 17:42:15,835.00,,34.00,BDT,FALSE,,FALSE,TRUE,FALSE
784,176,2,20260827,2026-08-27 17:42:15,382.00,,5.00,BDT,FALSE,,FALSE,TRUE,FALSE
785,328,2,20260827,2026-08-27 17:42:15,270.00,,23.00,BDT,FALSE,,FALSE,TRUE,FALSE
786,177,2,20260827,2026-08-27 17:42:15,590.00,,21.00,BDT,FALSE,,FALSE,TRUE,FALSE
787,178,2,20260827,2026-08-27 17:42:15,191.00,,5.00,BDT,FALSE,,FALSE,TRUE,FALSE
788,179,2,20260827,2026-08-27 17:42:15,239.00,,47.00,BDT,FALSE,,FALSE,TRUE,FALSE
789,180,2,20260827,2026-08-27 17:42:15,307.00,,23.00,BDT,FALSE,,FALSE,TRUE,FALSE
790,181,2,20260827,2026-08-27 17:42:15,170.00,,,BDT,FALSE,,FALSE,FALSE,FALSE
791,182,2,20260827,2026-08-27 17:42:15,133.00,,11.00,BDT,FALSE,,FALSE,TRUE,FALSE
792,183,2,20260827,2026-08-27 17:42:15,166.00,,5.00,BDT,FALSE,,FALSE,TRUE,FALSE
793,184,2,20260827,2026-08-27 17:42:15,595.00,,1.00,BDT,FALSE,,FALSE,TRUE,FALSE
794,185,2,20260827,2026-08-27 17:42:15,362.00,,18.00,BDT,FALSE,,FALSE,TRUE,FALSE
795,186,2,20260827,2026-08-27 17:42:15,650.00,,32.00,BDT,FALSE,,FALSE,TRUE,FALSE
796,187,2,20260827,2026-08-27 17:42:15,310.00,,26.00,BDT,FALSE,,FALSE,TRUE,FALSE
797,188,2,20260827,2026-08-27 17:42:15,300.00,,,BDT,FALSE,,FALSE,FALSE,FALSE
798,189,2,20260827,2026-08-27 17:42:15,365.00,,19.00,BDT,FALSE,,FALSE,TRUE,FALSE
799,190,2,20260827,2026-08-27 17:42:15,579.00,,4.00,BDT,FALSE,,FALSE,TRUE,FALSE
800,191,2,20260827,2026-08-27 17:42:15,150.00,,,BDT,FALSE,,FALSE,FALSE,FALSE
801,192,2,20260827,2026-08-27 17:42:15,310.00,,26.00,BDT,FALSE,,FALSE,TRUE,FALSE
802,193,2,20260827,2026-08-27 17:42:15,299.00,,15.00,BDT,FALSE,,FALSE,TRUE,FALSE
803,194,2,20260827,2026-08-27 17:42:15,1049.00,,,BDT,FALSE,,FALSE,FALSE,FALSE
804,195,2,20260827,2026-08-27 17:42:15,135.00,,7.00,BDT,FALSE,,FALSE,TRUE,FALSE
805,329,2,20260827,2026-08-27 17:42:15,325.00,,38.00,BDT,FALSE,,FALSE,TRUE,FALSE
806,196,2,20260827,2026-08-27 17:42:15,255.00,,25.00,BDT,FALSE,,FALSE,TRUE,FALSE
807,330,2,20260827,2026-08-27 17:42:15,849.00,,15.00,BDT,FALSE,,FALSE,TRUE,FALSE
808,331,2,20260827,2026-08-27 17:42:15,295.00,,9.00,BDT,FALSE,,FALSE,TRUE,FALSE
809,332,2,20260827,2026-08-27 17:42:15,247.00,,1.00,BDT,FALSE,,FALSE,TRUE,FALSE
810,333,2,20260827,2026-08-27 17:42:15,128.00,,36.00,BDT,FALSE,,FALSE,TRUE,FALSE
811,334,2,20260827,2026-08-27 17:42:15,209.00,,,BDT,FALSE,,FALSE,FALSE,FALSE
812,335,2,20260827,2026-08-27 17:42:15,600.00,,29.00,BDT,FALSE,,FALSE,TRUE,FALSE
813,336,2,20260827,2026-08-27 17:42:15,130.00,,,BDT,FALSE,,FALSE,FALSE,FALSE
814,337,2,20260827,2026-08-27 17:42:15,125.00,,,BDT,FALSE,,FALSE,FALSE,FALSE
815,338,2,20260827,2026-08-27 17:42:15,400.00,,,BDT,FALSE,,FALSE,FALSE,FALSE
816,339,2,20260827,2026-08-27 17:42:15,209.00,,54.00,BDT,FALSE,,FALSE,TRUE,FALSE
817,340,2,20260827,2026-08-27 17:42:15,103.00,,66.00,BDT,FALSE,,FALSE,TRUE,FALSE
818,341,2,20260827,2026-08-27 17:42:15,232.00,,34.00,BDT,FALSE,,FALSE,TRUE,FALSE
819,342,2,20260827,2026-08-27 17:42:15,191.00,,52.00,BDT,FALSE,,FALSE,TRUE,FALSE
820,343,2,20260827,2026-08-27 17:42:15,259.00,,19.00,BDT,FALSE,,FALSE,TRUE,FALSE
821,125,3,20260827,2026-08-27 17:42:34,955.00,975.00,2.05,BDT,FALSE,,TRUE,TRUE,FALSE
822,126,3,20260827,2026-08-27 17:42:34,975.00,,,BDT,FALSE,,FALSE,FALSE,FALSE
823,127,3,20260827,2026-08-27 17:42:34,255.00,,,BDT,FALSE,,FALSE,FALSE,FALSE
824,128,3,20260827,2026-08-27 17:42:34,392.00,398.00,1.51,BDT,FALSE,,TRUE,TRUE,FALSE
825,129,3,20260827,2026-08-27 17:42:34,30.00,,,BDT,FALSE,,FALSE,FALSE,FALSE
826,130,3,20260827,2026-08-27 17:42:34,216.00,230.00,6.09,BDT,FALSE,,TRUE,TRUE,FALSE
827,131,3,20260827,2026-08-27 17:42:34,67.00,80.00,16.25,BDT,FALSE,,TRUE,TRUE,FALSE
828,132,3,20260827,2026-08-27 17:42:34,370.00,,,BDT,FALSE,,FALSE,FALSE,FALSE
829,133,3,20260827,2026-08-27 17:42:34,73.00,,,BDT,FALSE,,FALSE,FALSE,FALSE
830,134,3,20260827,2026-08-27 17:42:34,42.00,50.00,16.00,BDT,FALSE,,TRUE,TRUE,FALSE
831,135,3,20260827,2026-08-27 17:42:34,42.00,50.00,16.00,BDT,FALSE,,TRUE,TRUE,FALSE
832,136,3,20260827,2026-08-27 17:42:34,42.00,50.00,16.00,BDT,FALSE,,TRUE,TRUE,FALSE
833,137,3,20260827,2026-08-27 17:42:34,382.00,460.00,16.96,BDT,FALSE,,TRUE,TRUE,FALSE
834,138,3,20260827,2026-08-27 17:42:34,759.00,925.00,17.95,BDT,FALSE,,TRUE,TRUE,FALSE
835,139,3,20260827,2026-08-27 17:42:34,67.00,80.00,16.25,BDT,FALSE,,TRUE,TRUE,FALSE
836,140,3,20260827,2026-08-27 17:42:34,13.00,15.00,13.33,BDT,FALSE,,TRUE,TRUE,FALSE
837,141,3,20260827,2026-08-27 17:42:34,503.00,559.00,10.02,BDT,FALSE,,TRUE,TRUE,FALSE
838,142,3,20260827,2026-08-27 17:42:34,260.00,,,BDT,FALSE,,FALSE,FALSE,FALSE
839,143,3,20260827,2026-08-27 17:42:34,90.00,,,BDT,FALSE,,FALSE,FALSE,FALSE
840,144,3,20260827,2026-08-27 17:42:34,90.00,,,BDT,FALSE,,FALSE,FALSE,FALSE
841,145,3,20260827,2026-08-27 17:42:34,310.00,350.00,11.43,BDT,FALSE,,TRUE,TRUE,FALSE
842,146,3,20260827,2026-08-27 17:42:34,289.00,299.00,3.34,BDT,FALSE,,TRUE,TRUE,FALSE
843,147,3,20260827,2026-08-27 17:42:34,320.00,,,BDT,FALSE,,FALSE,FALSE,FALSE
844,148,3,20260827,2026-08-27 17:42:34,180.00,,,BDT,FALSE,,FALSE,FALSE,FALSE
845,344,3,20260827,2026-08-27 17:42:34,161.00,240.00,32.92,BDT,FALSE,,TRUE,TRUE,FALSE
846,345,3,20260827,2026-08-27 17:42:34,489.00,515.00,5.05,BDT,FALSE,,TRUE,TRUE,FALSE
847,346,3,20260827,2026-08-27 17:42:34,215.00,240.00,10.42,BDT,FALSE,,TRUE,TRUE,FALSE
848,347,3,20260827,2026-08-27 17:42:34,440.00,470.00,6.38,BDT,FALSE,,TRUE,TRUE,FALSE
849,348,3,20260827,2026-08-27 17:42:34,100.00,,,BDT,FALSE,,FALSE,FALSE,FALSE
850,349,3,20260827,2026-08-27 17:42:34,120.00,,,BDT,FALSE,,FALSE,FALSE,FALSE
851,350,3,20260827,2026-08-27 17:42:34,255.00,285.00,10.53,BDT,FALSE,,TRUE,TRUE,FALSE
852,351,3,20260827,2026-08-27 17:42:34,115.00,,,BDT,FALSE,,FALSE,FALSE,FALSE
853,352,3,20260827,2026-08-27 17:42:34,108.00,,,BDT,FALSE,,FALSE,FALSE,FALSE
854,353,3,20260827,2026-08-27 17:42:34,94.00,96.00,2.08,BDT,FALSE,,TRUE,TRUE,FALSE
855,354,3,20260827,2026-08-27 17:42:34,150.00,,,BDT,FALSE,,FALSE,FALSE,FALSE
856,355,3,20260827,2026-08-27 17:42:34,95.00,,,BDT,FALSE,,FALSE,FALSE,FALSE
857,356,3,20260827,2026-08-27 17:42:34,255.00,285.00,10.53,BDT,FALSE,,TRUE,TRUE,FALSE
858,357,3,20260827,2026-08-27 17:42:34,1125.00,,,BDT,FALSE,,FALSE,FALSE,FALSE
859,358,3,20260827,2026-08-27 17:42:34,450.00,,,BDT,FALSE,,FALSE,FALSE,FALSE
860,359,3,20260827,2026-08-27 17:42:34,30.00,,,BDT,FALSE,,FALSE,FALSE,FALSE
861,125,3,20260827,2026-08-27 17:42:48,955.00,975.00,2.05,BDT,FALSE,,TRUE,TRUE,FALSE
862,126,3,20260827,2026-08-27 17:42:48,975.00,,,BDT,FALSE,,FALSE,FALSE,FALSE
863,127,3,20260827,2026-08-27 17:42:48,255.00,,,BDT,FALSE,,FALSE,FALSE,FALSE
864,128,3,20260827,2026-08-27 17:42:48,392.00,398.00,1.51,BDT,FALSE,,TRUE,TRUE,FALSE
865,129,3,20260827,2026-08-27 17:42:48,30.00,,,BDT,FALSE,,FALSE,FALSE,FALSE
866,130,3,20260827,2026-08-27 17:42:48,216.00,230.00,6.09,BDT,FALSE,,TRUE,TRUE,FALSE
867,131,3,20260827,2026-08-27 17:42:48,67.00,80.00,16.25,BDT,FALSE,,TRUE,TRUE,FALSE
868,132,3,20260827,2026-08-27 17:42:48,370.00,,,BDT,FALSE,,FALSE,FALSE,FALSE
869,133,3,20260827,2026-08-27 17:42:48,73.00,,,BDT,FALSE,,FALSE,FALSE,FALSE
870,134,3,20260827,2026-08-27 17:42:48,42.00,50.00,16.00,BDT,FALSE,,TRUE,TRUE,FALSE
871,135,3,20260827,2026-08-27 17:42:48,42.00,50.00,16.00,BDT,FALSE,,TRUE,TRUE,FALSE
872,136,3,20260827,2026-08-27 17:42:48,42.00,50.00,16.00,BDT,FALSE,,TRUE,TRUE,FALSE
873,137,3,20260827,2026-08-27 17:42:48,382.00,460.00,16.96,BDT,FALSE,,TRUE,TRUE,FALSE
874,138,3,20260827,2026-08-27 17:42:48,759.00,925.00,17.95,BDT,FALSE,,TRUE,TRUE,FALSE
875,139,3,20260827,2026-08-27 17:42:48,67.00,80.00,16.25,BDT,FALSE,,TRUE,TRUE,FALSE
876,140,3,20260827,2026-08-27 17:42:48,13.00,15.00,13.33,BDT,FALSE,,TRUE,TRUE,FALSE
877,141,3,20260827,2026-08-27 17:42:48,503.00,559.00,10.02,BDT,FALSE,,TRUE,TRUE,FALSE
878,142,3,20260827,2026-08-27 17:42:48,260.00,,,BDT,FALSE,,FALSE,FALSE,FALSE
879,143,3,20260827,2026-08-27 17:42:48,90.00,,,BDT,FALSE,,FALSE,FALSE,FALSE
880,144,3,20260827,2026-08-27 17:42:48,90.00,,,BDT,FALSE,,FALSE,FALSE,FALSE
881,145,3,20260827,2026-08-27 17:42:48,310.00,350.00,11.43,BDT,FALSE,,TRUE,TRUE,FALSE
882,146,3,20260827,2026-08-27 17:42:48,289.00,299.00,3.34,BDT,FALSE,,TRUE,TRUE,FALSE
883,147,3,20260827,2026-08-27 17:42:48,320.00,,,BDT,FALSE,,FALSE,FALSE,FALSE
884,148,3,20260827,2026-08-27 17:42:48,180.00,,,BDT,FALSE,,FALSE,FALSE,FALSE
885,344,3,20260827,2026-08-27 17:42:48,161.00,240.00,32.92,BDT,FALSE,,TRUE,TRUE,FALSE
886,345,3,20260827,2026-08-27 17:42:48,489.00,515.00,5.05,BDT,FALSE,,TRUE,TRUE,FALSE
887,346,3,20260827,2026-08-27 17:42:48,215.00,240.00,10.42,BDT,FALSE,,TRUE,TRUE,FALSE
888,347,3,20260827,2026-08-27 17:42:48,440.00,470.00,6.38,BDT,FALSE,,TRUE,TRUE,FALSE
889,348,3,20260827,2026-08-27 17:42:48,100.00,,,BDT,FALSE,,FALSE,FALSE,FALSE
890,349,3,20260827,2026-08-27 17:42:48,120.00,,,BDT,FALSE,,FALSE,FALSE,FALSE
891,350,3,20260827,2026-08-27 17:42:48,255.00,285.00,10.53,BDT,FALSE,,TRUE,TRUE,FALSE
892,351,3,20260827,2026-08-27 17:42:48,115.00,,,BDT,FALSE,,FALSE,FALSE,FALSE
893,352,3,20260827,2026-08-27 17:42:48,108.00,,,BDT,FALSE,,FALSE,FALSE,FALSE
894,353,3,20260827,2026-08-27 17:42:48,94.00,96.00,2.08,BDT,FALSE,,TRUE,TRUE,FALSE
895,354,3,20260827,2026-08-27 17:42:48,150.00,,,BDT,FALSE,,FALSE,FALSE,FALSE
896,355,3,20260827,2026-08-27 17:42:48,95.00,,,BDT,FALSE,,FALSE,FALSE,FALSE
897,356,3,20260827,2026-08-27 17:42:48,255.00,285.00,10.53,BDT,FALSE,,TRUE,TRUE,FALSE
898,357,3,20260827,2026-08-27 17:42:48,1125.00,,,BDT,FALSE,,FALSE,FALSE,FALSE
899,358,3,20260827,2026-08-27 17:42:48,450.00,,,BDT,FALSE,,FALSE,FALSE,FALSE
900,359,3,20260827,2026-08-27 17:42:48,30.00,,,BDT,FALSE,,FALSE,FALSE,FALSE
901,47,5,20260827,2026-08-27 17:43:04,12.25,,,BDT,FALSE,,FALSE,FALSE,FALSE
902,48,5,20260827,2026-08-27 17:43:04,24.00,30.00,20.00,BDT,FALSE,,TRUE,TRUE,FALSE
903,49,5,20260827,2026-08-27 17:43:04,42.00,,,BDT,FALSE,,FALSE,FALSE,FALSE
904,50,5,20260827,2026-08-27 17:43:04,48.00,55.00,12.73,BDT,FALSE,,TRUE,TRUE,FALSE
905,51,5,20260827,2026-08-27 17:43:04,93.00,100.00,7.00,BDT,FALSE,,TRUE,TRUE,FALSE
906,52,5,20260827,2026-08-27 17:43:04,108.00,110.00,1.82,BDT,FALSE,,TRUE,TRUE,FALSE
907,53,5,20260827,2026-08-27 17:43:04,34.00,42.00,19.05,BDT,FALSE,,TRUE,TRUE,FALSE
908,54,5,20260827,2026-08-27 17:43:04,88.00,120.00,26.67,BDT,FALSE,,TRUE,TRUE,FALSE
909,55,5,20260827,2026-08-27 17:43:04,65.00,72.00,9.72,BDT,FALSE,,TRUE,TRUE,FALSE
910,119,5,20260827,2026-08-27 17:43:04,171.00,200.00,14.50,BDT,FALSE,,TRUE,TRUE,TRUE
911,202,5,20260827,2026-08-27 17:43:14,510.00,,,BDT,FALSE,,FALSE,FALSE,FALSE
912,203,5,20260827,2026-08-27 17:43:14,520.00,,,BDT,FALSE,,FALSE,FALSE,FALSE
913,204,5,20260827,2026-08-27 17:43:14,1190.00,,,BDT,FALSE,,FALSE,FALSE,FALSE
914,205,5,20260827,2026-08-27 17:43:14,595.00,,,BDT,FALSE,,FALSE,FALSE,FALSE
915,206,5,20260827,2026-08-27 17:43:14,960.00,980.00,2.04,BDT,FALSE,,TRUE,TRUE,FALSE
916,207,5,20260827,2026-08-27 17:43:14,910.00,950.00,4.21,BDT,FALSE,,TRUE,TRUE,FALSE
917,208,5,20260827,2026-08-27 17:43:14,880.00,,,BDT,FALSE,,FALSE,FALSE,FALSE
918,209,5,20260827,2026-08-27 17:43:14,440.00,480.00,8.33,BDT,FALSE,,TRUE,TRUE,FALSE
919,210,5,20260827,2026-08-27 17:43:14,485.00,495.00,2.02,BDT,FALSE,,TRUE,TRUE,FALSE
920,211,5,20260827,2026-08-27 17:43:14,460.00,480.00,4.17,BDT,FALSE,,TRUE,TRUE,FALSE
921,212,5,20260827,2026-08-27 17:43:14,250.00,,,BDT,FALSE,,FALSE,FALSE,FALSE
922,213,5,20260827,2026-08-27 17:43:14,230.00,,,BDT,FALSE,,FALSE,FALSE,FALSE
923,214,5,20260827,2026-08-27 17:43:14,210.00,230.00,8.70,BDT,FALSE,,TRUE,TRUE,FALSE
924,215,5,20260827,2026-08-27 17:43:14,1100.00,,,BDT,FALSE,,FALSE,FALSE,FALSE
925,216,5,20260827,2026-08-27 17:43:14,450.00,,,BDT,FALSE,,FALSE,FALSE,FALSE
926,217,5,20260827,2026-08-27 17:43:14,230.00,,,BDT,FALSE,,FALSE,FALSE,FALSE
927,218,5,20260827,2026-08-27 17:43:14,510.00,525.00,2.86,BDT,FALSE,,TRUE,TRUE,FALSE
928,219,5,20260827,2026-08-27 17:43:14,465.00,480.00,3.12,BDT,FALSE,,TRUE,TRUE,FALSE
929,220,5,20260827,2026-08-27 17:43:14,117.00,,,BDT,FALSE,,FALSE,FALSE,FALSE
930,221,5,20260827,2026-08-27 17:43:14,1150.00,,,BDT,FALSE,,FALSE,FALSE,FALSE
931,222,5,20260827,2026-08-27 17:43:14,230.00,,,BDT,FALSE,,FALSE,FALSE,FALSE
932,223,5,20260827,2026-08-27 17:43:14,115.00,,,BDT,FALSE,,FALSE,FALSE,FALSE
933,224,5,20260827,2026-08-27 17:43:14,440.00,460.00,4.35,BDT,FALSE,,TRUE,TRUE,FALSE
934,225,5,20260827,2026-08-27 17:43:14,130.00,,,BDT,FALSE,,FALSE,FALSE,FALSE
935,360,5,20260827,2026-08-27 17:43:14,230.00,,,BDT,FALSE,,FALSE,FALSE,FALSE
936,361,5,20260827,2026-08-27 17:43:14,2965.00,,,BDT,FALSE,,FALSE,FALSE,FALSE
937,362,5,20260827,2026-08-27 17:43:14,120.00,,,BDT,FALSE,,FALSE,FALSE,FALSE
938,363,5,20260827,2026-08-27 17:43:14,220.00,230.00,4.35,BDT,FALSE,,TRUE,TRUE,FALSE
939,364,5,20260827,2026-08-27 17:43:14,530.00,,,BDT,FALSE,,FALSE,FALSE,FALSE
940,365,5,20260827,2026-08-27 17:43:14,500.00,,,BDT,FALSE,,FALSE,FALSE,FALSE
941,366,5,20260827,2026-08-27 17:43:14,299.00,320.00,6.56,BDT,FALSE,,TRUE,TRUE,FALSE
942,367,5,20260827,2026-08-27 17:43:14,2740.00,,,BDT,FALSE,,FALSE,FALSE,FALSE
943,368,5,20260827,2026-08-27 17:43:14,2965.00,,,BDT,FALSE,,FALSE,FALSE,FALSE
944,369,5,20260827,2026-08-27 17:43:14,220.00,230.00,4.35,BDT,FALSE,,TRUE,TRUE,FALSE
945,370,5,20260827,2026-08-27 17:43:14,420.00,,,BDT,FALSE,,FALSE,FALSE,FALSE
946,371,5,20260827,2026-08-27 17:43:14,570.00,,,BDT,FALSE,,FALSE,FALSE,FALSE
947,372,5,20260827,2026-08-27 17:43:14,480.00,,,BDT,FALSE,,FALSE,FALSE,FALSE
948,373,5,20260827,2026-08-27 17:43:14,62.00,,,BDT,FALSE,,FALSE,FALSE,FALSE
949,374,5,20260827,2026-08-27 17:43:14,56.00,60.00,6.67,BDT,FALSE,,TRUE,TRUE,FALSE
950,375,5,20260827,2026-08-27 17:43:14,95.00,,,BDT,FALSE,,FALSE,FALSE,FALSE
951,376,5,20260827,2026-08-27 17:43:14,190.00,,,BDT,FALSE,,FALSE,FALSE,FALSE
952,377,5,20260827,2026-08-27 17:43:14,85.00,,,BDT,FALSE,,FALSE,FALSE,FALSE
953,55,5,20260827,2026-08-27 17:43:14,65.00,72.00,9.72,BDT,FALSE,,TRUE,TRUE,FALSE
954,378,5,20260827,2026-08-27 17:43:14,210.00,,,BDT,FALSE,,FALSE,FALSE,FALSE
955,1,6,20260827,2026-08-27 17:43:27,550.00,,,BDT,FALSE,,FALSE,FALSE,FALSE
956,2,6,20260827,2026-08-27 17:43:27,800.00,,,BDT,FALSE,,FALSE,FALSE,FALSE
957,3,6,20260827,2026-08-27 17:43:27,800.00,,,BDT,FALSE,,FALSE,FALSE,FALSE
958,4,6,20260827,2026-08-27 17:43:27,800.00,,,BDT,FALSE,,FALSE,FALSE,FALSE
959,5,6,20260827,2026-08-27 17:43:27,799.00,900.00,11.22,BDT,FALSE,,TRUE,TRUE,FALSE
960,6,6,20260827,2026-08-27 17:43:27,900.00,,,BDT,FALSE,,FALSE,FALSE,FALSE
961,7,6,20260827,2026-08-27 17:43:27,975.00,,,BDT,FALSE,,FALSE,FALSE,FALSE
962,8,6,20260827,2026-08-27 17:43:27,980.00,,,BDT,FALSE,,FALSE,FALSE,FALSE
963,9,6,20260827,2026-08-27 17:43:27,1000.00,,,BDT,FALSE,,FALSE,FALSE,FALSE
964,10,6,20260827,2026-08-27 17:43:27,1050.00,,,BDT,FALSE,,FALSE,FALSE,FALSE
965,11,6,20260827,2026-08-27 17:43:27,850.00,1050.00,19.05,BDT,FALSE,,TRUE,TRUE,FALSE
966,12,6,20260827,2026-08-27 17:43:27,1050.00,,,BDT,FALSE,,FALSE,FALSE,FALSE
967,13,6,20260827,2026-08-27 17:43:27,799.00,1100.00,27.36,BDT,FALSE,,TRUE,TRUE,FALSE
968,14,6,20260827,2026-08-27 17:43:27,799.00,1100.00,27.36,BDT,FALSE,,TRUE,TRUE,FALSE
969,15,6,20260827,2026-08-27 17:43:27,1100.00,,,BDT,FALSE,,FALSE,FALSE,FALSE
970,16,6,20260827,2026-08-27 17:43:27,940.00,1190.00,21.01,BDT,FALSE,,TRUE,TRUE,FALSE
971,17,6,20260827,2026-08-27 17:43:27,1200.00,,,BDT,FALSE,,FALSE,FALSE,FALSE
972,226,6,20260827,2026-08-27 17:43:35,31000.00,34500.00,10.14,BDT,FALSE,,TRUE,TRUE,FALSE
973,227,6,20260827,2026-08-27 17:43:35,27500.00,33900.00,18.88,BDT,FALSE,,TRUE,TRUE,FALSE
974,228,6,20260827,2026-08-27 17:43:35,45000.00,,,BDT,FALSE,,FALSE,FALSE,FALSE
975,229,6,20260827,2026-08-27 17:43:35,44990.00,47500.00,5.28,BDT,FALSE,,TRUE,TRUE,FALSE
976,230,6,20260827,2026-08-27 17:43:35,59500.00,62500.00,4.80,BDT,FALSE,,TRUE,TRUE,FALSE
977,231,6,20260827,2026-08-27 17:43:35,63000.00,,,BDT,FALSE,,FALSE,FALSE,FALSE
978,232,6,20260827,2026-08-27 17:43:35,61000.00,63500.00,3.94,BDT,FALSE,,TRUE,TRUE,FALSE
979,233,6,20260827,2026-08-27 17:43:35,63500.00,,,BDT,FALSE,,FALSE,FALSE,FALSE
980,234,6,20260827,2026-08-27 17:43:35,64000.00,,,BDT,FALSE,,FALSE,FALSE,FALSE
981,235,6,20260827,2026-08-27 17:43:35,64000.00,,,BDT,FALSE,,FALSE,FALSE,FALSE
982,236,6,20260827,2026-08-27 17:43:35,68000.00,,,BDT,FALSE,,FALSE,FALSE,FALSE
983,237,6,20260827,2026-08-27 17:43:35,70000.00,,,BDT,FALSE,,FALSE,FALSE,FALSE
984,238,6,20260827,2026-08-27 17:43:35,70500.00,,,BDT,FALSE,,FALSE,FALSE,FALSE
985,239,6,20260827,2026-08-27 17:43:35,72500.00,,,BDT,FALSE,,FALSE,FALSE,FALSE
986,240,6,20260827,2026-08-27 17:43:35,73500.00,,,BDT,FALSE,,FALSE,FALSE,FALSE
987,241,6,20260827,2026-08-27 17:43:35,73500.00,,,BDT,FALSE,,FALSE,FALSE,FALSE
988,242,6,20260827,2026-08-27 17:43:35,73500.00,,,BDT,FALSE,,FALSE,FALSE,FALSE
989,243,6,20260827,2026-08-27 17:43:35,74500.00,,,BDT,FALSE,,FALSE,FALSE,FALSE
990,244,6,20260827,2026-08-27 17:43:35,74500.00,,,BDT,FALSE,,FALSE,FALSE,FALSE
1049,293,4,20260827,2026-08-27 17:44:12,89999.00,,,BDT,FALSE,,FALSE,FALSE,FALSE
1050,294,4,20260827,2026-08-27 17:44:12,106999.00,,,BDT,FALSE,,FALSE,FALSE,FALSE
1051,295,4,20260827,2026-08-27 17:44:12,193000.00,196000.00,1.53,BDT,FALSE,,TRUE,TRUE,FALSE
1052,296,4,20260827,2026-08-27 17:44:12,184500.00,185000.00,0.27,BDT,FALSE,,TRUE,TRUE,FALSE
1053,297,4,20260827,2026-08-27 17:44:12,140000.00,142000.00,1.41,BDT,FALSE,,TRUE,TRUE,FALSE
1054,298,4,20260827,2026-08-27 17:44:12,133500.00,134000.00,0.37,BDT,FALSE,,TRUE,TRUE,FALSE
1055,299,4,20260827,2026-08-27 17:44:12,128500.00,129000.00,0.39,BDT,FALSE,,TRUE,TRUE,FALSE
1056,300,4,20260827,2026-08-27 17:44:12,168500.00,169000.00,0.30,BDT,FALSE,,TRUE,TRUE,FALSE
1057,301,4,20260827,2026-08-27 17:44:12,168500.00,169000.00,0.30,BDT,FALSE,,TRUE,TRUE,FALSE
1058,302,4,20260827,2026-08-27 17:44:12,92700.00,93000.00,0.32,BDT,FALSE,,TRUE,TRUE,FALSE
1059,303,4,20260827,2026-08-27 17:44:12,92700.00,93000.00,0.32,BDT,FALSE,,TRUE,TRUE,FALSE
1060,304,4,20260827,2026-08-27 17:44:12,92700.00,93000.00,0.32,BDT,FALSE,,TRUE,TRUE,FALSE
1061,305,4,20260827,2026-08-27 17:44:12,194500.00,195000.00,0.26,BDT,FALSE,,TRUE,TRUE,FALSE
1062,306,4,20260827,2026-08-27 17:44:12,161500.00,162000.00,0.31,BDT,FALSE,,TRUE,TRUE,FALSE
1063,307,4,20260827,2026-08-27 17:44:12,161500.00,162000.00,0.31,BDT,FALSE,,TRUE,TRUE,FALSE
1064,308,4,20260827,2026-08-27 17:44:12,114000.00,116000.00,1.72,BDT,FALSE,,TRUE,TRUE,FALSE
1065,309,4,20260827,2026-08-27 17:44:12,117000.00,119000.00,1.68,BDT,FALSE,,TRUE,TRUE,FALSE
1066,310,4,20260827,2026-08-27 17:44:12,121500.00,122000.00,0.41,BDT,FALSE,,TRUE,TRUE,FALSE
1067,311,4,20260827,2026-08-27 17:44:12,121500.00,122000.00,0.41,BDT,FALSE,,TRUE,TRUE,FALSE
1128,427,1,20260827,2026-08-27 18:20:30,133.00,425.00,68.71,BDT,FALSE,,TRUE,TRUE,FALSE
1129,428,1,20260827,2026-08-27 18:20:30,149.00,425.00,64.94,BDT,FALSE,,TRUE,TRUE,FALSE
1130,429,1,20260827,2026-08-27 18:20:30,199.00,399.00,50.13,BDT,FALSE,,TRUE,TRUE,FALSE
1131,430,1,20260827,2026-08-27 18:20:30,158.00,399.00,60.40,BDT,FALSE,,TRUE,TRUE,FALSE
1132,431,1,20260827,2026-08-27 18:20:30,213.00,235.00,9.36,BDT,FALSE,,TRUE,TRUE,FALSE
1133,427,1,20260827,2026-08-27 18:20:30,133.00,425.00,68.71,BDT,FALSE,,TRUE,TRUE,FALSE
1134,428,1,20260827,2026-08-27 18:20:30,149.00,425.00,64.94,BDT,FALSE,,TRUE,TRUE,FALSE
1135,429,1,20260827,2026-08-27 18:20:30,199.00,399.00,50.13,BDT,FALSE,,TRUE,TRUE,TRUE
1136,430,1,20260827,2026-08-27 18:20:30,158.00,399.00,60.40,BDT,FALSE,,TRUE,TRUE,TRUE
1137,431,1,20260827,2026-08-27 18:20:30,213.00,235.00,9.36,BDT,FALSE,,TRUE,TRUE,TRUE
1138,432,1,20260827,2026-08-27 18:20:30,539.00,1200.00,55.08,BDT,FALSE,,TRUE,TRUE,FALSE
1139,433,1,20260827,2026-08-27 18:20:30,133.00,425.00,68.71,BDT,FALSE,,TRUE,TRUE,FALSE
1140,434,1,20260827,2026-08-27 18:20:30,238.00,240.00,0.83,BDT,FALSE,,TRUE,TRUE,FALSE
1141,435,1,20260827,2026-08-27 18:20:30,258.00,400.00,35.50,BDT,FALSE,,TRUE,TRUE,FALSE
1142,436,1,20260827,2026-08-27 18:20:30,187.00,200.00,6.50,BDT,FALSE,,TRUE,TRUE,FALSE
1143,437,1,20260827,2026-08-27 18:20:30,629.00,1300.00,51.62,BDT,FALSE,,TRUE,TRUE,FALSE
1144,438,1,20260827,2026-08-27 18:20:30,415.00,425.00,2.35,BDT,FALSE,,TRUE,TRUE,FALSE
1145,439,1,20260827,2026-08-27 18:20:30,182.00,230.00,20.87,BDT,FALSE,,TRUE,TRUE,FALSE
1146,440,1,20260827,2026-08-27 18:20:30,149.00,425.00,64.94,BDT,FALSE,,TRUE,TRUE,FALSE
1147,441,1,20260827,2026-08-27 18:20:30,149.00,425.00,64.94,BDT,FALSE,,TRUE,TRUE,FALSE
1148,442,1,20260827,2026-08-27 18:20:30,140.00,180.00,22.22,BDT,FALSE,,TRUE,TRUE,FALSE
1149,443,1,20260827,2026-08-27 18:20:30,150.00,300.00,50.00,BDT,FALSE,,TRUE,TRUE,FALSE
1150,444,1,20260827,2026-08-27 18:20:30,719.00,800.00,10.12,BDT,FALSE,,TRUE,TRUE,FALSE
1151,445,1,20260827,2026-08-27 18:20:30,7199.00,13990.00,48.54,BDT,FALSE,,TRUE,TRUE,FALSE
1152,446,1,20260827,2026-08-27 18:20:30,580.00,650.00,10.77,BDT,FALSE,,TRUE,TRUE,FALSE
1153,447,1,20260827,2026-08-27 18:20:30,110.00,275.00,60.00,BDT,FALSE,,TRUE,TRUE,FALSE
1154,448,1,20260827,2026-08-27 18:20:30,180.00,250.00,28.00,BDT,FALSE,,TRUE,TRUE,FALSE
1155,449,1,20260827,2026-08-27 18:20:30,150.00,300.00,50.00,BDT,FALSE,,TRUE,TRUE,FALSE
1156,450,1,20260827,2026-08-27 18:20:30,320.00,380.00,15.79,BDT,FALSE,,TRUE,TRUE,FALSE
1157,451,1,20260827,2026-08-27 18:20:30,68.00,170.00,60.00,BDT,FALSE,,TRUE,TRUE,FALSE
1158,452,1,20260827,2026-08-27 18:20:30,665.00,680.00,2.21,BDT,FALSE,,TRUE,TRUE,FALSE
1159,453,1,20260827,2026-08-27 18:20:30,294.00,350.00,16.00,BDT,FALSE,,TRUE,TRUE,FALSE
1160,454,1,20260827,2026-08-27 18:20:30,144.00,180.00,20.00,BDT,FALSE,,TRUE,TRUE,FALSE
1161,455,1,20260827,2026-08-27 18:20:30,116.00,150.00,22.67,BDT,FALSE,,TRUE,TRUE,FALSE
1162,456,1,20260827,2026-08-27 18:20:30,262.00,340.00,22.94,BDT,FALSE,,TRUE,TRUE,FALSE
1163,457,1,20260827,2026-08-27 18:20:30,150.00,300.00,50.00,BDT,FALSE,,TRUE,TRUE,FALSE
1164,458,1,20260827,2026-08-27 18:20:30,198.00,215.00,7.91,BDT,FALSE,,TRUE,TRUE,FALSE
1165,459,1,20260827,2026-08-27 18:20:30,159.00,195.00,18.46,BDT,FALSE,,TRUE,TRUE,FALSE
1166,460,1,20260827,2026-08-27 18:20:30,122.00,155.00,21.29,BDT,FALSE,,TRUE,TRUE,FALSE
1167,461,1,20260827,2026-08-27 18:20:30,109.00,110.00,0.91,BDT,FALSE,,TRUE,TRUE,FALSE
1168,462,1,20260827,2026-08-27 18:20:30,537.00,1200.00,55.25,BDT,FALSE,,TRUE,TRUE,FALSE
1169,463,1,20260827,2026-08-27 18:20:30,370.00,390.00,5.13,BDT,FALSE,,TRUE,TRUE,FALSE
1170,464,1,20260827,2026-08-27 18:20:30,64.00,160.00,60.00,BDT,FALSE,,TRUE,TRUE,FALSE
1171,465,1,20260827,2026-08-27 18:20:30,144.00,360.00,60.00,BDT,FALSE,,TRUE,TRUE,FALSE
1172,466,1,20260827,2026-08-27 18:20:30,880.00,950.00,7.37,BDT,FALSE,,TRUE,TRUE,FALSE
1173,467,1,20260827,2026-08-27 18:20:30,356.00,485.00,26.60,BDT,FALSE,,TRUE,TRUE,FALSE
1174,468,1,20260827,2026-08-27 18:20:30,820.00,1200.00,31.67,BDT,FALSE,,TRUE,TRUE,FALSE
1175,469,1,20260827,2026-08-27 18:20:30,148.00,370.00,60.00,BDT,FALSE,,TRUE,TRUE,FALSE
1176,470,1,20260827,2026-08-27 18:20:30,260.00,280.00,7.14,BDT,FALSE,,TRUE,TRUE,FALSE
1177,471,1,20260827,2026-08-27 18:20:30,136.00,349.00,61.03,BDT,FALSE,,TRUE,TRUE,FALSE
1178,472,1,20260827,2026-08-27 18:20:30,349.00,1500.00,76.73,BDT,FALSE,,TRUE,TRUE,FALSE
1179,473,1,20260827,2026-08-27 18:20:30,609.00,890.00,31.57,BDT,FALSE,,TRUE,TRUE,FALSE
1180,474,1,20260827,2026-08-27 18:20:30,820.00,1200.00,31.67,BDT,FALSE,,TRUE,TRUE,FALSE
1181,475,1,20260827,2026-08-27 18:20:30,618.00,750.00,17.60,BDT,FALSE,,TRUE,TRUE,FALSE
1182,476,1,20260827,2026-08-27 18:20:30,1099.00,1495.00,26.49,BDT,FALSE,,TRUE,TRUE,FALSE
1183,477,1,20260827,2026-08-27 18:20:30,132.00,150.00,12.00,BDT,FALSE,,TRUE,TRUE,FALSE
1184,478,1,20260827,2026-08-27 18:20:30,130.00,260.00,50.00,BDT,FALSE,,TRUE,TRUE,FALSE
1185,479,1,20260827,2026-08-27 18:20:30,820.00,1200.00,31.67,BDT,FALSE,,TRUE,TRUE,FALSE
1186,480,1,20260827,2026-08-27 18:20:30,329.00,370.00,11.08,BDT,FALSE,,TRUE,TRUE,FALSE
1187,481,1,20260827,2026-08-27 18:20:30,1291.00,1400.00,7.79,BDT,FALSE,,TRUE,TRUE,FALSE
1188,427,1,20260827,2026-08-27 18:21:09,133.00,425.00,68.71,BDT,FALSE,,TRUE,TRUE,FALSE
1189,428,1,20260827,2026-08-27 18:21:09,149.00,425.00,64.94,BDT,FALSE,,TRUE,TRUE,FALSE
1190,482,1,20260827,2026-08-27 18:21:09,99.00,205.00,51.71,BDT,FALSE,,TRUE,TRUE,FALSE
1191,483,1,20260827,2026-08-27 18:21:09,166.00,180.00,7.78,BDT,FALSE,,TRUE,TRUE,FALSE
1192,484,1,20260827,2026-08-27 18:21:09,128.00,192.00,33.33,BDT,FALSE,,TRUE,TRUE,FALSE
1193,427,1,20260827,2026-08-27 18:21:09,133.00,425.00,68.71,BDT,FALSE,,TRUE,TRUE,FALSE
1194,428,1,20260827,2026-08-27 18:21:09,149.00,425.00,64.94,BDT,FALSE,,TRUE,TRUE,FALSE
1195,482,1,20260827,2026-08-27 18:21:09,99.00,205.00,51.71,BDT,FALSE,,TRUE,TRUE,TRUE
1196,483,1,20260827,2026-08-27 18:21:09,166.00,180.00,7.78,BDT,FALSE,,TRUE,TRUE,TRUE
1197,484,1,20260827,2026-08-27 18:21:09,128.00,192.00,33.33,BDT,FALSE,,TRUE,TRUE,TRUE
1198,432,1,20260827,2026-08-27 18:21:09,539.00,1200.00,55.08,BDT,FALSE,,TRUE,TRUE,FALSE
1199,433,1,20260827,2026-08-27 18:21:09,133.00,425.00,68.71,BDT,FALSE,,TRUE,TRUE,FALSE
1200,434,1,20260827,2026-08-27 18:21:09,238.00,240.00,0.83,BDT,FALSE,,TRUE,TRUE,FALSE
1201,435,1,20260827,2026-08-27 18:21:09,258.00,400.00,35.50,BDT,FALSE,,TRUE,TRUE,FALSE
1202,436,1,20260827,2026-08-27 18:21:09,187.00,200.00,6.50,BDT,FALSE,,TRUE,TRUE,FALSE
1203,437,1,20260827,2026-08-27 18:21:09,629.00,1300.00,51.62,BDT,FALSE,,TRUE,TRUE,FALSE
1204,438,1,20260827,2026-08-27 18:21:09,415.00,425.00,2.35,BDT,FALSE,,TRUE,TRUE,FALSE
1205,439,1,20260827,2026-08-27 18:21:09,182.00,230.00,20.87,BDT,FALSE,,TRUE,TRUE,FALSE
1206,440,1,20260827,2026-08-27 18:21:09,149.00,425.00,64.94,BDT,FALSE,,TRUE,TRUE,FALSE
1207,441,1,20260827,2026-08-27 18:21:09,149.00,425.00,64.94,BDT,FALSE,,TRUE,TRUE,FALSE
1208,442,1,20260827,2026-08-27 18:21:09,140.00,180.00,22.22,BDT,FALSE,,TRUE,TRUE,FALSE
1209,443,1,20260827,2026-08-27 18:21:09,150.00,300.00,50.00,BDT,FALSE,,TRUE,TRUE,FALSE
1210,444,1,20260827,2026-08-27 18:21:09,719.00,800.00,10.12,BDT,FALSE,,TRUE,TRUE,FALSE
1211,445,1,20260827,2026-08-27 18:21:09,7199.00,13990.00,48.54,BDT,FALSE,,TRUE,TRUE,FALSE
1212,446,1,20260827,2026-08-27 18:21:09,580.00,650.00,10.77,BDT,FALSE,,TRUE,TRUE,FALSE
1213,447,1,20260827,2026-08-27 18:21:09,110.00,275.00,60.00,BDT,FALSE,,TRUE,TRUE,FALSE
1214,448,1,20260827,2026-08-27 18:21:09,180.00,250.00,28.00,BDT,FALSE,,TRUE,TRUE,FALSE
1215,449,1,20260827,2026-08-27 18:21:09,150.00,300.00,50.00,BDT,FALSE,,TRUE,TRUE,FALSE
1216,450,1,20260827,2026-08-27 18:21:09,320.00,380.00,15.79,BDT,FALSE,,TRUE,TRUE,FALSE
1217,451,1,20260827,2026-08-27 18:21:09,68.00,170.00,60.00,BDT,FALSE,,TRUE,TRUE,FALSE
1218,452,1,20260827,2026-08-27 18:21:09,665.00,680.00,2.21,BDT,FALSE,,TRUE,TRUE,FALSE
1219,453,1,20260827,2026-08-27 18:21:09,294.00,350.00,16.00,BDT,FALSE,,TRUE,TRUE,FALSE
1220,454,1,20260827,2026-08-27 18:21:09,144.00,180.00,20.00,BDT,FALSE,,TRUE,TRUE,FALSE
1221,455,1,20260827,2026-08-27 18:21:09,116.00,150.00,22.67,BDT,FALSE,,TRUE,TRUE,FALSE
1222,456,1,20260827,2026-08-27 18:21:09,262.00,340.00,22.94,BDT,FALSE,,TRUE,TRUE,FALSE
1223,457,1,20260827,2026-08-27 18:21:09,150.00,300.00,50.00,BDT,FALSE,,TRUE,TRUE,FALSE
1224,458,1,20260827,2026-08-27 18:21:09,198.00,215.00,7.91,BDT,FALSE,,TRUE,TRUE,FALSE
1225,459,1,20260827,2026-08-27 18:21:09,159.00,195.00,18.46,BDT,FALSE,,TRUE,TRUE,FALSE
1226,460,1,20260827,2026-08-27 18:21:09,122.00,155.00,21.29,BDT,FALSE,,TRUE,TRUE,FALSE
1227,461,1,20260827,2026-08-27 18:21:09,109.00,110.00,0.91,BDT,FALSE,,TRUE,TRUE,FALSE
1228,462,1,20260827,2026-08-27 18:21:09,537.00,1200.00,55.25,BDT,FALSE,,TRUE,TRUE,FALSE
1229,463,1,20260827,2026-08-27 18:21:09,370.00,390.00,5.13,BDT,FALSE,,TRUE,TRUE,FALSE
1230,464,1,20260827,2026-08-27 18:21:09,64.00,160.00,60.00,BDT,FALSE,,TRUE,TRUE,FALSE
1231,465,1,20260827,2026-08-27 18:21:09,144.00,360.00,60.00,BDT,FALSE,,TRUE,TRUE,FALSE
1232,466,1,20260827,2026-08-27 18:21:09,880.00,950.00,7.37,BDT,FALSE,,TRUE,TRUE,FALSE
1233,467,1,20260827,2026-08-27 18:21:09,356.00,485.00,26.60,BDT,FALSE,,TRUE,TRUE,FALSE
1234,468,1,20260827,2026-08-27 18:21:09,820.00,1200.00,31.67,BDT,FALSE,,TRUE,TRUE,FALSE
1235,469,1,20260827,2026-08-27 18:21:09,148.00,370.00,60.00,BDT,FALSE,,TRUE,TRUE,FALSE
1236,470,1,20260827,2026-08-27 18:21:09,260.00,280.00,7.14,BDT,FALSE,,TRUE,TRUE,FALSE
1237,471,1,20260827,2026-08-27 18:21:09,136.00,349.00,61.03,BDT,FALSE,,TRUE,TRUE,FALSE
1238,472,1,20260827,2026-08-27 18:21:09,349.00,1500.00,76.73,BDT,FALSE,,TRUE,TRUE,FALSE
1239,473,1,20260827,2026-08-27 18:21:09,609.00,890.00,31.57,BDT,FALSE,,TRUE,TRUE,FALSE
1240,474,1,20260827,2026-08-27 18:21:09,820.00,1200.00,31.67,BDT,FALSE,,TRUE,TRUE,FALSE
1241,475,1,20260827,2026-08-27 18:21:09,618.00,750.00,17.60,BDT,FALSE,,TRUE,TRUE,FALSE
1242,476,1,20260827,2026-08-27 18:21:09,1099.00,1495.00,26.49,BDT,FALSE,,TRUE,TRUE,FALSE
1243,477,1,20260827,2026-08-27 18:21:09,132.00,150.00,12.00,BDT,FALSE,,TRUE,TRUE,FALSE
1244,478,1,20260827,2026-08-27 18:21:09,130.00,260.00,50.00,BDT,FALSE,,TRUE,TRUE,FALSE
1245,479,1,20260827,2026-08-27 18:21:09,820.00,1200.00,31.67,BDT,FALSE,,TRUE,TRUE,FALSE
1246,480,1,20260827,2026-08-27 18:21:09,329.00,370.00,11.08,BDT,FALSE,,TRUE,TRUE,FALSE
1247,481,1,20260827,2026-08-27 18:21:09,1291.00,1400.00,7.79,BDT,FALSE,,TRUE,TRUE,FALSE
1248,29,2,20260827,2026-08-27 18:21:32,275.00,,77.00,BDT,FALSE,,FALSE,TRUE,FALSE
1249,30,2,20260827,2026-08-27 18:21:32,384.00,,61.00,BDT,FALSE,,FALSE,TRUE,FALSE
1250,31,2,20260827,2026-08-27 18:21:32,357.00,,64.00,BDT,FALSE,,FALSE,TRUE,FALSE
1251,32,2,20260827,2026-08-27 18:21:32,149.00,,48.00,BDT,FALSE,,FALSE,TRUE,FALSE
1252,33,2,20260827,2026-08-27 18:21:32,355.00,,64.00,BDT,FALSE,,FALSE,TRUE,FALSE
1253,34,2,20260827,2026-08-27 18:21:32,276.00,,66.00,BDT,FALSE,,FALSE,TRUE,FALSE
1254,35,2,20260827,2026-08-27 18:21:32,239.00,,47.00,BDT,FALSE,,FALSE,TRUE,FALSE
1255,36,2,20260827,2026-08-27 18:21:32,396.00,,62.00,BDT,FALSE,,FALSE,TRUE,FALSE
1256,58,2,20260827,2026-08-27 18:21:32,339.00,,51.00,BDT,FALSE,,FALSE,TRUE,FALSE
1257,87,2,20260827,2026-08-27 18:21:32,799.00,,47.00,BDT,FALSE,,FALSE,TRUE,FALSE
1258,88,2,20260827,2026-08-27 18:21:32,229.00,,54.00,BDT,FALSE,,FALSE,TRUE,FALSE
1259,59,2,20260827,2026-08-27 18:21:32,350.00,,59.00,BDT,FALSE,,FALSE,TRUE,FALSE
1260,60,2,20260827,2026-08-27 18:21:32,299.00,,70.00,BDT,FALSE,,FALSE,TRUE,FALSE
1261,61,2,20260827,2026-08-27 18:21:32,272.00,,46.00,BDT,FALSE,,FALSE,TRUE,FALSE
1262,89,2,20260827,2026-08-27 18:21:32,399.00,,21.00,BDT,FALSE,,FALSE,TRUE,FALSE
1263,90,2,20260827,2026-08-27 18:21:32,259.00,,78.00,BDT,FALSE,,FALSE,TRUE,FALSE
1264,91,2,20260827,2026-08-27 18:21:32,265.00,,59.00,BDT,FALSE,,FALSE,TRUE,FALSE
1265,92,2,20260827,2026-08-27 18:21:32,583.00,,79.00,BDT,FALSE,,FALSE,TRUE,FALSE
1266,62,2,20260827,2026-08-27 18:21:32,332.00,,80.00,BDT,FALSE,,FALSE,TRUE,FALSE
1267,63,2,20260827,2026-08-27 18:21:32,380.00,,49.00,BDT,FALSE,,FALSE,TRUE,FALSE
1268,118,2,20260827,2026-08-27 18:21:32,388.00,,76.00,BDT,FALSE,,FALSE,TRUE,FALSE
1269,64,2,20260827,2026-08-27 18:21:32,200.00,,70.00,BDT,FALSE,,FALSE,TRUE,FALSE
1270,65,2,20260827,2026-08-27 18:21:32,299.00,,43.00,BDT,FALSE,,FALSE,TRUE,FALSE
1271,66,2,20260827,2026-08-27 18:21:32,355.00,,31.00,BDT,FALSE,,FALSE,TRUE,FALSE
1272,312,2,20260827,2026-08-27 18:21:32,399.00,,34.00,BDT,FALSE,,FALSE,TRUE,FALSE
1273,313,2,20260827,2026-08-27 18:21:32,292.00,,71.00,BDT,FALSE,,FALSE,TRUE,FALSE
1274,314,2,20260827,2026-08-27 18:21:32,384.00,,81.00,BDT,FALSE,,FALSE,TRUE,FALSE
1275,315,2,20260827,2026-08-27 18:21:32,199.00,,60.00,BDT,FALSE,,FALSE,TRUE,FALSE
1276,316,2,20260827,2026-08-27 18:21:32,265.00,,69.00,BDT,FALSE,,FALSE,TRUE,FALSE
1277,317,2,20260827,2026-08-27 18:21:32,295.00,,34.00,BDT,FALSE,,FALSE,TRUE,FALSE
1278,318,2,20260827,2026-08-27 18:21:32,369.00,,31.00,BDT,FALSE,,FALSE,TRUE,FALSE
1279,319,2,20260827,2026-08-27 18:21:32,175.00,,56.00,BDT,FALSE,,FALSE,TRUE,FALSE
1280,320,2,20260827,2026-08-27 18:21:32,443.00,,60.00,BDT,FALSE,,FALSE,TRUE,FALSE
1281,321,2,20260827,2026-08-27 18:21:32,273.00,,58.00,BDT,FALSE,,FALSE,TRUE,FALSE
1282,322,2,20260827,2026-08-27 18:21:32,285.00,,43.00,BDT,FALSE,,FALSE,TRUE,FALSE
1283,323,2,20260827,2026-08-27 18:21:32,470.00,,79.00,BDT,FALSE,,FALSE,TRUE,FALSE
1284,324,2,20260827,2026-08-27 18:21:32,259.00,,52.00,BDT,FALSE,,FALSE,TRUE,FALSE
1285,325,2,20260827,2026-08-27 18:21:32,180.00,,40.00,BDT,FALSE,,FALSE,TRUE,TRUE
1286,326,2,20260827,2026-08-27 18:21:32,299.00,,50.00,BDT,FALSE,,FALSE,TRUE,TRUE
1287,327,2,20260827,2026-08-27 18:21:32,225.00,,44.00,BDT,FALSE,,FALSE,TRUE,TRUE
1288,173,2,20260827,2026-08-27 18:21:47,209.00,,,BDT,FALSE,,FALSE,FALSE,FALSE
1289,174,2,20260827,2026-08-27 18:21:47,176.00,,,BDT,FALSE,,FALSE,FALSE,FALSE
1290,175,2,20260827,2026-08-27 18:21:47,835.00,,34.00,BDT,FALSE,,FALSE,TRUE,FALSE
1291,176,2,20260827,2026-08-27 18:21:47,382.00,,5.00,BDT,FALSE,,FALSE,TRUE,FALSE
1292,328,2,20260827,2026-08-27 18:21:47,270.00,,23.00,BDT,FALSE,,FALSE,TRUE,FALSE
1293,177,2,20260827,2026-08-27 18:21:47,590.00,,21.00,BDT,FALSE,,FALSE,TRUE,FALSE
1294,178,2,20260827,2026-08-27 18:21:47,191.00,,5.00,BDT,FALSE,,FALSE,TRUE,FALSE
1295,179,2,20260827,2026-08-27 18:21:47,239.00,,47.00,BDT,FALSE,,FALSE,TRUE,FALSE
1296,180,2,20260827,2026-08-27 18:21:47,307.00,,23.00,BDT,FALSE,,FALSE,TRUE,FALSE
1297,181,2,20260827,2026-08-27 18:21:47,170.00,,,BDT,FALSE,,FALSE,FALSE,FALSE
1298,182,2,20260827,2026-08-27 18:21:47,133.00,,11.00,BDT,FALSE,,FALSE,TRUE,FALSE
1299,183,2,20260827,2026-08-27 18:21:47,166.00,,5.00,BDT,FALSE,,FALSE,TRUE,FALSE
1300,184,2,20260827,2026-08-27 18:21:47,595.00,,1.00,BDT,FALSE,,FALSE,TRUE,FALSE
1301,185,2,20260827,2026-08-27 18:21:47,362.00,,18.00,BDT,FALSE,,FALSE,TRUE,FALSE
1302,186,2,20260827,2026-08-27 18:21:47,650.00,,32.00,BDT,FALSE,,FALSE,TRUE,FALSE
1303,187,2,20260827,2026-08-27 18:21:47,310.00,,26.00,BDT,FALSE,,FALSE,TRUE,FALSE
1304,188,2,20260827,2026-08-27 18:21:47,300.00,,,BDT,FALSE,,FALSE,FALSE,FALSE
1305,189,2,20260827,2026-08-27 18:21:47,365.00,,19.00,BDT,FALSE,,FALSE,TRUE,FALSE
1306,190,2,20260827,2026-08-27 18:21:47,579.00,,4.00,BDT,FALSE,,FALSE,TRUE,FALSE
1307,191,2,20260827,2026-08-27 18:21:47,150.00,,,BDT,FALSE,,FALSE,FALSE,FALSE
1308,192,2,20260827,2026-08-27 18:21:47,310.00,,26.00,BDT,FALSE,,FALSE,TRUE,FALSE
1309,193,2,20260827,2026-08-27 18:21:47,299.00,,15.00,BDT,FALSE,,FALSE,TRUE,FALSE
1310,194,2,20260827,2026-08-27 18:21:47,1049.00,,,BDT,FALSE,,FALSE,FALSE,FALSE
1311,195,2,20260827,2026-08-27 18:21:47,135.00,,7.00,BDT,FALSE,,FALSE,TRUE,FALSE
1312,329,2,20260827,2026-08-27 18:21:47,325.00,,38.00,BDT,FALSE,,FALSE,TRUE,FALSE
1313,196,2,20260827,2026-08-27 18:21:47,255.00,,25.00,BDT,FALSE,,FALSE,TRUE,FALSE
1314,330,2,20260827,2026-08-27 18:21:47,849.00,,15.00,BDT,FALSE,,FALSE,TRUE,FALSE
1315,331,2,20260827,2026-08-27 18:21:47,295.00,,9.00,BDT,FALSE,,FALSE,TRUE,FALSE
1316,332,2,20260827,2026-08-27 18:21:47,247.00,,1.00,BDT,FALSE,,FALSE,TRUE,FALSE
1317,333,2,20260827,2026-08-27 18:21:47,128.00,,36.00,BDT,FALSE,,FALSE,TRUE,FALSE
1318,334,2,20260827,2026-08-27 18:21:47,209.00,,,BDT,FALSE,,FALSE,FALSE,FALSE
1319,335,2,20260827,2026-08-27 18:21:47,600.00,,29.00,BDT,FALSE,,FALSE,TRUE,FALSE
1320,336,2,20260827,2026-08-27 18:21:47,130.00,,,BDT,FALSE,,FALSE,FALSE,FALSE
1321,337,2,20260827,2026-08-27 18:21:47,125.00,,,BDT,FALSE,,FALSE,FALSE,FALSE
1322,338,2,20260827,2026-08-27 18:21:47,400.00,,,BDT,FALSE,,FALSE,FALSE,FALSE
1323,339,2,20260827,2026-08-27 18:21:47,209.00,,54.00,BDT,FALSE,,FALSE,TRUE,FALSE
1324,340,2,20260827,2026-08-27 18:21:47,103.00,,66.00,BDT,FALSE,,FALSE,TRUE,FALSE
1325,341,2,20260827,2026-08-27 18:21:47,232.00,,34.00,BDT,FALSE,,FALSE,TRUE,FALSE
1326,342,2,20260827,2026-08-27 18:21:47,191.00,,52.00,BDT,FALSE,,FALSE,TRUE,FALSE
1327,343,2,20260827,2026-08-27 18:21:47,259.00,,19.00,BDT,FALSE,,FALSE,TRUE,FALSE
1328,125,3,20260827,2026-08-27 18:22:06,955.00,975.00,2.05,BDT,FALSE,,TRUE,TRUE,FALSE
1329,126,3,20260827,2026-08-27 18:22:06,975.00,,,BDT,FALSE,,FALSE,FALSE,FALSE
1330,127,3,20260827,2026-08-27 18:22:06,255.00,,,BDT,FALSE,,FALSE,FALSE,FALSE
1331,128,3,20260827,2026-08-27 18:22:06,392.00,398.00,1.51,BDT,FALSE,,TRUE,TRUE,FALSE
1332,129,3,20260827,2026-08-27 18:22:06,30.00,,,BDT,FALSE,,FALSE,FALSE,FALSE
1333,130,3,20260827,2026-08-27 18:22:06,216.00,230.00,6.09,BDT,FALSE,,TRUE,TRUE,FALSE
1334,131,3,20260827,2026-08-27 18:22:06,67.00,80.00,16.25,BDT,FALSE,,TRUE,TRUE,FALSE
1335,132,3,20260827,2026-08-27 18:22:06,370.00,,,BDT,FALSE,,FALSE,FALSE,FALSE
1336,133,3,20260827,2026-08-27 18:22:06,73.00,,,BDT,FALSE,,FALSE,FALSE,FALSE
1337,134,3,20260827,2026-08-27 18:22:06,42.00,50.00,16.00,BDT,FALSE,,TRUE,TRUE,FALSE
1338,135,3,20260827,2026-08-27 18:22:06,42.00,50.00,16.00,BDT,FALSE,,TRUE,TRUE,FALSE
1339,136,3,20260827,2026-08-27 18:22:06,42.00,50.00,16.00,BDT,FALSE,,TRUE,TRUE,FALSE
1340,137,3,20260827,2026-08-27 18:22:06,382.00,460.00,16.96,BDT,FALSE,,TRUE,TRUE,FALSE
1341,138,3,20260827,2026-08-27 18:22:06,759.00,925.00,17.95,BDT,FALSE,,TRUE,TRUE,FALSE
1342,139,3,20260827,2026-08-27 18:22:06,67.00,80.00,16.25,BDT,FALSE,,TRUE,TRUE,FALSE
1343,140,3,20260827,2026-08-27 18:22:06,13.00,15.00,13.33,BDT,FALSE,,TRUE,TRUE,FALSE
1344,141,3,20260827,2026-08-27 18:22:06,503.00,559.00,10.02,BDT,FALSE,,TRUE,TRUE,FALSE
1345,142,3,20260827,2026-08-27 18:22:06,260.00,,,BDT,FALSE,,FALSE,FALSE,FALSE
1346,143,3,20260827,2026-08-27 18:22:06,90.00,,,BDT,FALSE,,FALSE,FALSE,FALSE
1347,144,3,20260827,2026-08-27 18:22:06,90.00,,,BDT,FALSE,,FALSE,FALSE,FALSE
1348,145,3,20260827,2026-08-27 18:22:06,310.00,350.00,11.43,BDT,FALSE,,TRUE,TRUE,FALSE
1349,146,3,20260827,2026-08-27 18:22:06,289.00,299.00,3.34,BDT,FALSE,,TRUE,TRUE,FALSE
1350,147,3,20260827,2026-08-27 18:22:06,320.00,,,BDT,FALSE,,FALSE,FALSE,FALSE
1351,148,3,20260827,2026-08-27 18:22:06,180.00,,,BDT,FALSE,,FALSE,FALSE,FALSE
1352,344,3,20260827,2026-08-27 18:22:06,161.00,240.00,32.92,BDT,FALSE,,TRUE,TRUE,FALSE
1353,345,3,20260827,2026-08-27 18:22:06,489.00,515.00,5.05,BDT,FALSE,,TRUE,TRUE,FALSE
1354,346,3,20260827,2026-08-27 18:22:06,215.00,240.00,10.42,BDT,FALSE,,TRUE,TRUE,FALSE
1355,347,3,20260827,2026-08-27 18:22:06,440.00,470.00,6.38,BDT,FALSE,,TRUE,TRUE,FALSE
1356,348,3,20260827,2026-08-27 18:22:06,100.00,,,BDT,FALSE,,FALSE,FALSE,FALSE
1357,349,3,20260827,2026-08-27 18:22:06,120.00,,,BDT,FALSE,,FALSE,FALSE,FALSE
1358,350,3,20260827,2026-08-27 18:22:06,255.00,285.00,10.53,BDT,FALSE,,TRUE,TRUE,FALSE
1359,351,3,20260827,2026-08-27 18:22:06,115.00,,,BDT,FALSE,,FALSE,FALSE,FALSE
1360,352,3,20260827,2026-08-27 18:22:06,108.00,,,BDT,FALSE,,FALSE,FALSE,FALSE
1361,353,3,20260827,2026-08-27 18:22:06,94.00,96.00,2.08,BDT,FALSE,,TRUE,TRUE,FALSE
1362,354,3,20260827,2026-08-27 18:22:06,150.00,,,BDT,FALSE,,FALSE,FALSE,FALSE
1363,355,3,20260827,2026-08-27 18:22:06,95.00,,,BDT,FALSE,,FALSE,FALSE,FALSE
1364,356,3,20260827,2026-08-27 18:22:06,255.00,285.00,10.53,BDT,FALSE,,TRUE,TRUE,FALSE
1365,357,3,20260827,2026-08-27 18:22:06,1125.00,,,BDT,FALSE,,FALSE,FALSE,FALSE
1366,358,3,20260827,2026-08-27 18:22:06,450.00,,,BDT,FALSE,,FALSE,FALSE,FALSE
1367,359,3,20260827,2026-08-27 18:22:06,30.00,,,BDT,FALSE,,FALSE,FALSE,FALSE
1368,125,3,20260827,2026-08-27 18:22:22,955.00,975.00,2.05,BDT,FALSE,,TRUE,TRUE,FALSE
1369,126,3,20260827,2026-08-27 18:22:22,975.00,,,BDT,FALSE,,FALSE,FALSE,FALSE
1370,127,3,20260827,2026-08-27 18:22:22,255.00,,,BDT,FALSE,,FALSE,FALSE,FALSE
1371,128,3,20260827,2026-08-27 18:22:22,392.00,398.00,1.51,BDT,FALSE,,TRUE,TRUE,FALSE
1372,129,3,20260827,2026-08-27 18:22:22,30.00,,,BDT,FALSE,,FALSE,FALSE,FALSE
1373,130,3,20260827,2026-08-27 18:22:22,216.00,230.00,6.09,BDT,FALSE,,TRUE,TRUE,FALSE
1374,131,3,20260827,2026-08-27 18:22:22,67.00,80.00,16.25,BDT,FALSE,,TRUE,TRUE,FALSE
1375,132,3,20260827,2026-08-27 18:22:22,370.00,,,BDT,FALSE,,FALSE,FALSE,FALSE
1376,133,3,20260827,2026-08-27 18:22:22,73.00,,,BDT,FALSE,,FALSE,FALSE,FALSE
1377,134,3,20260827,2026-08-27 18:22:22,42.00,50.00,16.00,BDT,FALSE,,TRUE,TRUE,FALSE
1378,135,3,20260827,2026-08-27 18:22:22,42.00,50.00,16.00,BDT,FALSE,,TRUE,TRUE,FALSE
1379,136,3,20260827,2026-08-27 18:22:22,42.00,50.00,16.00,BDT,FALSE,,TRUE,TRUE,FALSE
1380,137,3,20260827,2026-08-27 18:22:22,382.00,460.00,16.96,BDT,FALSE,,TRUE,TRUE,FALSE
1381,138,3,20260827,2026-08-27 18:22:22,759.00,925.00,17.95,BDT,FALSE,,TRUE,TRUE,FALSE
1382,139,3,20260827,2026-08-27 18:22:22,67.00,80.00,16.25,BDT,FALSE,,TRUE,TRUE,FALSE
1383,140,3,20260827,2026-08-27 18:22:22,13.00,15.00,13.33,BDT,FALSE,,TRUE,TRUE,FALSE
1384,141,3,20260827,2026-08-27 18:22:22,503.00,559.00,10.02,BDT,FALSE,,TRUE,TRUE,FALSE
1385,142,3,20260827,2026-08-27 18:22:22,260.00,,,BDT,FALSE,,FALSE,FALSE,FALSE
1386,143,3,20260827,2026-08-27 18:22:22,90.00,,,BDT,FALSE,,FALSE,FALSE,FALSE
1387,144,3,20260827,2026-08-27 18:22:22,90.00,,,BDT,FALSE,,FALSE,FALSE,FALSE
1388,145,3,20260827,2026-08-27 18:22:22,310.00,350.00,11.43,BDT,FALSE,,TRUE,TRUE,FALSE
1389,146,3,20260827,2026-08-27 18:22:22,289.00,299.00,3.34,BDT,FALSE,,TRUE,TRUE,FALSE
1390,147,3,20260827,2026-08-27 18:22:22,320.00,,,BDT,FALSE,,FALSE,FALSE,FALSE
1391,148,3,20260827,2026-08-27 18:22:22,180.00,,,BDT,FALSE,,FALSE,FALSE,FALSE
1392,344,3,20260827,2026-08-27 18:22:22,161.00,240.00,32.92,BDT,FALSE,,TRUE,TRUE,FALSE
1393,345,3,20260827,2026-08-27 18:22:22,489.00,515.00,5.05,BDT,FALSE,,TRUE,TRUE,FALSE
1394,346,3,20260827,2026-08-27 18:22:22,215.00,240.00,10.42,BDT,FALSE,,TRUE,TRUE,FALSE
1395,347,3,20260827,2026-08-27 18:22:22,440.00,470.00,6.38,BDT,FALSE,,TRUE,TRUE,FALSE
1396,348,3,20260827,2026-08-27 18:22:22,100.00,,,BDT,FALSE,,FALSE,FALSE,FALSE
1397,349,3,20260827,2026-08-27 18:22:22,120.00,,,BDT,FALSE,,FALSE,FALSE,FALSE
1398,350,3,20260827,2026-08-27 18:22:22,255.00,285.00,10.53,BDT,FALSE,,TRUE,TRUE,FALSE
1399,351,3,20260827,2026-08-27 18:22:22,115.00,,,BDT,FALSE,,FALSE,FALSE,FALSE
1400,352,3,20260827,2026-08-27 18:22:22,108.00,,,BDT,FALSE,,FALSE,FALSE,FALSE
1401,353,3,20260827,2026-08-27 18:22:22,94.00,96.00,2.08,BDT,FALSE,,TRUE,TRUE,FALSE
1402,354,3,20260827,2026-08-27 18:22:22,150.00,,,BDT,FALSE,,FALSE,FALSE,FALSE
1403,355,3,20260827,2026-08-27 18:22:22,95.00,,,BDT,FALSE,,FALSE,FALSE,FALSE
1404,356,3,20260827,2026-08-27 18:22:22,255.00,285.00,10.53,BDT,FALSE,,TRUE,TRUE,FALSE
1405,357,3,20260827,2026-08-27 18:22:22,1125.00,,,BDT,FALSE,,FALSE,FALSE,FALSE
1406,358,3,20260827,2026-08-27 18:22:22,450.00,,,BDT,FALSE,,FALSE,FALSE,FALSE
1407,359,3,20260827,2026-08-27 18:22:22,30.00,,,BDT,FALSE,,FALSE,FALSE,FALSE
1408,47,5,20260827,2026-08-27 18:22:43,12.25,,,BDT,FALSE,,FALSE,FALSE,TRUE
1409,48,5,20260827,2026-08-27 18:22:43,24.00,30.00,20.00,BDT,FALSE,,TRUE,TRUE,TRUE
1410,49,5,20260827,2026-08-27 18:22:43,42.00,,,BDT,FALSE,,FALSE,FALSE,TRUE
1411,50,5,20260827,2026-08-27 18:22:43,48.00,55.00,12.73,BDT,FALSE,,TRUE,TRUE,TRUE
1412,51,5,20260827,2026-08-27 18:22:43,93.00,100.00,7.00,BDT,FALSE,,TRUE,TRUE,TRUE
1413,52,5,20260827,2026-08-27 18:22:43,108.00,110.00,1.82,BDT,FALSE,,TRUE,TRUE,FALSE
1414,53,5,20260827,2026-08-27 18:22:43,34.00,42.00,19.05,BDT,FALSE,,TRUE,TRUE,TRUE
1415,54,5,20260827,2026-08-27 18:22:43,88.00,120.00,26.67,BDT,FALSE,,TRUE,TRUE,FALSE
1416,55,5,20260827,2026-08-27 18:22:43,65.00,72.00,9.72,BDT,FALSE,,TRUE,TRUE,FALSE
1417,69,5,20260827,2026-08-27 18:22:43,415.00,475.00,12.63,BDT,FALSE,,TRUE,TRUE,TRUE
1418,70,5,20260827,2026-08-27 18:22:43,825.00,945.00,12.70,BDT,FALSE,,TRUE,TRUE,TRUE
1419,71,5,20260827,2026-08-27 18:22:43,410.00,460.00,10.87,BDT,FALSE,,TRUE,TRUE,FALSE
1420,93,5,20260827,2026-08-27 18:22:43,380.00,400.00,5.00,BDT,FALSE,,TRUE,TRUE,TRUE
1421,94,5,20260827,2026-08-27 18:22:43,720.00,750.00,4.00,BDT,FALSE,,TRUE,TRUE,TRUE
1422,95,5,20260827,2026-08-27 18:22:43,430.00,480.00,10.42,BDT,FALSE,,TRUE,TRUE,TRUE
1423,96,5,20260827,2026-08-27 18:22:43,850.00,950.00,10.53,BDT,FALSE,,TRUE,TRUE,TRUE
1424,97,5,20260827,2026-08-27 18:22:43,185.00,205.00,9.76,BDT,FALSE,,TRUE,TRUE,TRUE
1425,120,5,20260827,2026-08-27 18:22:43,800.00,950.00,15.79,BDT,FALSE,,TRUE,TRUE,TRUE
1426,121,5,20260827,2026-08-27 18:22:43,95.00,105.00,9.52,BDT,FALSE,,TRUE,TRUE,TRUE
1427,68,5,20260827,2026-08-27 18:22:43,1200.00,1300.00,7.69,BDT,FALSE,,TRUE,TRUE,TRUE
1428,122,5,20260827,2026-08-27 18:22:43,770.00,870.00,11.49,BDT,FALSE,,TRUE,TRUE,TRUE
1429,123,5,20260827,2026-08-27 18:22:43,400.00,450.00,11.11,BDT,FALSE,,TRUE,TRUE,TRUE
1430,124,5,20260827,2026-08-27 18:22:43,175.00,225.00,22.22,BDT,FALSE,,TRUE,TRUE,FALSE
1431,199,5,20260827,2026-08-27 18:22:43,199.00,299.00,33.44,BDT,FALSE,,TRUE,TRUE,FALSE
1432,200,5,20260827,2026-08-27 18:22:43,220.00,299.00,26.42,BDT,FALSE,,TRUE,TRUE,FALSE
1433,201,5,20260827,2026-08-27 18:22:43,130.00,,,BDT,FALSE,,FALSE,FALSE,FALSE
1434,485,5,20260827,2026-08-27 18:22:43,199.00,299.00,33.44,BDT,FALSE,,TRUE,TRUE,FALSE
1435,486,5,20260827,2026-08-27 18:22:43,200.00,,,BDT,FALSE,,FALSE,FALSE,FALSE
1436,487,5,20260827,2026-08-27 18:22:43,209.00,230.00,9.13,BDT,FALSE,,TRUE,TRUE,FALSE
1437,488,5,20260827,2026-08-27 18:22:43,699.00,750.00,6.80,BDT,FALSE,,TRUE,TRUE,FALSE
1438,489,5,20260827,2026-08-27 18:22:43,260.00,,,BDT,FALSE,,FALSE,FALSE,FALSE
1439,490,5,20260827,2026-08-27 18:22:43,103.00,120.00,14.17,BDT,FALSE,,TRUE,TRUE,FALSE
1440,491,5,20260827,2026-08-27 18:22:43,480.00,,,BDT,FALSE,,FALSE,FALSE,FALSE
1441,492,5,20260827,2026-08-27 18:22:43,18.00,20.00,10.00,BDT,FALSE,,TRUE,TRUE,FALSE
1442,493,5,20260827,2026-08-27 18:22:43,18.00,20.00,10.00,BDT,FALSE,,TRUE,TRUE,FALSE
1443,494,5,20260827,2026-08-27 18:22:43,890.00,950.00,6.32,BDT,FALSE,,TRUE,TRUE,FALSE
1444,56,5,20260827,2026-08-27 18:22:43,255.00,280.00,8.93,BDT,FALSE,,TRUE,TRUE,FALSE
1445,495,5,20260827,2026-08-27 18:22:43,699.00,850.00,17.76,BDT,FALSE,,TRUE,TRUE,FALSE
1446,496,5,20260827,2026-08-27 18:22:43,44.00,50.00,12.00,BDT,FALSE,,TRUE,TRUE,FALSE
1447,497,5,20260827,2026-08-27 18:22:43,180.00,220.00,18.18,BDT,FALSE,,TRUE,TRUE,FALSE
1448,498,5,20260827,2026-08-27 18:22:43,699.00,850.00,17.76,BDT,FALSE,,TRUE,TRUE,FALSE
1449,499,5,20260827,2026-08-27 18:22:43,76.00,85.00,10.59,BDT,FALSE,,TRUE,TRUE,FALSE
1450,500,5,20260827,2026-08-27 18:22:43,142.00,200.00,29.00,BDT,FALSE,,TRUE,TRUE,FALSE
1451,501,5,20260827,2026-08-27 18:22:43,120.00,150.00,20.00,BDT,FALSE,,TRUE,TRUE,FALSE
1452,502,5,20260827,2026-08-27 18:22:43,370.00,,,BDT,FALSE,,FALSE,FALSE,FALSE
1453,497,5,20260827,2026-08-27 18:22:43,180.00,220.00,18.18,BDT,FALSE,,TRUE,TRUE,FALSE
1454,499,5,20260827,2026-08-27 18:22:43,76.00,85.00,10.59,BDT,FALSE,,TRUE,TRUE,FALSE
1455,503,5,20260827,2026-08-27 18:22:43,283.00,400.00,29.25,BDT,FALSE,,TRUE,TRUE,FALSE
1456,504,5,20260827,2026-08-27 18:22:43,211.00,235.00,10.21,BDT,FALSE,,TRUE,TRUE,FALSE
1457,505,5,20260827,2026-08-27 18:22:43,149.00,165.00,9.70,BDT,FALSE,,TRUE,TRUE,FALSE
1458,506,5,20260827,2026-08-27 18:22:43,272.00,340.00,20.00,BDT,FALSE,,TRUE,TRUE,FALSE
1459,507,5,20260827,2026-08-27 18:22:43,175.00,,,BDT,FALSE,,FALSE,FALSE,FALSE
1460,508,5,20260827,2026-08-27 18:22:43,217.00,275.00,21.09,BDT,FALSE,,TRUE,TRUE,FALSE
1461,509,5,20260827,2026-08-27 18:22:43,225.00,260.00,13.46,BDT,FALSE,,TRUE,TRUE,FALSE
1462,510,5,20260827,2026-08-27 18:22:43,180.00,,,BDT,FALSE,,FALSE,FALSE,FALSE
1463,511,5,20260827,2026-08-27 18:22:43,340.00,,,BDT,FALSE,,FALSE,FALSE,FALSE
1464,512,5,20260827,2026-08-27 18:22:43,204.00,255.00,20.00,BDT,FALSE,,TRUE,TRUE,FALSE
1465,513,5,20260827,2026-08-27 18:22:43,975.00,,,BDT,FALSE,,FALSE,FALSE,FALSE
1466,514,5,20260827,2026-08-27 18:22:43,330.00,450.00,26.67,BDT,FALSE,,TRUE,TRUE,FALSE
1467,515,5,20260827,2026-08-27 18:22:43,1035.00,1160.00,10.78,BDT,FALSE,,TRUE,TRUE,FALSE
1468,516,5,20260827,2026-08-27 18:22:43,270.00,,,BDT,FALSE,,FALSE,FALSE,FALSE
1469,52,5,20260827,2026-08-27 18:22:43,108.00,110.00,1.82,BDT,FALSE,,TRUE,TRUE,FALSE
1470,517,5,20260827,2026-08-27 18:22:43,140.00,150.00,6.67,BDT,FALSE,,TRUE,TRUE,FALSE
1471,518,5,20260827,2026-08-27 18:22:43,135.00,150.00,10.00,BDT,FALSE,,TRUE,TRUE,FALSE
1472,519,5,20260827,2026-08-27 18:22:43,400.00,,,BDT,FALSE,,FALSE,FALSE,FALSE
1473,520,5,20260827,2026-08-27 18:22:43,809.00,890.00,9.10,BDT,FALSE,,TRUE,TRUE,FALSE
1474,499,5,20260827,2026-08-27 18:22:43,76.00,85.00,10.59,BDT,FALSE,,TRUE,TRUE,FALSE
1475,521,5,20260827,2026-08-27 18:22:43,39.00,40.00,2.50,BDT,FALSE,,TRUE,TRUE,FALSE
1476,71,5,20260827,2026-08-27 18:22:43,410.00,460.00,10.87,BDT,FALSE,,TRUE,TRUE,FALSE
1477,496,5,20260827,2026-08-27 18:22:43,44.00,50.00,12.00,BDT,FALSE,,TRUE,TRUE,FALSE
1478,522,5,20260827,2026-08-27 18:22:43,28.00,,,BDT,FALSE,,FALSE,FALSE,FALSE
1479,523,5,20260827,2026-08-27 18:22:43,120.00,135.00,11.11,BDT,FALSE,,TRUE,TRUE,FALSE
1480,524,5,20260827,2026-08-27 18:22:43,160.00,,,BDT,FALSE,,FALSE,FALSE,FALSE
1481,525,5,20260827,2026-08-27 18:22:43,120.00,130.00,7.69,BDT,FALSE,,TRUE,TRUE,FALSE
1482,526,5,20260827,2026-08-27 18:22:43,665.00,,,BDT,FALSE,,FALSE,FALSE,FALSE
1483,527,5,20260827,2026-08-27 18:22:43,76.00,,,BDT,FALSE,,FALSE,FALSE,FALSE
1484,528,5,20260827,2026-08-27 18:22:43,80.00,,,BDT,FALSE,,FALSE,FALSE,FALSE
1485,529,5,20260827,2026-08-27 18:22:43,65.00,,,BDT,FALSE,,FALSE,FALSE,FALSE
1486,530,5,20260827,2026-08-27 18:22:43,399.00,450.00,11.33,BDT,FALSE,,TRUE,TRUE,FALSE
1487,531,5,20260827,2026-08-27 18:22:43,795.00,,,BDT,FALSE,,FALSE,FALSE,FALSE
1488,532,5,20260827,2026-08-27 18:22:43,1200.00,,,BDT,FALSE,,FALSE,FALSE,FALSE
1489,533,5,20260827,2026-08-27 18:22:43,425.00,,,BDT,FALSE,,FALSE,FALSE,FALSE
1490,534,5,20260827,2026-08-27 18:22:43,80.00,110.00,27.27,BDT,FALSE,,TRUE,TRUE,FALSE
1491,525,5,20260827,2026-08-27 18:22:43,120.00,130.00,7.69,BDT,FALSE,,TRUE,TRUE,FALSE
1492,535,5,20260827,2026-08-27 18:22:43,275.00,310.00,11.29,BDT,FALSE,,TRUE,TRUE,FALSE
1493,536,5,20260827,2026-08-27 18:22:43,130.00,140.00,7.14,BDT,FALSE,,TRUE,TRUE,FALSE
1494,537,5,20260827,2026-08-27 18:22:43,50.00,60.00,16.67,BDT,FALSE,,TRUE,TRUE,FALSE
1495,523,5,20260827,2026-08-27 18:22:43,120.00,135.00,11.11,BDT,FALSE,,TRUE,TRUE,FALSE
1496,538,5,20260827,2026-08-27 18:22:43,120.00,135.00,11.11,BDT,FALSE,,TRUE,TRUE,FALSE
1497,539,5,20260827,2026-08-27 18:22:43,120.00,,,BDT,FALSE,,FALSE,FALSE,FALSE
1498,54,5,20260827,2026-08-27 18:22:43,88.00,120.00,26.67,BDT,FALSE,,TRUE,TRUE,FALSE
1499,540,5,20260827,2026-08-27 18:22:43,8.00,,,BDT,FALSE,,FALSE,FALSE,FALSE
1500,541,5,20260827,2026-08-27 18:22:43,6.00,,,BDT,FALSE,,FALSE,FALSE,FALSE
1501,542,5,20260827,2026-08-27 18:22:43,60.00,,,BDT,FALSE,,FALSE,FALSE,FALSE
1502,543,5,20260827,2026-08-27 18:22:43,300.00,,,BDT,FALSE,,FALSE,FALSE,FALSE
1503,544,5,20260827,2026-08-27 18:22:43,35.00,45.00,22.22,BDT,FALSE,,TRUE,TRUE,FALSE
1504,545,5,20260827,2026-08-27 18:22:43,1400.00,,,BDT,FALSE,,FALSE,FALSE,FALSE
1505,546,5,20260827,2026-08-27 18:22:43,410.00,,,BDT,FALSE,,FALSE,FALSE,FALSE
1506,547,5,20260827,2026-08-27 18:22:43,100.00,,,BDT,FALSE,,FALSE,FALSE,FALSE
1507,548,5,20260827,2026-08-27 18:22:43,860.00,,,BDT,FALSE,,FALSE,FALSE,FALSE
1508,549,5,20260827,2026-08-27 18:22:43,250.00,,,BDT,FALSE,,FALSE,FALSE,FALSE
1509,550,5,20260827,2026-08-27 18:22:43,120.00,,,BDT,FALSE,,FALSE,FALSE,FALSE
1510,551,5,20260827,2026-08-27 18:22:43,400.00,,,BDT,FALSE,,FALSE,FALSE,FALSE
1511,202,5,20260827,2026-08-27 18:23:11,510.00,,,BDT,FALSE,,FALSE,FALSE,FALSE
1512,203,5,20260827,2026-08-27 18:23:11,520.00,,,BDT,FALSE,,FALSE,FALSE,FALSE
1513,204,5,20260827,2026-08-27 18:23:11,1190.00,,,BDT,FALSE,,FALSE,FALSE,FALSE
1514,205,5,20260827,2026-08-27 18:23:11,595.00,,,BDT,FALSE,,FALSE,FALSE,FALSE
1515,206,5,20260827,2026-08-27 18:23:11,960.00,980.00,2.04,BDT,FALSE,,TRUE,TRUE,FALSE
1516,207,5,20260827,2026-08-27 18:23:11,910.00,950.00,4.21,BDT,FALSE,,TRUE,TRUE,FALSE
1517,208,5,20260827,2026-08-27 18:23:11,880.00,,,BDT,FALSE,,FALSE,FALSE,FALSE
1518,209,5,20260827,2026-08-27 18:23:11,440.00,480.00,8.33,BDT,FALSE,,TRUE,TRUE,FALSE
1519,210,5,20260827,2026-08-27 18:23:11,485.00,495.00,2.02,BDT,FALSE,,TRUE,TRUE,FALSE
1520,211,5,20260827,2026-08-27 18:23:11,460.00,480.00,4.17,BDT,FALSE,,TRUE,TRUE,FALSE
1521,212,5,20260827,2026-08-27 18:23:11,250.00,,,BDT,FALSE,,FALSE,FALSE,FALSE
1522,213,5,20260827,2026-08-27 18:23:11,230.00,,,BDT,FALSE,,FALSE,FALSE,FALSE
1523,214,5,20260827,2026-08-27 18:23:11,210.00,230.00,8.70,BDT,FALSE,,TRUE,TRUE,FALSE
1524,215,5,20260827,2026-08-27 18:23:11,1100.00,,,BDT,FALSE,,FALSE,FALSE,FALSE
1525,216,5,20260827,2026-08-27 18:23:11,450.00,,,BDT,FALSE,,FALSE,FALSE,FALSE
1526,217,5,20260827,2026-08-27 18:23:11,230.00,,,BDT,FALSE,,FALSE,FALSE,FALSE
1527,218,5,20260827,2026-08-27 18:23:11,510.00,525.00,2.86,BDT,FALSE,,TRUE,TRUE,FALSE
1528,219,5,20260827,2026-08-27 18:23:11,465.00,480.00,3.12,BDT,FALSE,,TRUE,TRUE,FALSE
1529,220,5,20260827,2026-08-27 18:23:11,117.00,,,BDT,FALSE,,FALSE,FALSE,FALSE
1530,221,5,20260827,2026-08-27 18:23:11,1150.00,,,BDT,FALSE,,FALSE,FALSE,FALSE
1531,222,5,20260827,2026-08-27 18:23:11,230.00,,,BDT,FALSE,,FALSE,FALSE,FALSE
1532,223,5,20260827,2026-08-27 18:23:11,115.00,,,BDT,FALSE,,FALSE,FALSE,FALSE
1533,224,5,20260827,2026-08-27 18:23:11,440.00,460.00,4.35,BDT,FALSE,,TRUE,TRUE,FALSE
1534,225,5,20260827,2026-08-27 18:23:11,130.00,,,BDT,FALSE,,FALSE,FALSE,FALSE
1535,360,5,20260827,2026-08-27 18:23:11,230.00,,,BDT,FALSE,,FALSE,FALSE,FALSE
1536,361,5,20260827,2026-08-27 18:23:11,2965.00,,,BDT,FALSE,,FALSE,FALSE,FALSE
1537,362,5,20260827,2026-08-27 18:23:11,120.00,,,BDT,FALSE,,FALSE,FALSE,FALSE
1538,363,5,20260827,2026-08-27 18:23:11,220.00,230.00,4.35,BDT,FALSE,,TRUE,TRUE,FALSE
1539,364,5,20260827,2026-08-27 18:23:11,530.00,,,BDT,FALSE,,FALSE,FALSE,FALSE
1540,365,5,20260827,2026-08-27 18:23:11,500.00,,,BDT,FALSE,,FALSE,FALSE,FALSE
1541,366,5,20260827,2026-08-27 18:23:11,299.00,320.00,6.56,BDT,FALSE,,TRUE,TRUE,FALSE
1542,367,5,20260827,2026-08-27 18:23:11,2740.00,,,BDT,FALSE,,FALSE,FALSE,FALSE
1543,368,5,20260827,2026-08-27 18:23:11,2965.00,,,BDT,FALSE,,FALSE,FALSE,FALSE
1544,369,5,20260827,2026-08-27 18:23:11,220.00,230.00,4.35,BDT,FALSE,,TRUE,TRUE,FALSE
1545,370,5,20260827,2026-08-27 18:23:11,420.00,,,BDT,FALSE,,FALSE,FALSE,FALSE
1546,371,5,20260827,2026-08-27 18:23:11,570.00,,,BDT,FALSE,,FALSE,FALSE,FALSE
1547,372,5,20260827,2026-08-27 18:23:11,480.00,,,BDT,FALSE,,FALSE,FALSE,FALSE
1548,373,5,20260827,2026-08-27 18:23:11,62.00,,,BDT,FALSE,,FALSE,FALSE,FALSE
1549,374,5,20260827,2026-08-27 18:23:11,56.00,60.00,6.67,BDT,FALSE,,TRUE,TRUE,FALSE
1550,375,5,20260827,2026-08-27 18:23:11,95.00,,,BDT,FALSE,,FALSE,FALSE,FALSE
1551,376,5,20260827,2026-08-27 18:23:11,190.00,,,BDT,FALSE,,FALSE,FALSE,FALSE
1552,377,5,20260827,2026-08-27 18:23:11,85.00,,,BDT,FALSE,,FALSE,FALSE,FALSE
1553,55,5,20260827,2026-08-27 18:23:11,65.00,72.00,9.72,BDT,FALSE,,TRUE,TRUE,FALSE
1554,378,5,20260827,2026-08-27 18:23:11,210.00,,,BDT,FALSE,,FALSE,FALSE,FALSE
1555,1,6,20260827,2026-08-27 18:23:27,550.00,,,BDT,FALSE,,FALSE,FALSE,FALSE
1556,2,6,20260827,2026-08-27 18:23:27,800.00,,,BDT,FALSE,,FALSE,FALSE,FALSE
1557,3,6,20260827,2026-08-27 18:23:27,800.00,,,BDT,FALSE,,FALSE,FALSE,FALSE
1558,4,6,20260827,2026-08-27 18:23:27,800.00,,,BDT,FALSE,,FALSE,FALSE,FALSE
1559,5,6,20260827,2026-08-27 18:23:27,799.00,900.00,11.22,BDT,FALSE,,TRUE,TRUE,FALSE
1560,6,6,20260827,2026-08-27 18:23:27,900.00,,,BDT,FALSE,,FALSE,FALSE,FALSE
1561,7,6,20260827,2026-08-27 18:23:27,975.00,,,BDT,FALSE,,FALSE,FALSE,FALSE
1562,8,6,20260827,2026-08-27 18:23:27,980.00,,,BDT,FALSE,,FALSE,FALSE,FALSE
1563,9,6,20260827,2026-08-27 18:23:27,1000.00,,,BDT,FALSE,,FALSE,FALSE,FALSE
1564,10,6,20260827,2026-08-27 18:23:27,1050.00,,,BDT,FALSE,,FALSE,FALSE,FALSE
1565,11,6,20260827,2026-08-27 18:23:27,850.00,1050.00,19.05,BDT,FALSE,,TRUE,TRUE,FALSE
1566,12,6,20260827,2026-08-27 18:23:27,1050.00,,,BDT,FALSE,,FALSE,FALSE,FALSE
1567,13,6,20260827,2026-08-27 18:23:27,799.00,1100.00,27.36,BDT,FALSE,,TRUE,TRUE,FALSE
1568,14,6,20260827,2026-08-27 18:23:27,799.00,1100.00,27.36,BDT,FALSE,,TRUE,TRUE,FALSE
1569,15,6,20260827,2026-08-27 18:23:27,1100.00,,,BDT,FALSE,,FALSE,FALSE,FALSE
1570,16,6,20260827,2026-08-27 18:23:27,940.00,1190.00,21.01,BDT,FALSE,,TRUE,TRUE,FALSE
1571,17,6,20260827,2026-08-27 18:23:27,1200.00,,,BDT,FALSE,,FALSE,FALSE,FALSE
1572,226,6,20260827,2026-08-27 18:23:35,31000.00,34500.00,10.14,BDT,FALSE,,TRUE,TRUE,FALSE
1573,227,6,20260827,2026-08-27 18:23:35,27500.00,33900.00,18.88,BDT,FALSE,,TRUE,TRUE,FALSE
1574,228,6,20260827,2026-08-27 18:23:35,45000.00,,,BDT,FALSE,,FALSE,FALSE,FALSE
1575,229,6,20260827,2026-08-27 18:23:35,44990.00,47500.00,5.28,BDT,FALSE,,TRUE,TRUE,FALSE
1576,230,6,20260827,2026-08-27 18:23:35,59500.00,62500.00,4.80,BDT,FALSE,,TRUE,TRUE,FALSE
1577,231,6,20260827,2026-08-27 18:23:35,63000.00,,,BDT,FALSE,,FALSE,FALSE,FALSE
1578,232,6,20260827,2026-08-27 18:23:35,61000.00,63500.00,3.94,BDT,FALSE,,TRUE,TRUE,FALSE
1579,233,6,20260827,2026-08-27 18:23:35,63500.00,,,BDT,FALSE,,FALSE,FALSE,FALSE
1580,234,6,20260827,2026-08-27 18:23:35,64000.00,,,BDT,FALSE,,FALSE,FALSE,FALSE
1581,235,6,20260827,2026-08-27 18:23:35,64000.00,,,BDT,FALSE,,FALSE,FALSE,FALSE
1582,236,6,20260827,2026-08-27 18:23:35,68000.00,,,BDT,FALSE,,FALSE,FALSE,FALSE
1583,237,6,20260827,2026-08-27 18:23:35,70000.00,,,BDT,FALSE,,FALSE,FALSE,FALSE
1584,238,6,20260827,2026-08-27 18:23:35,70500.00,,,BDT,FALSE,,FALSE,FALSE,FALSE
1585,239,6,20260827,2026-08-27 18:23:35,72500.00,,,BDT,FALSE,,FALSE,FALSE,FALSE
1586,240,6,20260827,2026-08-27 18:23:35,73500.00,,,BDT,FALSE,,FALSE,FALSE,FALSE
1587,241,6,20260827,2026-08-27 18:23:35,73500.00,,,BDT,FALSE,,FALSE,FALSE,FALSE
1588,242,6,20260827,2026-08-27 18:23:35,73500.00,,,BDT,FALSE,,FALSE,FALSE,FALSE
1589,243,6,20260827,2026-08-27 18:23:35,74500.00,,,BDT,FALSE,,FALSE,FALSE,FALSE
1590,244,6,20260827,2026-08-27 18:23:35,74500.00,,,BDT,FALSE,,FALSE,FALSE,FALSE
1639,600,1,20260827,2026-08-27 18:24:44,149.00,425.00,64.94,BDT,FALSE,,TRUE,TRUE,FALSE
1640,427,1,20260827,2026-08-27 18:24:44,133.00,425.00,68.71,BDT,FALSE,,TRUE,TRUE,FALSE
1641,601,1,20260827,2026-08-27 18:24:44,101.00,115.00,12.17,BDT,FALSE,,TRUE,TRUE,FALSE
1642,602,1,20260827,2026-08-27 18:24:44,359.00,420.00,14.52,BDT,FALSE,,TRUE,TRUE,FALSE
1643,603,1,20260827,2026-08-27 18:24:44,108.00,120.00,10.00,BDT,FALSE,,TRUE,TRUE,FALSE
1644,600,1,20260827,2026-08-27 18:24:44,149.00,425.00,64.94,BDT,FALSE,,TRUE,TRUE,TRUE
1645,427,1,20260827,2026-08-27 18:24:44,133.00,425.00,68.71,BDT,FALSE,,TRUE,TRUE,TRUE
1646,601,1,20260827,2026-08-27 18:24:44,101.00,115.00,12.17,BDT,FALSE,,TRUE,TRUE,TRUE
1647,602,1,20260827,2026-08-27 18:24:44,359.00,420.00,14.52,BDT,FALSE,,TRUE,TRUE,TRUE
1648,603,1,20260827,2026-08-27 18:24:44,108.00,120.00,10.00,BDT,FALSE,,TRUE,TRUE,TRUE
1649,432,1,20260827,2026-08-27 18:24:44,539.00,1200.00,55.08,BDT,FALSE,,TRUE,TRUE,FALSE
1650,433,1,20260827,2026-08-27 18:24:44,133.00,425.00,68.71,BDT,FALSE,,TRUE,TRUE,FALSE
1651,434,1,20260827,2026-08-27 18:24:44,238.00,240.00,0.83,BDT,FALSE,,TRUE,TRUE,FALSE
1652,435,1,20260827,2026-08-27 18:24:44,258.00,400.00,35.50,BDT,FALSE,,TRUE,TRUE,FALSE
1653,436,1,20260827,2026-08-27 18:24:44,187.00,200.00,6.50,BDT,FALSE,,TRUE,TRUE,FALSE
1654,437,1,20260827,2026-08-27 18:24:44,629.00,1300.00,51.62,BDT,FALSE,,TRUE,TRUE,FALSE
1655,438,1,20260827,2026-08-27 18:24:44,415.00,425.00,2.35,BDT,FALSE,,TRUE,TRUE,FALSE
1656,439,1,20260827,2026-08-27 18:24:44,182.00,230.00,20.87,BDT,FALSE,,TRUE,TRUE,FALSE
1657,440,1,20260827,2026-08-27 18:24:44,149.00,425.00,64.94,BDT,FALSE,,TRUE,TRUE,FALSE
1658,441,1,20260827,2026-08-27 18:24:44,149.00,425.00,64.94,BDT,FALSE,,TRUE,TRUE,FALSE
1659,442,1,20260827,2026-08-27 18:24:44,140.00,180.00,22.22,BDT,FALSE,,TRUE,TRUE,FALSE
1660,443,1,20260827,2026-08-27 18:24:44,150.00,300.00,50.00,BDT,FALSE,,TRUE,TRUE,FALSE
1661,444,1,20260827,2026-08-27 18:24:44,719.00,800.00,10.12,BDT,FALSE,,TRUE,TRUE,FALSE
1662,445,1,20260827,2026-08-27 18:24:44,7199.00,13990.00,48.54,BDT,FALSE,,TRUE,TRUE,FALSE
1663,446,1,20260827,2026-08-27 18:24:44,580.00,650.00,10.77,BDT,FALSE,,TRUE,TRUE,FALSE
1664,447,1,20260827,2026-08-27 18:24:44,110.00,275.00,60.00,BDT,FALSE,,TRUE,TRUE,FALSE
1665,448,1,20260827,2026-08-27 18:24:44,180.00,250.00,28.00,BDT,FALSE,,TRUE,TRUE,FALSE
1666,449,1,20260827,2026-08-27 18:24:44,150.00,300.00,50.00,BDT,FALSE,,TRUE,TRUE,FALSE
1667,450,1,20260827,2026-08-27 18:24:44,320.00,380.00,15.79,BDT,FALSE,,TRUE,TRUE,FALSE
1668,451,1,20260827,2026-08-27 18:24:44,68.00,170.00,60.00,BDT,FALSE,,TRUE,TRUE,FALSE
1669,452,1,20260827,2026-08-27 18:24:44,665.00,680.00,2.21,BDT,FALSE,,TRUE,TRUE,FALSE
1670,453,1,20260827,2026-08-27 18:24:44,294.00,350.00,16.00,BDT,FALSE,,TRUE,TRUE,FALSE
1671,454,1,20260827,2026-08-27 18:24:44,144.00,180.00,20.00,BDT,FALSE,,TRUE,TRUE,FALSE
1672,455,1,20260827,2026-08-27 18:24:44,116.00,150.00,22.67,BDT,FALSE,,TRUE,TRUE,FALSE
1673,456,1,20260827,2026-08-27 18:24:44,262.00,340.00,22.94,BDT,FALSE,,TRUE,TRUE,TRUE
1674,457,1,20260827,2026-08-27 18:24:44,150.00,300.00,50.00,BDT,FALSE,,TRUE,TRUE,FALSE
1675,458,1,20260827,2026-08-27 18:24:44,198.00,215.00,7.91,BDT,FALSE,,TRUE,TRUE,FALSE
1676,459,1,20260827,2026-08-27 18:24:44,159.00,195.00,18.46,BDT,FALSE,,TRUE,TRUE,FALSE
1677,460,1,20260827,2026-08-27 18:24:44,122.00,155.00,21.29,BDT,FALSE,,TRUE,TRUE,FALSE
1678,461,1,20260827,2026-08-27 18:24:44,109.00,110.00,0.91,BDT,FALSE,,TRUE,TRUE,FALSE
1679,462,1,20260827,2026-08-27 18:24:44,537.00,1200.00,55.25,BDT,FALSE,,TRUE,TRUE,FALSE
1680,463,1,20260827,2026-08-27 18:24:44,370.00,390.00,5.13,BDT,FALSE,,TRUE,TRUE,FALSE
1681,464,1,20260827,2026-08-27 18:24:44,64.00,160.00,60.00,BDT,FALSE,,TRUE,TRUE,FALSE
1682,465,1,20260827,2026-08-27 18:24:44,144.00,360.00,60.00,BDT,FALSE,,TRUE,TRUE,FALSE
1683,466,1,20260827,2026-08-27 18:24:44,880.00,950.00,7.37,BDT,FALSE,,TRUE,TRUE,FALSE
1684,467,1,20260827,2026-08-27 18:24:44,356.00,485.00,26.60,BDT,FALSE,,TRUE,TRUE,FALSE
1685,468,1,20260827,2026-08-27 18:24:44,820.00,1200.00,31.67,BDT,FALSE,,TRUE,TRUE,FALSE
1686,469,1,20260827,2026-08-27 18:24:44,148.00,370.00,60.00,BDT,FALSE,,TRUE,TRUE,FALSE
1687,470,1,20260827,2026-08-27 18:24:44,260.00,280.00,7.14,BDT,FALSE,,TRUE,TRUE,FALSE
1688,471,1,20260827,2026-08-27 18:24:44,136.00,349.00,61.03,BDT,FALSE,,TRUE,TRUE,FALSE
1689,472,1,20260827,2026-08-27 18:24:44,349.00,1500.00,76.73,BDT,FALSE,,TRUE,TRUE,FALSE
1690,473,1,20260827,2026-08-27 18:24:44,609.00,890.00,31.57,BDT,FALSE,,TRUE,TRUE,FALSE
1691,474,1,20260827,2026-08-27 18:24:44,820.00,1200.00,31.67,BDT,FALSE,,TRUE,TRUE,FALSE
1692,475,1,20260827,2026-08-27 18:24:44,618.00,750.00,17.60,BDT,FALSE,,TRUE,TRUE,FALSE
1693,476,1,20260827,2026-08-27 18:24:44,1099.00,1495.00,26.49,BDT,FALSE,,TRUE,TRUE,FALSE
1694,477,1,20260827,2026-08-27 18:24:44,132.00,150.00,12.00,BDT,FALSE,,TRUE,TRUE,FALSE
1695,478,1,20260827,2026-08-27 18:24:44,130.00,260.00,50.00,BDT,FALSE,,TRUE,TRUE,FALSE
1696,479,1,20260827,2026-08-27 18:24:44,820.00,1200.00,31.67,BDT,FALSE,,TRUE,TRUE,FALSE
1697,480,1,20260827,2026-08-27 18:24:44,329.00,370.00,11.08,BDT,FALSE,,TRUE,TRUE,FALSE
1698,481,1,20260827,2026-08-27 18:24:44,1291.00,1400.00,7.79,BDT,FALSE,,TRUE,TRUE,FALSE
1699,293,4,20260827,2026-08-27 18:25:01,89999.00,,,BDT,FALSE,,FALSE,FALSE,FALSE
1700,294,4,20260827,2026-08-27 18:25:01,106999.00,,,BDT,FALSE,,FALSE,FALSE,FALSE
1701,295,4,20260827,2026-08-27 18:25:01,193000.00,196000.00,1.53,BDT,FALSE,,TRUE,TRUE,FALSE
1702,296,4,20260827,2026-08-27 18:25:01,184500.00,185000.00,0.27,BDT,FALSE,,TRUE,TRUE,FALSE
1703,297,4,20260827,2026-08-27 18:25:01,140000.00,142000.00,1.41,BDT,FALSE,,TRUE,TRUE,FALSE
1704,298,4,20260827,2026-08-27 18:25:01,133500.00,134000.00,0.37,BDT,FALSE,,TRUE,TRUE,FALSE
1705,299,4,20260827,2026-08-27 18:25:01,128500.00,129000.00,0.39,BDT,FALSE,,TRUE,TRUE,FALSE
1706,300,4,20260827,2026-08-27 18:25:01,168500.00,169000.00,0.30,BDT,FALSE,,TRUE,TRUE,FALSE
1707,301,4,20260827,2026-08-27 18:25:01,168500.00,169000.00,0.30,BDT,FALSE,,TRUE,TRUE,FALSE
1708,302,4,20260827,2026-08-27 18:25:01,92700.00,93000.00,0.32,BDT,FALSE,,TRUE,TRUE,FALSE
1709,303,4,20260827,2026-08-27 18:25:01,92700.00,93000.00,0.32,BDT,FALSE,,TRUE,TRUE,FALSE
1710,304,4,20260827,2026-08-27 18:25:01,92700.00,93000.00,0.32,BDT,FALSE,,TRUE,TRUE,FALSE
1711,305,4,20260827,2026-08-27 18:25:01,194500.00,195000.00,0.26,BDT,FALSE,,TRUE,TRUE,FALSE
1712,306,4,20260827,2026-08-27 18:25:01,161500.00,162000.00,0.31,BDT,FALSE,,TRUE,TRUE,FALSE
1713,307,4,20260827,2026-08-27 18:25:01,161500.00,162000.00,0.31,BDT,FALSE,,TRUE,TRUE,FALSE
1714,308,4,20260827,2026-08-27 18:25:01,114000.00,116000.00,1.72,BDT,FALSE,,TRUE,TRUE,FALSE
1715,309,4,20260827,2026-08-27 18:25:01,117000.00,119000.00,1.68,BDT,FALSE,,TRUE,TRUE,FALSE
1716,310,4,20260827,2026-08-27 18:25:01,121500.00,122000.00,0.41,BDT,FALSE,,TRUE,TRUE,FALSE
1717,311,4,20260827,2026-08-27 18:25:01,121500.00,122000.00,0.41,BDT,FALSE,,TRUE,TRUE,FALSE
1718,29,2,20260828,2026-08-28 04:12:38,275.00,,77.00,BDT,FALSE,,FALSE,TRUE,TRUE
1719,604,2,20260828,2026-08-28 04:12:38,110.00,,80.00,BDT,FALSE,,FALSE,TRUE,TRUE
1720,605,2,20260828,2026-08-28 04:12:38,350.00,,59.00,BDT,FALSE,,FALSE,TRUE,TRUE
1721,30,2,20260828,2026-08-28 04:12:38,384.00,,61.00,BDT,FALSE,,FALSE,TRUE,TRUE
1722,31,2,20260828,2026-08-28 04:12:38,357.00,,64.00,BDT,FALSE,,FALSE,TRUE,TRUE
1723,33,2,20260828,2026-08-28 04:12:38,355.00,,64.00,BDT,FALSE,,FALSE,TRUE,TRUE
1724,32,2,20260828,2026-08-28 04:12:38,149.00,,48.00,BDT,FALSE,,FALSE,TRUE,TRUE
1725,34,2,20260828,2026-08-28 04:12:38,276.00,,66.00,BDT,FALSE,,FALSE,TRUE,TRUE
1726,35,2,20260828,2026-08-28 04:12:38,239.00,,47.00,BDT,FALSE,,FALSE,TRUE,TRUE
1727,36,2,20260828,2026-08-28 04:12:38,396.00,,62.00,BDT,FALSE,,FALSE,TRUE,TRUE
1728,58,2,20260828,2026-08-28 04:12:38,339.00,,51.00,BDT,FALSE,,FALSE,TRUE,TRUE
1729,87,2,20260828,2026-08-28 04:12:38,799.00,,47.00,BDT,FALSE,,FALSE,TRUE,TRUE
1730,59,2,20260828,2026-08-28 04:12:38,350.00,,59.00,BDT,FALSE,,FALSE,TRUE,TRUE
1731,88,2,20260828,2026-08-28 04:12:38,229.00,,54.00,BDT,FALSE,,FALSE,TRUE,TRUE
1732,60,2,20260828,2026-08-28 04:12:38,299.00,,70.00,BDT,FALSE,,FALSE,TRUE,TRUE
1733,61,2,20260828,2026-08-28 04:12:38,272.00,,46.00,BDT,FALSE,,FALSE,TRUE,TRUE
1734,89,2,20260828,2026-08-28 04:12:38,399.00,,21.00,BDT,FALSE,,FALSE,TRUE,TRUE
1735,92,2,20260828,2026-08-28 04:12:38,583.00,,79.00,BDT,FALSE,,FALSE,TRUE,TRUE
1736,91,2,20260828,2026-08-28 04:12:38,265.00,,59.00,BDT,FALSE,,FALSE,TRUE,TRUE
1737,90,2,20260828,2026-08-28 04:12:38,259.00,,78.00,BDT,FALSE,,FALSE,TRUE,TRUE
1738,63,2,20260828,2026-08-28 04:12:38,380.00,,49.00,BDT,FALSE,,FALSE,TRUE,TRUE
1739,62,2,20260828,2026-08-28 04:12:38,332.00,,80.00,BDT,FALSE,,FALSE,TRUE,TRUE
1740,118,2,20260828,2026-08-28 04:12:38,388.00,,76.00,BDT,FALSE,,FALSE,TRUE,TRUE
1741,65,2,20260828,2026-08-28 04:12:38,299.00,,43.00,BDT,FALSE,,FALSE,TRUE,TRUE
1742,64,2,20260828,2026-08-28 04:12:38,200.00,,70.00,BDT,FALSE,,FALSE,TRUE,TRUE
1743,66,2,20260828,2026-08-28 04:12:38,355.00,,31.00,BDT,FALSE,,FALSE,TRUE,TRUE
1744,312,2,20260828,2026-08-28 04:12:38,399.00,,34.00,BDT,FALSE,,FALSE,TRUE,TRUE
1745,313,2,20260828,2026-08-28 04:12:38,292.00,,71.00,BDT,FALSE,,FALSE,TRUE,TRUE
1746,314,2,20260828,2026-08-28 04:12:38,384.00,,81.00,BDT,FALSE,,FALSE,TRUE,TRUE
1747,317,2,20260828,2026-08-28 04:12:38,295.00,,34.00,BDT,FALSE,,FALSE,TRUE,TRUE
1748,315,2,20260828,2026-08-28 04:12:38,199.00,,60.00,BDT,FALSE,,FALSE,TRUE,TRUE
1749,316,2,20260828,2026-08-28 04:12:38,265.00,,69.00,BDT,FALSE,,FALSE,TRUE,TRUE
1750,319,2,20260828,2026-08-28 04:12:38,175.00,,56.00,BDT,FALSE,,FALSE,TRUE,TRUE
1751,318,2,20260828,2026-08-28 04:12:38,369.00,,31.00,BDT,FALSE,,FALSE,TRUE,TRUE
1752,323,2,20260828,2026-08-28 04:12:38,470.00,,79.00,BDT,FALSE,,FALSE,TRUE,TRUE
1753,320,2,20260828,2026-08-28 04:12:38,443.00,,60.00,BDT,FALSE,,FALSE,TRUE,TRUE
1754,322,2,20260828,2026-08-28 04:12:38,285.00,,43.00,BDT,FALSE,,FALSE,TRUE,TRUE
1755,321,2,20260828,2026-08-28 04:12:38,273.00,,58.00,BDT,FALSE,,FALSE,TRUE,TRUE
1756,324,2,20260828,2026-08-28 04:12:38,259.00,,52.00,BDT,FALSE,,FALSE,TRUE,TRUE
1757,606,2,20260828,2026-08-28 04:12:38,779.00,,19.00,BDT,FALSE,,FALSE,TRUE,TRUE
1758,174,2,20260828,2026-08-28 04:12:59,176.00,,,BDT,FALSE,,FALSE,FALSE,TRUE
1759,173,2,20260828,2026-08-28 04:12:59,209.00,,,BDT,FALSE,,FALSE,FALSE,TRUE
1760,175,2,20260828,2026-08-28 04:12:59,835.00,,34.00,BDT,FALSE,,FALSE,TRUE,TRUE
1761,176,2,20260828,2026-08-28 04:12:59,382.00,,5.00,BDT,FALSE,,FALSE,TRUE,TRUE
1762,328,2,20260828,2026-08-28 04:12:59,270.00,,23.00,BDT,FALSE,,FALSE,TRUE,TRUE
1763,177,2,20260828,2026-08-28 04:12:59,590.00,,21.00,BDT,FALSE,,FALSE,TRUE,TRUE
1764,178,2,20260828,2026-08-28 04:12:59,191.00,,5.00,BDT,FALSE,,FALSE,TRUE,TRUE
1765,179,2,20260828,2026-08-28 04:12:59,239.00,,47.00,BDT,FALSE,,FALSE,TRUE,TRUE
1766,180,2,20260828,2026-08-28 04:12:59,307.00,,23.00,BDT,FALSE,,FALSE,TRUE,TRUE
1767,181,2,20260828,2026-08-28 04:12:59,170.00,,,BDT,FALSE,,FALSE,FALSE,TRUE
1768,182,2,20260828,2026-08-28 04:12:59,133.00,,11.00,BDT,FALSE,,FALSE,TRUE,TRUE
1769,183,2,20260828,2026-08-28 04:12:59,166.00,,5.00,BDT,FALSE,,FALSE,TRUE,TRUE
1770,184,2,20260828,2026-08-28 04:12:59,595.00,,1.00,BDT,FALSE,,FALSE,TRUE,TRUE
1771,185,2,20260828,2026-08-28 04:12:59,362.00,,18.00,BDT,FALSE,,FALSE,TRUE,TRUE
1772,186,2,20260828,2026-08-28 04:12:59,650.00,,32.00,BDT,FALSE,,FALSE,TRUE,TRUE
1773,187,2,20260828,2026-08-28 04:12:59,310.00,,26.00,BDT,FALSE,,FALSE,TRUE,TRUE
1774,188,2,20260828,2026-08-28 04:12:59,300.00,,,BDT,FALSE,,FALSE,FALSE,TRUE
1775,189,2,20260828,2026-08-28 04:12:59,365.00,,19.00,BDT,FALSE,,FALSE,TRUE,TRUE
1776,194,2,20260828,2026-08-28 04:12:59,1049.00,,,BDT,FALSE,,FALSE,FALSE,TRUE
1777,191,2,20260828,2026-08-28 04:12:59,150.00,,,BDT,FALSE,,FALSE,FALSE,TRUE
1778,192,2,20260828,2026-08-28 04:12:59,310.00,,26.00,BDT,FALSE,,FALSE,TRUE,TRUE
1779,190,2,20260828,2026-08-28 04:12:59,579.00,,4.00,BDT,FALSE,,FALSE,TRUE,TRUE
1780,193,2,20260828,2026-08-28 04:12:59,299.00,,15.00,BDT,FALSE,,FALSE,TRUE,TRUE
1781,329,2,20260828,2026-08-28 04:12:59,325.00,,38.00,BDT,FALSE,,FALSE,TRUE,TRUE
1782,195,2,20260828,2026-08-28 04:12:59,135.00,,7.00,BDT,FALSE,,FALSE,TRUE,TRUE
1783,196,2,20260828,2026-08-28 04:12:59,255.00,,25.00,BDT,FALSE,,FALSE,TRUE,TRUE
1784,330,2,20260828,2026-08-28 04:12:59,849.00,,15.00,BDT,FALSE,,FALSE,TRUE,TRUE
1785,331,2,20260828,2026-08-28 04:12:59,295.00,,9.00,BDT,FALSE,,FALSE,TRUE,TRUE
1786,332,2,20260828,2026-08-28 04:12:59,247.00,,1.00,BDT,FALSE,,FALSE,TRUE,TRUE
1787,333,2,20260828,2026-08-28 04:12:59,128.00,,36.00,BDT,FALSE,,FALSE,TRUE,TRUE
1788,334,2,20260828,2026-08-28 04:12:59,209.00,,,BDT,FALSE,,FALSE,FALSE,TRUE
1789,338,2,20260828,2026-08-28 04:12:59,400.00,,,BDT,FALSE,,FALSE,FALSE,TRUE
1790,335,2,20260828,2026-08-28 04:12:59,600.00,,29.00,BDT,FALSE,,FALSE,TRUE,TRUE
1791,336,2,20260828,2026-08-28 04:12:59,130.00,,,BDT,FALSE,,FALSE,FALSE,TRUE
1792,337,2,20260828,2026-08-28 04:12:59,125.00,,,BDT,FALSE,,FALSE,FALSE,TRUE
1793,339,2,20260828,2026-08-28 04:12:59,209.00,,54.00,BDT,FALSE,,FALSE,TRUE,TRUE
1794,341,2,20260828,2026-08-28 04:12:59,232.00,,34.00,BDT,FALSE,,FALSE,TRUE,TRUE
1795,340,2,20260828,2026-08-28 04:12:59,103.00,,66.00,BDT,FALSE,,FALSE,TRUE,TRUE
1796,342,2,20260828,2026-08-28 04:12:59,191.00,,52.00,BDT,FALSE,,FALSE,TRUE,TRUE
1797,343,2,20260828,2026-08-28 04:12:59,259.00,,19.00,BDT,FALSE,,FALSE,TRUE,TRUE
1798,607,2,20260828,2026-08-28 04:13:19,750.00,,60.00,BDT,FALSE,,FALSE,TRUE,TRUE
1799,608,2,20260828,2026-08-28 04:13:19,780.00,,3.00,BDT,FALSE,,FALSE,TRUE,TRUE
1800,609,2,20260828,2026-08-28 04:13:19,830.00,,48.00,BDT,FALSE,,FALSE,TRUE,TRUE
1801,610,2,20260828,2026-08-28 04:13:19,799.00,,36.00,BDT,FALSE,,FALSE,TRUE,TRUE
1802,611,2,20260828,2026-08-28 04:13:19,1206.00,,10.00,BDT,FALSE,,FALSE,TRUE,TRUE
1803,612,2,20260828,2026-08-28 04:13:19,830.00,,34.00,BDT,FALSE,,FALSE,TRUE,TRUE
1804,613,2,20260828,2026-08-28 04:13:19,1201.00,,35.00,BDT,FALSE,,FALSE,TRUE,TRUE
1805,614,2,20260828,2026-08-28 04:13:19,779.00,,56.00,BDT,FALSE,,FALSE,TRUE,TRUE
1806,615,2,20260828,2026-08-28 04:13:19,830.00,,36.00,BDT,FALSE,,FALSE,TRUE,TRUE
1807,616,2,20260828,2026-08-28 04:13:19,1230.00,,35.00,BDT,FALSE,,FALSE,TRUE,TRUE
1808,617,2,20260828,2026-08-28 04:13:19,1170.00,,38.00,BDT,FALSE,,FALSE,TRUE,TRUE
1809,618,2,20260828,2026-08-28 04:13:19,1300.00,,45.00,BDT,FALSE,,FALSE,TRUE,TRUE
1810,619,2,20260828,2026-08-28 04:13:19,1254.00,,5.00,BDT,FALSE,,FALSE,TRUE,TRUE
1811,620,2,20260828,2026-08-28 04:13:19,1254.00,,5.00,BDT,FALSE,,FALSE,TRUE,TRUE
1812,621,2,20260828,2026-08-28 04:13:19,15899.00,,4.00,BDT,FALSE,,FALSE,TRUE,TRUE
1813,622,2,20260828,2026-08-28 04:13:19,903.00,,33.00,BDT,FALSE,,FALSE,TRUE,TRUE
1814,623,2,20260828,2026-08-28 04:13:19,1799.00,,36.00,BDT,FALSE,,FALSE,TRUE,TRUE
1815,624,2,20260828,2026-08-28 04:13:19,2199.00,,4.00,BDT,FALSE,,FALSE,TRUE,TRUE
1816,625,2,20260828,2026-08-28 04:13:19,1984.00,,21.00,BDT,FALSE,,FALSE,TRUE,TRUE
1817,626,2,20260828,2026-08-28 04:13:19,3326.00,,60.00,BDT,FALSE,,FALSE,TRUE,TRUE
1818,627,2,20260828,2026-08-28 04:13:19,1905.00,,36.00,BDT,FALSE,,FALSE,TRUE,TRUE
1819,628,2,20260828,2026-08-28 04:13:19,846.00,,37.00,BDT,FALSE,,FALSE,TRUE,TRUE
1820,629,2,20260828,2026-08-28 04:13:19,1235.00,,23.00,BDT,FALSE,,FALSE,TRUE,TRUE
1821,630,2,20260828,2026-08-28 04:13:19,1245.00,,31.00,BDT,FALSE,,FALSE,TRUE,TRUE
1822,631,2,20260828,2026-08-28 04:13:19,1780.00,,11.00,BDT,FALSE,,FALSE,TRUE,TRUE
1823,632,2,20260828,2026-08-28 04:13:19,968.00,,12.00,BDT,FALSE,,FALSE,TRUE,TRUE
1824,633,2,20260828,2026-08-28 04:13:19,11759.00,,13.00,BDT,FALSE,,FALSE,TRUE,TRUE
1825,634,2,20260828,2026-08-28 04:13:19,1979.00,,1.00,BDT,FALSE,,FALSE,TRUE,TRUE
1826,635,2,20260828,2026-08-28 04:13:19,1226.00,,35.00,BDT,FALSE,,FALSE,TRUE,TRUE
1827,636,2,20260828,2026-08-28 04:13:19,16199.00,,6.00,BDT,FALSE,,FALSE,TRUE,TRUE
1828,637,2,20260828,2026-08-28 04:13:19,15099.00,,6.00,BDT,FALSE,,FALSE,TRUE,TRUE
1829,638,2,20260828,2026-08-28 04:13:19,1212.00,,39.00,BDT,FALSE,,FALSE,TRUE,TRUE
1830,639,2,20260828,2026-08-28 04:13:19,1880.00,,6.00,BDT,FALSE,,FALSE,TRUE,TRUE
1831,640,2,20260828,2026-08-28 04:13:19,1979.00,,10.00,BDT,FALSE,,FALSE,TRUE,TRUE
1832,641,2,20260828,2026-08-28 04:13:19,2445.00,,19.00,BDT,FALSE,,FALSE,TRUE,TRUE
1833,642,2,20260828,2026-08-28 04:13:19,1970.00,,34.00,BDT,FALSE,,FALSE,TRUE,TRUE
1834,643,2,20260828,2026-08-28 04:13:19,1245.00,,31.00,BDT,FALSE,,FALSE,TRUE,TRUE
1835,644,2,20260828,2026-08-28 04:13:19,1188.00,,36.00,BDT,FALSE,,FALSE,TRUE,TRUE
1836,645,2,20260828,2026-08-28 04:13:19,1142.00,,18.00,BDT,FALSE,,FALSE,TRUE,TRUE
1837,646,2,20260828,2026-08-28 04:13:19,939.00,,53.00,BDT,FALSE,,FALSE,TRUE,TRUE
1838,647,2,20260828,2026-08-28 04:13:41,289.00,,45.00,BDT,FALSE,,FALSE,TRUE,TRUE
1839,648,2,20260828,2026-08-28 04:13:41,402.00,,67.00,BDT,FALSE,,FALSE,TRUE,TRUE
1840,649,2,20260828,2026-08-28 04:13:41,535.00,,55.00,BDT,FALSE,,FALSE,TRUE,TRUE
1841,650,2,20260828,2026-08-28 04:13:41,299.00,,77.00,BDT,FALSE,,FALSE,TRUE,TRUE
1842,651,2,20260828,2026-08-28 04:13:41,650.00,,28.00,BDT,FALSE,,FALSE,TRUE,TRUE
1843,652,2,20260828,2026-08-28 04:13:41,582.00,,65.00,BDT,FALSE,,FALSE,TRUE,TRUE
1844,653,2,20260828,2026-08-28 04:13:41,589.00,,53.00,BDT,FALSE,,FALSE,TRUE,TRUE
1845,654,2,20260828,2026-08-28 04:13:41,450.00,,55.00,BDT,FALSE,,FALSE,TRUE,TRUE
1846,655,2,20260828,2026-08-28 04:13:41,398.00,,67.00,BDT,FALSE,,FALSE,TRUE,TRUE
1847,656,2,20260828,2026-08-28 04:13:41,1349.00,,70.00,BDT,FALSE,,FALSE,TRUE,TRUE
1848,657,2,20260828,2026-08-28 04:13:41,750.00,,55.00,BDT,FALSE,,FALSE,TRUE,TRUE
1849,658,2,20260828,2026-08-28 04:13:41,378.00,,64.00,BDT,FALSE,,FALSE,TRUE,TRUE
1850,659,2,20260828,2026-08-28 04:13:41,750.00,,42.00,BDT,FALSE,,FALSE,TRUE,TRUE
1851,660,2,20260828,2026-08-28 04:13:41,550.00,,54.00,BDT,FALSE,,FALSE,TRUE,TRUE
1852,661,2,20260828,2026-08-28 04:13:41,375.00,,56.00,BDT,FALSE,,FALSE,TRUE,TRUE
1853,662,2,20260828,2026-08-28 04:13:41,1272.00,,20.00,BDT,FALSE,,FALSE,TRUE,TRUE
1854,663,2,20260828,2026-08-28 04:13:41,1499.00,,67.00,BDT,FALSE,,FALSE,TRUE,TRUE
1855,664,2,20260828,2026-08-28 04:13:41,299.00,,70.00,BDT,FALSE,,FALSE,TRUE,TRUE
1856,665,2,20260828,2026-08-28 04:13:41,480.00,,47.00,BDT,FALSE,,FALSE,TRUE,TRUE
1857,666,2,20260828,2026-08-28 04:13:41,295.00,,61.00,BDT,FALSE,,FALSE,TRUE,TRUE
1858,667,2,20260828,2026-08-28 04:13:41,578.00,,64.00,BDT,FALSE,,FALSE,TRUE,TRUE
1859,668,2,20260828,2026-08-28 04:13:41,374.00,,50.00,BDT,FALSE,,FALSE,TRUE,TRUE
1860,669,2,20260828,2026-08-28 04:13:41,400.00,,60.00,BDT,FALSE,,FALSE,TRUE,TRUE
1861,670,2,20260828,2026-08-28 04:13:41,285.00,,52.00,BDT,FALSE,,FALSE,TRUE,TRUE
1862,671,2,20260828,2026-08-28 04:13:41,275.00,,54.00,BDT,FALSE,,FALSE,TRUE,TRUE
1863,672,2,20260828,2026-08-28 04:13:41,750.00,,55.00,BDT,FALSE,,FALSE,TRUE,TRUE
1864,673,2,20260828,2026-08-28 04:13:41,750.00,,55.00,BDT,FALSE,,FALSE,TRUE,TRUE
1865,674,2,20260828,2026-08-28 04:13:41,750.00,,55.00,BDT,FALSE,,FALSE,TRUE,TRUE
1866,675,2,20260828,2026-08-28 04:13:41,380.00,,60.00,BDT,FALSE,,FALSE,TRUE,TRUE
1867,676,2,20260828,2026-08-28 04:13:41,520.00,,58.00,BDT,FALSE,,FALSE,TRUE,TRUE
1868,677,2,20260828,2026-08-28 04:13:41,380.00,,60.00,BDT,FALSE,,FALSE,TRUE,TRUE
1869,678,2,20260828,2026-08-28 04:13:41,490.00,,44.00,BDT,FALSE,,FALSE,TRUE,TRUE
1870,679,2,20260828,2026-08-28 04:13:41,699.00,,44.00,BDT,FALSE,,FALSE,TRUE,TRUE
1871,680,2,20260828,2026-08-28 04:13:41,330.00,,53.00,BDT,FALSE,,FALSE,TRUE,TRUE
1872,681,2,20260828,2026-08-28 04:13:41,570.00,,40.00,BDT,FALSE,,FALSE,TRUE,TRUE
1873,682,2,20260828,2026-08-28 04:13:41,430.00,,49.00,BDT,FALSE,,FALSE,TRUE,TRUE
1874,683,2,20260828,2026-08-28 04:13:41,450.00,,63.00,BDT,FALSE,,FALSE,TRUE,TRUE
1875,684,2,20260828,2026-08-28 04:13:41,450.00,,53.00,BDT,FALSE,,FALSE,TRUE,TRUE
1876,685,2,20260828,2026-08-28 04:13:41,378.00,,64.00,BDT,FALSE,,FALSE,TRUE,TRUE
1877,686,2,20260828,2026-08-28 04:13:41,750.00,,55.00,BDT,FALSE,,FALSE,TRUE,TRUE
1878,687,2,20260828,2026-08-28 04:14:01,37500.00,,12.00,BDT,FALSE,,FALSE,TRUE,TRUE
1879,688,2,20260828,2026-08-28 04:14:01,77499.00,,,BDT,FALSE,,FALSE,FALSE,TRUE
1880,689,2,20260828,2026-08-28 04:14:01,119938.00,,7.00,BDT,FALSE,,FALSE,TRUE,TRUE
1881,690,2,20260828,2026-08-28 04:14:01,35000.00,,,BDT,FALSE,,FALSE,FALSE,TRUE
1882,691,2,20260828,2026-08-28 04:14:01,57992.00,,12.00,BDT,FALSE,,FALSE,TRUE,TRUE
1883,692,2,20260828,2026-08-28 04:14:01,53499.00,,,BDT,FALSE,,FALSE,FALSE,TRUE
1884,693,2,20260828,2026-08-28 04:14:01,217900.00,,1.00,BDT,FALSE,,FALSE,TRUE,TRUE
1885,694,2,20260828,2026-08-28 04:14:01,94100.00,,11.00,BDT,FALSE,,FALSE,TRUE,TRUE
1886,695,2,20260828,2026-08-28 04:14:01,147000.00,,2.00,BDT,FALSE,,FALSE,TRUE,TRUE
1887,696,2,20260828,2026-08-28 04:14:01,92280.00,,,BDT,FALSE,,FALSE,FALSE,TRUE
1888,697,2,20260828,2026-08-28 04:14:01,49900.00,,,BDT,FALSE,,FALSE,FALSE,TRUE
1889,698,2,20260828,2026-08-28 04:14:01,99120.00,,,BDT,FALSE,,FALSE,FALSE,TRUE
1890,699,2,20260828,2026-08-28 04:14:01,43620.00,,7.00,BDT,FALSE,,FALSE,TRUE,TRUE
1891,700,2,20260828,2026-08-28 04:14:01,65500.00,,12.00,BDT,FALSE,,FALSE,TRUE,TRUE
1892,701,2,20260828,2026-08-28 04:14:01,54150.00,,5.00,BDT,FALSE,,FALSE,TRUE,TRUE
1893,702,2,20260828,2026-08-28 04:14:01,70000.00,,,BDT,FALSE,,FALSE,FALSE,TRUE
1894,703,2,20260828,2026-08-28 04:14:01,117900.00,,2.00,BDT,FALSE,,FALSE,TRUE,TRUE
1895,704,2,20260828,2026-08-28 04:14:01,74200.00,,5.00,BDT,FALSE,,FALSE,TRUE,TRUE
1896,705,2,20260828,2026-08-28 04:14:01,99699.00,,,BDT,FALSE,,FALSE,FALSE,TRUE
1897,706,2,20260828,2026-08-28 04:14:01,59800.00,,,BDT,FALSE,,FALSE,FALSE,TRUE
1898,707,2,20260828,2026-08-28 04:14:01,39500.00,,,BDT,FALSE,,FALSE,FALSE,TRUE
1899,708,2,20260828,2026-08-28 04:14:01,76329.00,,5.00,BDT,FALSE,,FALSE,TRUE,TRUE
1900,709,2,20260828,2026-08-28 04:14:01,400000.00,,43.00,BDT,FALSE,,FALSE,TRUE,TRUE
1901,710,2,20260828,2026-08-28 04:14:01,48500.00,,7.00,BDT,FALSE,,FALSE,TRUE,TRUE
1902,711,2,20260828,2026-08-28 04:14:01,135000.00,,4.00,BDT,FALSE,,FALSE,TRUE,TRUE
1903,712,2,20260828,2026-08-28 04:14:01,69999.00,,,BDT,FALSE,,FALSE,FALSE,TRUE
1904,713,2,20260828,2026-08-28 04:14:01,99750.00,,5.00,BDT,FALSE,,FALSE,TRUE,TRUE
1905,714,2,20260828,2026-08-28 04:14:01,59800.00,,9.00,BDT,FALSE,,FALSE,TRUE,TRUE
1906,715,2,20260828,2026-08-28 04:14:01,41500.00,,,BDT,FALSE,,FALSE,FALSE,TRUE
1907,716,2,20260828,2026-08-28 04:14:01,161660.00,,,BDT,FALSE,,FALSE,FALSE,TRUE
1908,717,2,20260828,2026-08-28 04:14:01,34100.00,,,BDT,FALSE,,FALSE,FALSE,TRUE
1909,718,2,20260828,2026-08-28 04:14:01,60870.00,,,BDT,FALSE,,FALSE,FALSE,TRUE
1910,719,2,20260828,2026-08-28 04:14:01,59799.00,,,BDT,FALSE,,FALSE,FALSE,TRUE
1911,720,2,20260828,2026-08-28 04:14:01,47880.00,,5.00,BDT,FALSE,,FALSE,TRUE,TRUE
1912,721,2,20260828,2026-08-28 04:14:01,116610.00,,,BDT,FALSE,,FALSE,FALSE,TRUE
1913,722,2,20260828,2026-08-28 04:14:01,45000.00,,44.00,BDT,FALSE,,FALSE,TRUE,TRUE
1914,723,2,20260828,2026-08-28 04:14:01,55000.00,,31.00,BDT,FALSE,,FALSE,TRUE,TRUE
1915,724,2,20260828,2026-08-28 04:14:01,45500.00,,,BDT,FALSE,,FALSE,FALSE,TRUE
1916,725,2,20260828,2026-08-28 04:14:01,22500.00,,,BDT,FALSE,,FALSE,FALSE,TRUE
1917,726,2,20260828,2026-08-28 04:14:01,120100.00,,7.00,BDT,FALSE,,FALSE,TRUE,TRUE
1918,125,3,20260828,2026-08-28 04:14:23,955.00,975.00,2.05,BDT,FALSE,,TRUE,TRUE,FALSE
1919,126,3,20260828,2026-08-28 04:14:23,975.00,,,BDT,FALSE,,FALSE,FALSE,FALSE
1920,127,3,20260828,2026-08-28 04:14:23,255.00,,,BDT,FALSE,,FALSE,FALSE,FALSE
1921,128,3,20260828,2026-08-28 04:14:23,392.00,398.00,1.51,BDT,FALSE,,TRUE,TRUE,FALSE
1922,129,3,20260828,2026-08-28 04:14:23,30.00,,,BDT,FALSE,,FALSE,FALSE,FALSE
1923,130,3,20260828,2026-08-28 04:14:23,216.00,230.00,6.09,BDT,FALSE,,TRUE,TRUE,FALSE
1924,131,3,20260828,2026-08-28 04:14:23,67.00,80.00,16.25,BDT,FALSE,,TRUE,TRUE,FALSE
1925,132,3,20260828,2026-08-28 04:14:23,370.00,,,BDT,FALSE,,FALSE,FALSE,FALSE
1926,133,3,20260828,2026-08-28 04:14:23,73.00,,,BDT,FALSE,,FALSE,FALSE,FALSE
1927,134,3,20260828,2026-08-28 04:14:23,42.00,50.00,16.00,BDT,FALSE,,TRUE,TRUE,FALSE
1928,135,3,20260828,2026-08-28 04:14:23,42.00,50.00,16.00,BDT,FALSE,,TRUE,TRUE,FALSE
1929,136,3,20260828,2026-08-28 04:14:23,42.00,50.00,16.00,BDT,FALSE,,TRUE,TRUE,FALSE
1930,137,3,20260828,2026-08-28 04:14:23,382.00,460.00,16.96,BDT,FALSE,,TRUE,TRUE,FALSE
1931,138,3,20260828,2026-08-28 04:14:23,759.00,925.00,17.95,BDT,FALSE,,TRUE,TRUE,FALSE
1932,139,3,20260828,2026-08-28 04:14:23,67.00,80.00,16.25,BDT,FALSE,,TRUE,TRUE,FALSE
1933,140,3,20260828,2026-08-28 04:14:23,13.00,15.00,13.33,BDT,FALSE,,TRUE,TRUE,FALSE
1934,141,3,20260828,2026-08-28 04:14:23,503.00,559.00,10.02,BDT,FALSE,,TRUE,TRUE,FALSE
1935,142,3,20260828,2026-08-28 04:14:23,260.00,,,BDT,FALSE,,FALSE,FALSE,FALSE
1936,143,3,20260828,2026-08-28 04:14:23,90.00,,,BDT,FALSE,,FALSE,FALSE,FALSE
1937,144,3,20260828,2026-08-28 04:14:23,90.00,,,BDT,FALSE,,FALSE,FALSE,FALSE
1938,145,3,20260828,2026-08-28 04:14:23,310.00,350.00,11.43,BDT,FALSE,,TRUE,TRUE,FALSE
1939,146,3,20260828,2026-08-28 04:14:23,289.00,299.00,3.34,BDT,FALSE,,TRUE,TRUE,FALSE
1940,147,3,20260828,2026-08-28 04:14:23,320.00,,,BDT,FALSE,,FALSE,FALSE,FALSE
1941,148,3,20260828,2026-08-28 04:14:23,180.00,,,BDT,FALSE,,FALSE,FALSE,FALSE
1942,344,3,20260828,2026-08-28 04:14:23,161.00,240.00,32.92,BDT,FALSE,,TRUE,TRUE,FALSE
1943,345,3,20260828,2026-08-28 04:14:23,489.00,515.00,5.05,BDT,FALSE,,TRUE,TRUE,FALSE
1944,346,3,20260828,2026-08-28 04:14:23,215.00,240.00,10.42,BDT,FALSE,,TRUE,TRUE,FALSE
1945,347,3,20260828,2026-08-28 04:14:23,440.00,470.00,6.38,BDT,FALSE,,TRUE,TRUE,FALSE
1946,348,3,20260828,2026-08-28 04:14:23,100.00,,,BDT,FALSE,,FALSE,FALSE,FALSE
1947,349,3,20260828,2026-08-28 04:14:23,120.00,,,BDT,FALSE,,FALSE,FALSE,FALSE
1948,350,3,20260828,2026-08-28 04:14:23,255.00,285.00,10.53,BDT,FALSE,,TRUE,TRUE,FALSE
1949,351,3,20260828,2026-08-28 04:14:23,115.00,,,BDT,FALSE,,FALSE,FALSE,FALSE
1950,352,3,20260828,2026-08-28 04:14:23,108.00,,,BDT,FALSE,,FALSE,FALSE,FALSE
1951,353,3,20260828,2026-08-28 04:14:23,94.00,96.00,2.08,BDT,FALSE,,TRUE,TRUE,FALSE
1952,354,3,20260828,2026-08-28 04:14:23,150.00,,,BDT,FALSE,,FALSE,FALSE,FALSE
1953,355,3,20260828,2026-08-28 04:14:23,95.00,,,BDT,FALSE,,FALSE,FALSE,FALSE
1954,356,3,20260828,2026-08-28 04:14:23,255.00,285.00,10.53,BDT,FALSE,,TRUE,TRUE,FALSE
1955,357,3,20260828,2026-08-28 04:14:23,1125.00,,,BDT,FALSE,,FALSE,FALSE,FALSE
1956,358,3,20260828,2026-08-28 04:14:23,450.00,,,BDT,FALSE,,FALSE,FALSE,FALSE
1957,359,3,20260828,2026-08-28 04:14:23,30.00,,,BDT,FALSE,,FALSE,FALSE,FALSE
1958,125,3,20260828,2026-08-28 04:14:41,955.00,975.00,2.05,BDT,FALSE,,TRUE,TRUE,TRUE
1959,126,3,20260828,2026-08-28 04:14:41,975.00,,,BDT,FALSE,,FALSE,FALSE,TRUE
1960,127,3,20260828,2026-08-28 04:14:41,255.00,,,BDT,FALSE,,FALSE,FALSE,TRUE
1961,128,3,20260828,2026-08-28 04:14:41,392.00,398.00,1.51,BDT,FALSE,,TRUE,TRUE,TRUE
1962,129,3,20260828,2026-08-28 04:14:41,30.00,,,BDT,FALSE,,FALSE,FALSE,TRUE
1963,130,3,20260828,2026-08-28 04:14:41,216.00,230.00,6.09,BDT,FALSE,,TRUE,TRUE,TRUE
1964,131,3,20260828,2026-08-28 04:14:41,67.00,80.00,16.25,BDT,FALSE,,TRUE,TRUE,TRUE
1965,132,3,20260828,2026-08-28 04:14:41,370.00,,,BDT,FALSE,,FALSE,FALSE,TRUE
1966,133,3,20260828,2026-08-28 04:14:41,73.00,,,BDT,FALSE,,FALSE,FALSE,TRUE
1967,134,3,20260828,2026-08-28 04:14:41,42.00,50.00,16.00,BDT,FALSE,,TRUE,TRUE,FALSE
1968,135,3,20260828,2026-08-28 04:14:41,42.00,50.00,16.00,BDT,FALSE,,TRUE,TRUE,TRUE
1969,136,3,20260828,2026-08-28 04:14:41,42.00,50.00,16.00,BDT,FALSE,,TRUE,TRUE,TRUE
1970,137,3,20260828,2026-08-28 04:14:41,382.00,460.00,16.96,BDT,FALSE,,TRUE,TRUE,FALSE
1971,138,3,20260828,2026-08-28 04:14:41,759.00,925.00,17.95,BDT,FALSE,,TRUE,TRUE,TRUE
1972,139,3,20260828,2026-08-28 04:14:41,67.00,80.00,16.25,BDT,FALSE,,TRUE,TRUE,TRUE
1973,140,3,20260828,2026-08-28 04:14:41,13.00,15.00,13.33,BDT,FALSE,,TRUE,TRUE,TRUE
1974,141,3,20260828,2026-08-28 04:14:41,503.00,559.00,10.02,BDT,FALSE,,TRUE,TRUE,TRUE
1975,142,3,20260828,2026-08-28 04:14:41,260.00,,,BDT,FALSE,,FALSE,FALSE,TRUE
1976,143,3,20260828,2026-08-28 04:14:41,90.00,,,BDT,FALSE,,FALSE,FALSE,TRUE
1977,144,3,20260828,2026-08-28 04:14:41,90.00,,,BDT,FALSE,,FALSE,FALSE,TRUE
1978,145,3,20260828,2026-08-28 04:14:41,310.00,350.00,11.43,BDT,FALSE,,TRUE,TRUE,TRUE
1979,146,3,20260828,2026-08-28 04:14:41,289.00,299.00,3.34,BDT,FALSE,,TRUE,TRUE,TRUE
1980,147,3,20260828,2026-08-28 04:14:41,320.00,,,BDT,FALSE,,FALSE,FALSE,TRUE
1981,148,3,20260828,2026-08-28 04:14:41,180.00,,,BDT,FALSE,,FALSE,FALSE,TRUE
1982,344,3,20260828,2026-08-28 04:14:41,161.00,240.00,32.92,BDT,FALSE,,TRUE,TRUE,TRUE
1983,345,3,20260828,2026-08-28 04:14:41,489.00,515.00,5.05,BDT,FALSE,,TRUE,TRUE,TRUE
1984,346,3,20260828,2026-08-28 04:14:41,215.00,240.00,10.42,BDT,FALSE,,TRUE,TRUE,TRUE
1985,347,3,20260828,2026-08-28 04:14:41,440.00,470.00,6.38,BDT,FALSE,,TRUE,TRUE,TRUE
1986,348,3,20260828,2026-08-28 04:14:41,100.00,,,BDT,FALSE,,FALSE,FALSE,TRUE
1987,349,3,20260828,2026-08-28 04:14:41,120.00,,,BDT,FALSE,,FALSE,FALSE,TRUE
1988,350,3,20260828,2026-08-28 04:14:41,255.00,285.00,10.53,BDT,FALSE,,TRUE,TRUE,TRUE
1989,351,3,20260828,2026-08-28 04:14:41,115.00,,,BDT,FALSE,,FALSE,FALSE,TRUE
1990,352,3,20260828,2026-08-28 04:14:41,108.00,,,BDT,FALSE,,FALSE,FALSE,TRUE
1991,353,3,20260828,2026-08-28 04:14:41,94.00,96.00,2.08,BDT,FALSE,,TRUE,TRUE,TRUE
1992,354,3,20260828,2026-08-28 04:14:41,150.00,,,BDT,FALSE,,FALSE,FALSE,TRUE
1993,355,3,20260828,2026-08-28 04:14:41,95.00,,,BDT,FALSE,,FALSE,FALSE,TRUE
1994,356,3,20260828,2026-08-28 04:14:41,255.00,285.00,10.53,BDT,FALSE,,TRUE,TRUE,TRUE
1995,357,3,20260828,2026-08-28 04:14:41,1125.00,,,BDT,FALSE,,FALSE,FALSE,TRUE
1996,358,3,20260828,2026-08-28 04:14:41,450.00,,,BDT,FALSE,,FALSE,FALSE,TRUE
1997,359,3,20260828,2026-08-28 04:14:41,30.00,,,BDT,FALSE,,FALSE,FALSE,TRUE
1998,727,3,20260828,2026-08-28 04:15:03,1654.00,1880.00,12.02,BDT,FALSE,,TRUE,TRUE,FALSE
1999,134,3,20260828,2026-08-28 04:15:03,42.00,50.00,16.00,BDT,FALSE,,TRUE,TRUE,FALSE
2000,728,3,20260828,2026-08-28 04:15:03,5130.00,5400.00,5.00,BDT,FALSE,,TRUE,TRUE,FALSE
2001,729,3,20260828,2026-08-28 04:15:03,3855.00,4190.00,8.00,BDT,FALSE,,TRUE,TRUE,FALSE
2002,730,3,20260828,2026-08-28 04:15:03,450.00,470.00,4.26,BDT,FALSE,,TRUE,TRUE,FALSE
2003,137,3,20260828,2026-08-28 04:15:03,382.00,460.00,16.96,BDT,FALSE,,TRUE,TRUE,FALSE
2004,731,3,20260828,2026-08-28 04:15:03,3840.00,3900.00,1.54,BDT,FALSE,,TRUE,TRUE,FALSE
2005,732,3,20260828,2026-08-28 04:15:03,176.00,650.00,72.92,BDT,FALSE,,TRUE,TRUE,FALSE
2006,733,3,20260828,2026-08-28 04:15:03,56290.00,75990.00,25.92,BDT,FALSE,,TRUE,TRUE,FALSE
2007,734,3,20260828,2026-08-28 04:15:03,3881.00,4410.00,12.00,BDT,FALSE,,TRUE,TRUE,FALSE
2008,735,3,20260828,2026-08-28 04:15:03,4059.00,4950.00,18.00,BDT,FALSE,,TRUE,TRUE,FALSE
2009,736,3,20260828,2026-08-28 04:15:03,3280.00,4100.00,20.00,BDT,FALSE,,TRUE,TRUE,FALSE
2010,737,3,20260828,2026-08-28 04:15:03,500.00,,,BDT,FALSE,,FALSE,FALSE,FALSE
2011,738,3,20260828,2026-08-28 04:15:03,4941.00,6800.00,27.34,BDT,FALSE,,TRUE,TRUE,FALSE
2012,137,3,20260828,2026-08-28 04:15:03,382.00,460.00,16.96,BDT,FALSE,,TRUE,TRUE,FALSE
2013,739,3,20260828,2026-08-28 04:15:03,80000.00,89000.00,10.11,BDT,FALSE,,TRUE,TRUE,FALSE
2014,740,3,20260828,2026-08-28 04:15:03,14999.00,,,BDT,FALSE,,FALSE,FALSE,FALSE
2015,741,3,20260828,2026-08-28 04:15:03,2688.00,3162.00,14.99,BDT,FALSE,,TRUE,TRUE,FALSE
2016,742,3,20260828,2026-08-28 04:15:03,642.00,880.00,27.05,BDT,FALSE,,TRUE,TRUE,FALSE
2017,743,3,20260828,2026-08-28 04:15:03,2010.00,,,BDT,FALSE,,FALSE,FALSE,FALSE
2018,744,3,20260828,2026-08-28 04:15:03,29490.00,,,BDT,FALSE,,FALSE,FALSE,FALSE
2019,745,3,20260828,2026-08-28 04:15:03,52290.00,73900.00,29.24,BDT,FALSE,,TRUE,TRUE,FALSE
2020,746,3,20260828,2026-08-28 04:15:03,387.00,489.00,20.86,BDT,FALSE,,TRUE,TRUE,FALSE
2021,747,3,20260828,2026-08-28 04:15:03,750.00,1000.00,25.00,BDT,FALSE,,TRUE,TRUE,FALSE
2022,748,3,20260828,2026-08-28 04:15:03,648.00,680.00,4.71,BDT,FALSE,,TRUE,TRUE,FALSE
2023,749,3,20260828,2026-08-28 04:15:03,480.00,750.00,36.00,BDT,FALSE,,TRUE,TRUE,FALSE
2024,750,3,20260828,2026-08-28 04:15:03,7899.00,8299.00,4.82,BDT,FALSE,,TRUE,TRUE,FALSE
2025,751,3,20260828,2026-08-28 04:15:03,109900.00,137000.00,19.78,BDT,FALSE,,TRUE,TRUE,FALSE
2026,752,3,20260828,2026-08-28 04:15:03,630.00,1299.00,51.50,BDT,FALSE,,TRUE,TRUE,FALSE
2027,753,3,20260828,2026-08-28 04:15:03,480.00,1650.00,70.91,BDT,FALSE,,TRUE,TRUE,FALSE
2028,754,3,20260828,2026-08-28 04:15:03,273.00,519.00,47.40,BDT,FALSE,,TRUE,TRUE,FALSE
2029,755,3,20260828,2026-08-28 04:15:03,51480.00,57200.00,10.00,BDT,FALSE,,TRUE,TRUE,FALSE
2030,756,3,20260828,2026-08-28 04:15:03,44625.00,52500.00,15.00,BDT,FALSE,,TRUE,TRUE,FALSE
2031,757,3,20260828,2026-08-28 04:15:03,3764.00,4590.00,18.00,BDT,FALSE,,TRUE,TRUE,FALSE
2032,758,3,20260828,2026-08-28 04:15:03,6296.00,7450.00,15.49,BDT,FALSE,,TRUE,TRUE,FALSE
2033,759,3,20260828,2026-08-28 04:15:03,359.00,380.00,5.53,BDT,FALSE,,TRUE,TRUE,FALSE
2034,760,3,20260828,2026-08-28 04:15:03,58890.00,77990.00,24.49,BDT,FALSE,,TRUE,TRUE,FALSE
2035,761,3,20260828,2026-08-28 04:15:03,359.00,380.00,5.53,BDT,FALSE,,TRUE,TRUE,FALSE
2036,762,3,20260828,2026-08-28 04:15:03,343.00,350.00,2.00,BDT,FALSE,,TRUE,TRUE,FALSE
2037,763,3,20260828,2026-08-28 04:15:03,564.00,950.00,40.63,BDT,FALSE,,TRUE,TRUE,FALSE
2038,739,3,20260828,2026-08-28 04:15:03,80000.00,89000.00,10.11,BDT,FALSE,,TRUE,TRUE,FALSE
2039,764,3,20260828,2026-08-28 04:15:03,276.00,340.00,18.82,BDT,FALSE,,TRUE,TRUE,FALSE
2040,740,3,20260828,2026-08-28 04:15:03,14999.00,,,BDT,FALSE,,FALSE,FALSE,FALSE
2041,765,3,20260828,2026-08-28 04:15:03,269.00,320.00,15.94,BDT,FALSE,,TRUE,TRUE,FALSE
2042,766,3,20260828,2026-08-28 04:15:03,19890.00,23400.00,15.00,BDT,FALSE,,TRUE,TRUE,FALSE
2043,767,3,20260828,2026-08-28 04:15:03,850.00,1250.00,32.00,BDT,FALSE,,TRUE,TRUE,FALSE
2044,768,3,20260828,2026-08-28 04:15:03,9828.00,11700.00,16.00,BDT,FALSE,,TRUE,TRUE,FALSE
2045,769,3,20260828,2026-08-28 04:15:03,12899.00,16050.00,19.63,BDT,FALSE,,TRUE,TRUE,FALSE
2046,39,3,20260828,2026-08-28 04:15:03,2993.00,3650.00,18.00,BDT,FALSE,,TRUE,TRUE,FALSE
2047,770,3,20260828,2026-08-28 04:15:03,2616.00,3190.00,17.99,BDT,FALSE,,TRUE,TRUE,FALSE
2048,771,3,20260828,2026-08-28 04:15:03,434.00,550.00,21.09,BDT,FALSE,,TRUE,TRUE,FALSE
2049,772,3,20260828,2026-08-28 04:15:03,1479.00,1700.00,13.00,BDT,FALSE,,TRUE,TRUE,FALSE
2050,773,3,20260828,2026-08-28 04:15:03,298.00,350.00,14.86,BDT,FALSE,,TRUE,TRUE,FALSE
2051,774,3,20260828,2026-08-28 04:15:03,102.00,120.00,15.00,BDT,FALSE,,TRUE,TRUE,FALSE
2052,775,3,20260828,2026-08-28 04:15:03,12645.00,24690.00,48.78,BDT,FALSE,,TRUE,TRUE,FALSE
2053,776,3,20260828,2026-08-28 04:15:03,450.00,,,BDT,FALSE,,FALSE,FALSE,FALSE
2054,741,3,20260828,2026-08-28 04:15:03,2688.00,3162.00,14.99,BDT,FALSE,,TRUE,TRUE,FALSE
2055,777,3,20260828,2026-08-28 04:15:03,2660.00,3500.00,24.00,BDT,FALSE,,TRUE,TRUE,FALSE
2056,778,3,20260828,2026-08-28 04:15:03,10353.00,11900.00,13.00,BDT,FALSE,,TRUE,TRUE,FALSE
2057,779,3,20260828,2026-08-28 04:15:03,8085.00,10500.00,23.00,BDT,FALSE,,TRUE,TRUE,FALSE
2058,727,3,20260828,2026-08-28 04:15:34,1654.00,1880.00,12.02,BDT,FALSE,,TRUE,TRUE,TRUE
2059,134,3,20260828,2026-08-28 04:15:34,42.00,50.00,16.00,BDT,FALSE,,TRUE,TRUE,TRUE
2060,728,3,20260828,2026-08-28 04:15:34,5130.00,5400.00,5.00,BDT,FALSE,,TRUE,TRUE,TRUE
2061,729,3,20260828,2026-08-28 04:15:34,3855.00,4190.00,8.00,BDT,FALSE,,TRUE,TRUE,TRUE
2062,730,3,20260828,2026-08-28 04:15:34,450.00,470.00,4.26,BDT,FALSE,,TRUE,TRUE,TRUE
2063,137,3,20260828,2026-08-28 04:15:34,382.00,460.00,16.96,BDT,FALSE,,TRUE,TRUE,FALSE
2064,731,3,20260828,2026-08-28 04:15:34,3840.00,3900.00,1.54,BDT,FALSE,,TRUE,TRUE,TRUE
2065,732,3,20260828,2026-08-28 04:15:34,176.00,650.00,72.92,BDT,FALSE,,TRUE,TRUE,TRUE
2066,733,3,20260828,2026-08-28 04:15:34,56290.00,75990.00,25.92,BDT,FALSE,,TRUE,TRUE,TRUE
2067,734,3,20260828,2026-08-28 04:15:34,3881.00,4410.00,12.00,BDT,FALSE,,TRUE,TRUE,TRUE
2068,735,3,20260828,2026-08-28 04:15:34,4059.00,4950.00,18.00,BDT,FALSE,,TRUE,TRUE,TRUE
2069,736,3,20260828,2026-08-28 04:15:34,3280.00,4100.00,20.00,BDT,FALSE,,TRUE,TRUE,TRUE
2070,737,3,20260828,2026-08-28 04:15:34,500.00,,,BDT,FALSE,,FALSE,FALSE,TRUE
2071,738,3,20260828,2026-08-28 04:15:34,4941.00,6800.00,27.34,BDT,FALSE,,TRUE,TRUE,TRUE
2072,137,3,20260828,2026-08-28 04:15:34,382.00,460.00,16.96,BDT,FALSE,,TRUE,TRUE,TRUE
2073,739,3,20260828,2026-08-28 04:15:34,80000.00,89000.00,10.11,BDT,FALSE,,TRUE,TRUE,FALSE
2074,740,3,20260828,2026-08-28 04:15:34,14999.00,,,BDT,FALSE,,FALSE,FALSE,FALSE
2075,741,3,20260828,2026-08-28 04:15:34,2688.00,3162.00,14.99,BDT,FALSE,,TRUE,TRUE,FALSE
2076,742,3,20260828,2026-08-28 04:15:34,642.00,880.00,27.05,BDT,FALSE,,TRUE,TRUE,TRUE
2077,743,3,20260828,2026-08-28 04:15:34,2010.00,,,BDT,FALSE,,FALSE,FALSE,TRUE
2078,744,3,20260828,2026-08-28 04:15:34,29490.00,,,BDT,FALSE,,FALSE,FALSE,TRUE
2079,745,3,20260828,2026-08-28 04:15:34,52290.00,73900.00,29.24,BDT,FALSE,,TRUE,TRUE,TRUE
2080,746,3,20260828,2026-08-28 04:15:34,387.00,489.00,20.86,BDT,FALSE,,TRUE,TRUE,TRUE
2081,747,3,20260828,2026-08-28 04:15:34,750.00,1000.00,25.00,BDT,FALSE,,TRUE,TRUE,TRUE
2082,748,3,20260828,2026-08-28 04:15:34,648.00,680.00,4.71,BDT,FALSE,,TRUE,TRUE,TRUE
2083,749,3,20260828,2026-08-28 04:15:34,480.00,750.00,36.00,BDT,FALSE,,TRUE,TRUE,TRUE
2084,750,3,20260828,2026-08-28 04:15:34,7899.00,8299.00,4.82,BDT,FALSE,,TRUE,TRUE,TRUE
2085,751,3,20260828,2026-08-28 04:15:34,109900.00,137000.00,19.78,BDT,FALSE,,TRUE,TRUE,TRUE
2086,752,3,20260828,2026-08-28 04:15:34,630.00,1299.00,51.50,BDT,FALSE,,TRUE,TRUE,TRUE
2087,753,3,20260828,2026-08-28 04:15:34,480.00,1650.00,70.91,BDT,FALSE,,TRUE,TRUE,TRUE
2088,754,3,20260828,2026-08-28 04:15:34,273.00,519.00,47.40,BDT,FALSE,,TRUE,TRUE,TRUE
2089,755,3,20260828,2026-08-28 04:15:34,51480.00,57200.00,10.00,BDT,FALSE,,TRUE,TRUE,TRUE
2090,756,3,20260828,2026-08-28 04:15:34,44625.00,52500.00,15.00,BDT,FALSE,,TRUE,TRUE,TRUE
2091,757,3,20260828,2026-08-28 04:15:34,3764.00,4590.00,18.00,BDT,FALSE,,TRUE,TRUE,TRUE
2092,758,3,20260828,2026-08-28 04:15:34,6296.00,7450.00,15.49,BDT,FALSE,,TRUE,TRUE,TRUE
2093,759,3,20260828,2026-08-28 04:15:34,359.00,380.00,5.53,BDT,FALSE,,TRUE,TRUE,TRUE
2094,760,3,20260828,2026-08-28 04:15:34,58890.00,77990.00,24.49,BDT,FALSE,,TRUE,TRUE,TRUE
2095,761,3,20260828,2026-08-28 04:15:34,359.00,380.00,5.53,BDT,FALSE,,TRUE,TRUE,TRUE
2096,762,3,20260828,2026-08-28 04:15:34,343.00,350.00,2.00,BDT,FALSE,,TRUE,TRUE,TRUE
2097,763,3,20260828,2026-08-28 04:15:34,564.00,950.00,40.63,BDT,FALSE,,TRUE,TRUE,TRUE
2098,739,3,20260828,2026-08-28 04:15:34,80000.00,89000.00,10.11,BDT,FALSE,,TRUE,TRUE,TRUE
2099,764,3,20260828,2026-08-28 04:15:34,276.00,340.00,18.82,BDT,FALSE,,TRUE,TRUE,TRUE
2100,740,3,20260828,2026-08-28 04:15:34,14999.00,,,BDT,FALSE,,FALSE,FALSE,TRUE
2101,765,3,20260828,2026-08-28 04:15:34,269.00,320.00,15.94,BDT,FALSE,,TRUE,TRUE,TRUE
2102,766,3,20260828,2026-08-28 04:15:34,19890.00,23400.00,15.00,BDT,FALSE,,TRUE,TRUE,TRUE
2103,767,3,20260828,2026-08-28 04:15:34,850.00,1250.00,32.00,BDT,FALSE,,TRUE,TRUE,TRUE
2104,768,3,20260828,2026-08-28 04:15:34,9828.00,11700.00,16.00,BDT,FALSE,,TRUE,TRUE,TRUE
2105,769,3,20260828,2026-08-28 04:15:34,12899.00,16050.00,19.63,BDT,FALSE,,TRUE,TRUE,TRUE
2106,39,3,20260828,2026-08-28 04:15:34,2993.00,3650.00,18.00,BDT,FALSE,,TRUE,TRUE,TRUE
2107,770,3,20260828,2026-08-28 04:15:34,2616.00,3190.00,17.99,BDT,FALSE,,TRUE,TRUE,TRUE
2108,771,3,20260828,2026-08-28 04:15:34,434.00,550.00,21.09,BDT,FALSE,,TRUE,TRUE,TRUE
2109,772,3,20260828,2026-08-28 04:15:34,1479.00,1700.00,13.00,BDT,FALSE,,TRUE,TRUE,TRUE
2110,773,3,20260828,2026-08-28 04:15:34,298.00,350.00,14.86,BDT,FALSE,,TRUE,TRUE,TRUE
2111,774,3,20260828,2026-08-28 04:15:34,102.00,120.00,15.00,BDT,FALSE,,TRUE,TRUE,TRUE
2112,775,3,20260828,2026-08-28 04:15:34,12645.00,24690.00,48.78,BDT,FALSE,,TRUE,TRUE,TRUE
2113,776,3,20260828,2026-08-28 04:15:34,450.00,,,BDT,FALSE,,FALSE,FALSE,TRUE
2114,741,3,20260828,2026-08-28 04:15:34,2688.00,3162.00,14.99,BDT,FALSE,,TRUE,TRUE,TRUE
2115,777,3,20260828,2026-08-28 04:15:34,2660.00,3500.00,24.00,BDT,FALSE,,TRUE,TRUE,TRUE
2116,778,3,20260828,2026-08-28 04:15:34,10353.00,11900.00,13.00,BDT,FALSE,,TRUE,TRUE,TRUE
2117,779,3,20260828,2026-08-28 04:15:34,8085.00,10500.00,23.00,BDT,FALSE,,TRUE,TRUE,TRUE
2118,780,3,20260828,2026-08-28 04:15:56,461.00,490.00,5.92,BDT,FALSE,,TRUE,TRUE,TRUE
2119,781,3,20260828,2026-08-28 04:15:56,770.00,1100.00,30.00,BDT,FALSE,,TRUE,TRUE,TRUE
2120,782,3,20260828,2026-08-28 04:15:56,730.00,890.00,17.98,BDT,FALSE,,TRUE,TRUE,TRUE
2121,783,3,20260828,2026-08-28 04:15:56,1115.00,1580.00,29.43,BDT,FALSE,,TRUE,TRUE,TRUE
2122,784,3,20260828,2026-08-28 04:15:56,1146.00,1450.00,20.97,BDT,FALSE,,TRUE,TRUE,TRUE
2123,785,3,20260828,2026-08-28 04:15:56,1719.00,1950.00,11.85,BDT,FALSE,,TRUE,TRUE,TRUE
2124,786,3,20260828,2026-08-28 04:15:56,1974.00,3290.00,40.00,BDT,FALSE,,TRUE,TRUE,TRUE
2125,787,3,20260828,2026-08-28 04:15:56,530.00,595.00,10.92,BDT,FALSE,,TRUE,TRUE,TRUE
2126,788,3,20260828,2026-08-28 04:15:56,1022.00,1099.00,7.01,BDT,FALSE,,TRUE,TRUE,TRUE
2127,789,3,20260828,2026-08-28 04:15:56,487.00,690.00,29.42,BDT,FALSE,,TRUE,TRUE,TRUE
2128,790,3,20260828,2026-08-28 04:15:56,171.00,450.00,62.00,BDT,FALSE,,TRUE,TRUE,TRUE
2129,791,3,20260828,2026-08-28 04:15:56,496.00,630.00,21.27,BDT,FALSE,,TRUE,TRUE,TRUE
2130,792,3,20260828,2026-08-28 04:15:56,1148.00,11480.00,90.00,BDT,FALSE,,TRUE,TRUE,TRUE
2131,793,3,20260828,2026-08-28 04:15:56,665.00,700.00,5.00,BDT,FALSE,,TRUE,TRUE,TRUE
2132,794,3,20260828,2026-08-28 04:15:56,5032.00,6800.00,26.00,BDT,FALSE,,TRUE,TRUE,TRUE
2133,795,3,20260828,2026-08-28 04:15:56,1468.00,1650.00,11.03,BDT,FALSE,,TRUE,TRUE,TRUE
2134,796,3,20260828,2026-08-28 04:15:56,321.00,390.00,17.69,BDT,FALSE,,TRUE,TRUE,TRUE
2135,797,3,20260828,2026-08-28 04:15:56,849.00,890.00,4.61,BDT,FALSE,,TRUE,TRUE,TRUE
2136,798,3,20260828,2026-08-28 04:15:56,169.00,240.00,29.58,BDT,FALSE,,TRUE,TRUE,TRUE
2137,799,3,20260828,2026-08-28 04:15:56,1289.00,1400.00,7.93,BDT,FALSE,,TRUE,TRUE,TRUE
2138,800,3,20260828,2026-08-28 04:15:56,774.00,1984.00,60.99,BDT,FALSE,,TRUE,TRUE,TRUE
2139,801,3,20260828,2026-08-28 04:15:56,206.00,250.00,17.60,BDT,FALSE,,TRUE,TRUE,TRUE
2140,802,3,20260828,2026-08-28 04:15:56,1062.00,1250.00,15.04,BDT,FALSE,,TRUE,TRUE,TRUE
2141,803,3,20260828,2026-08-28 04:15:56,98.00,280.00,65.00,BDT,FALSE,,TRUE,TRUE,TRUE
2142,804,3,20260828,2026-08-28 04:15:56,489.00,550.00,11.09,BDT,FALSE,,TRUE,TRUE,TRUE
2143,805,3,20260828,2026-08-28 04:15:56,461.00,490.00,5.92,BDT,FALSE,,TRUE,TRUE,TRUE
2144,806,3,20260828,2026-08-28 04:15:56,65.00,,,BDT,FALSE,,FALSE,FALSE,TRUE
2145,807,3,20260828,2026-08-28 04:15:56,339.00,480.00,29.38,BDT,FALSE,,TRUE,TRUE,TRUE
2146,808,3,20260828,2026-08-28 04:15:56,440.00,,,BDT,FALSE,,FALSE,FALSE,TRUE
2147,809,3,20260828,2026-08-28 04:15:56,400.00,,,BDT,FALSE,,FALSE,FALSE,TRUE
2148,810,3,20260828,2026-08-28 04:15:56,620.00,,,BDT,FALSE,,FALSE,FALSE,TRUE
2149,811,3,20260828,2026-08-28 04:15:56,1320.00,1870.00,29.41,BDT,FALSE,,TRUE,TRUE,TRUE
2150,812,3,20260828,2026-08-28 04:15:56,350.00,,,BDT,FALSE,,FALSE,FALSE,TRUE
2151,813,3,20260828,2026-08-28 04:15:56,50.00,,,BDT,FALSE,,FALSE,FALSE,TRUE
2152,814,3,20260828,2026-08-28 04:15:56,50.00,,,BDT,FALSE,,FALSE,FALSE,TRUE
2153,815,3,20260828,2026-08-28 04:15:56,60.00,,,BDT,FALSE,,FALSE,FALSE,TRUE
2154,816,3,20260828,2026-08-28 04:15:56,400.00,,,BDT,FALSE,,FALSE,FALSE,TRUE
2155,817,3,20260828,2026-08-28 04:15:56,350.00,,,BDT,FALSE,,FALSE,FALSE,TRUE
2156,818,3,20260828,2026-08-28 04:15:56,355.00,,,BDT,FALSE,,FALSE,FALSE,TRUE
2157,819,3,20260828,2026-08-28 04:15:56,420.00,,,BDT,FALSE,,FALSE,FALSE,TRUE
2158,124,5,20260828,2026-08-28 04:16:19,175.00,225.00,22.22,BDT,FALSE,,TRUE,TRUE,TRUE
2159,199,5,20260828,2026-08-28 04:16:19,199.00,299.00,33.44,BDT,FALSE,,TRUE,TRUE,TRUE
2160,200,5,20260828,2026-08-28 04:16:19,220.00,299.00,26.42,BDT,FALSE,,TRUE,TRUE,TRUE
2161,201,5,20260828,2026-08-28 04:16:19,130.00,,,BDT,FALSE,,FALSE,FALSE,TRUE
2162,485,5,20260828,2026-08-28 04:16:19,199.00,299.00,33.44,BDT,FALSE,,TRUE,TRUE,TRUE
2163,486,5,20260828,2026-08-28 04:16:19,200.00,,,BDT,FALSE,,FALSE,FALSE,TRUE
2164,487,5,20260828,2026-08-28 04:16:19,209.00,230.00,9.13,BDT,FALSE,,TRUE,TRUE,TRUE
2165,488,5,20260828,2026-08-28 04:16:19,699.00,750.00,6.80,BDT,FALSE,,TRUE,TRUE,TRUE
2166,489,5,20260828,2026-08-28 04:16:19,260.00,,,BDT,FALSE,,FALSE,FALSE,TRUE
2167,490,5,20260828,2026-08-28 04:16:19,103.00,120.00,14.17,BDT,FALSE,,TRUE,TRUE,TRUE
2168,491,5,20260828,2026-08-28 04:16:19,480.00,,,BDT,FALSE,,FALSE,FALSE,TRUE
2169,492,5,20260828,2026-08-28 04:16:19,18.00,20.00,10.00,BDT,FALSE,,TRUE,TRUE,TRUE
2170,493,5,20260828,2026-08-28 04:16:19,18.00,20.00,10.00,BDT,FALSE,,TRUE,TRUE,TRUE
2171,494,5,20260828,2026-08-28 04:16:19,890.00,950.00,6.32,BDT,FALSE,,TRUE,TRUE,TRUE
2172,56,5,20260828,2026-08-28 04:16:19,255.00,280.00,8.93,BDT,FALSE,,TRUE,TRUE,TRUE
2173,495,5,20260828,2026-08-28 04:16:19,699.00,850.00,17.76,BDT,FALSE,,TRUE,TRUE,TRUE
2174,496,5,20260828,2026-08-28 04:16:19,44.00,50.00,12.00,BDT,FALSE,,TRUE,TRUE,FALSE
2175,497,5,20260828,2026-08-28 04:16:19,180.00,220.00,18.18,BDT,FALSE,,TRUE,TRUE,FALSE
2176,498,5,20260828,2026-08-28 04:16:19,699.00,850.00,17.76,BDT,FALSE,,TRUE,TRUE,TRUE
2177,499,5,20260828,2026-08-28 04:16:19,76.00,85.00,10.59,BDT,FALSE,,TRUE,TRUE,FALSE
2178,500,5,20260828,2026-08-28 04:16:19,142.00,200.00,29.00,BDT,FALSE,,TRUE,TRUE,TRUE
2179,501,5,20260828,2026-08-28 04:16:19,120.00,150.00,20.00,BDT,FALSE,,TRUE,TRUE,TRUE
2180,502,5,20260828,2026-08-28 04:16:19,370.00,,,BDT,FALSE,,FALSE,FALSE,TRUE
2181,497,5,20260828,2026-08-28 04:16:19,180.00,220.00,18.18,BDT,FALSE,,TRUE,TRUE,TRUE
2182,499,5,20260828,2026-08-28 04:16:19,76.00,85.00,10.59,BDT,FALSE,,TRUE,TRUE,FALSE
2183,503,5,20260828,2026-08-28 04:16:19,283.00,400.00,29.25,BDT,FALSE,,TRUE,TRUE,TRUE
2184,504,5,20260828,2026-08-28 04:16:19,211.00,235.00,10.21,BDT,FALSE,,TRUE,TRUE,TRUE
2185,505,5,20260828,2026-08-28 04:16:19,149.00,165.00,9.70,BDT,FALSE,,TRUE,TRUE,TRUE
2186,506,5,20260828,2026-08-28 04:16:19,272.00,340.00,20.00,BDT,FALSE,,TRUE,TRUE,TRUE
2187,507,5,20260828,2026-08-28 04:16:19,175.00,,,BDT,FALSE,,FALSE,FALSE,TRUE
2188,508,5,20260828,2026-08-28 04:16:19,217.00,275.00,21.09,BDT,FALSE,,TRUE,TRUE,TRUE
2189,509,5,20260828,2026-08-28 04:16:19,225.00,260.00,13.46,BDT,FALSE,,TRUE,TRUE,TRUE
2190,510,5,20260828,2026-08-28 04:16:19,180.00,,,BDT,FALSE,,FALSE,FALSE,TRUE
2191,511,5,20260828,2026-08-28 04:16:19,340.00,,,BDT,FALSE,,FALSE,FALSE,TRUE
2192,512,5,20260828,2026-08-28 04:16:19,204.00,255.00,20.00,BDT,FALSE,,TRUE,TRUE,TRUE
2193,513,5,20260828,2026-08-28 04:16:19,975.00,,,BDT,FALSE,,FALSE,FALSE,TRUE
2194,514,5,20260828,2026-08-28 04:16:19,330.00,450.00,26.67,BDT,FALSE,,TRUE,TRUE,TRUE
2195,515,5,20260828,2026-08-28 04:16:19,1035.00,1160.00,10.78,BDT,FALSE,,TRUE,TRUE,TRUE
2196,516,5,20260828,2026-08-28 04:16:19,270.00,,,BDT,FALSE,,FALSE,FALSE,TRUE
2197,52,5,20260828,2026-08-28 04:16:19,108.00,110.00,1.82,BDT,FALSE,,TRUE,TRUE,TRUE
2198,517,5,20260828,2026-08-28 04:16:19,140.00,150.00,6.67,BDT,FALSE,,TRUE,TRUE,TRUE
2199,518,5,20260828,2026-08-28 04:16:19,135.00,150.00,10.00,BDT,FALSE,,TRUE,TRUE,TRUE
2200,519,5,20260828,2026-08-28 04:16:19,400.00,,,BDT,FALSE,,FALSE,FALSE,TRUE
2201,520,5,20260828,2026-08-28 04:16:19,809.00,890.00,9.10,BDT,FALSE,,TRUE,TRUE,TRUE
2202,499,5,20260828,2026-08-28 04:16:19,76.00,85.00,10.59,BDT,FALSE,,TRUE,TRUE,TRUE
2203,521,5,20260828,2026-08-28 04:16:19,39.00,40.00,2.50,BDT,FALSE,,TRUE,TRUE,TRUE
2204,71,5,20260828,2026-08-28 04:16:19,410.00,460.00,10.87,BDT,FALSE,,TRUE,TRUE,TRUE
2205,496,5,20260828,2026-08-28 04:16:19,44.00,50.00,12.00,BDT,FALSE,,TRUE,TRUE,TRUE
2206,522,5,20260828,2026-08-28 04:16:19,28.00,,,BDT,FALSE,,FALSE,FALSE,TRUE
2207,523,5,20260828,2026-08-28 04:16:19,120.00,135.00,11.11,BDT,FALSE,,TRUE,TRUE,FALSE
2208,524,5,20260828,2026-08-28 04:16:19,160.00,,,BDT,FALSE,,FALSE,FALSE,TRUE
2209,525,5,20260828,2026-08-28 04:16:19,120.00,130.00,7.69,BDT,FALSE,,TRUE,TRUE,FALSE
2210,526,5,20260828,2026-08-28 04:16:19,665.00,,,BDT,FALSE,,FALSE,FALSE,TRUE
2211,527,5,20260828,2026-08-28 04:16:19,76.00,,,BDT,FALSE,,FALSE,FALSE,TRUE
2212,528,5,20260828,2026-08-28 04:16:19,80.00,,,BDT,FALSE,,FALSE,FALSE,TRUE
2213,529,5,20260828,2026-08-28 04:16:19,65.00,,,BDT,FALSE,,FALSE,FALSE,TRUE
2214,530,5,20260828,2026-08-28 04:16:19,399.00,450.00,11.33,BDT,FALSE,,TRUE,TRUE,TRUE
2215,531,5,20260828,2026-08-28 04:16:19,795.00,,,BDT,FALSE,,FALSE,FALSE,TRUE
2216,532,5,20260828,2026-08-28 04:16:19,1200.00,,,BDT,FALSE,,FALSE,FALSE,TRUE
2217,533,5,20260828,2026-08-28 04:16:19,425.00,,,BDT,FALSE,,FALSE,FALSE,TRUE
2218,534,5,20260828,2026-08-28 04:16:19,80.00,110.00,27.27,BDT,FALSE,,TRUE,TRUE,TRUE
2219,525,5,20260828,2026-08-28 04:16:19,120.00,130.00,7.69,BDT,FALSE,,TRUE,TRUE,TRUE
2220,535,5,20260828,2026-08-28 04:16:19,275.00,310.00,11.29,BDT,FALSE,,TRUE,TRUE,TRUE
2221,536,5,20260828,2026-08-28 04:16:19,130.00,140.00,7.14,BDT,FALSE,,TRUE,TRUE,TRUE
2222,537,5,20260828,2026-08-28 04:16:19,50.00,60.00,16.67,BDT,FALSE,,TRUE,TRUE,TRUE
2223,523,5,20260828,2026-08-28 04:16:19,120.00,135.00,11.11,BDT,FALSE,,TRUE,TRUE,TRUE
2224,538,5,20260828,2026-08-28 04:16:19,120.00,135.00,11.11,BDT,FALSE,,TRUE,TRUE,TRUE
2225,539,5,20260828,2026-08-28 04:16:19,120.00,,,BDT,FALSE,,FALSE,FALSE,TRUE
2226,54,5,20260828,2026-08-28 04:16:19,88.00,120.00,26.67,BDT,FALSE,,TRUE,TRUE,TRUE
2227,540,5,20260828,2026-08-28 04:16:19,8.00,,,BDT,FALSE,,FALSE,FALSE,TRUE
2228,541,5,20260828,2026-08-28 04:16:19,7.00,,,BDT,FALSE,,FALSE,FALSE,TRUE
2229,542,5,20260828,2026-08-28 04:16:19,60.00,,,BDT,FALSE,,FALSE,FALSE,TRUE
2230,543,5,20260828,2026-08-28 04:16:19,300.00,,,BDT,FALSE,,FALSE,FALSE,TRUE
2231,544,5,20260828,2026-08-28 04:16:19,35.00,45.00,22.22,BDT,FALSE,,TRUE,TRUE,TRUE
2232,545,5,20260828,2026-08-28 04:16:19,1400.00,,,BDT,FALSE,,FALSE,FALSE,TRUE
2233,546,5,20260828,2026-08-28 04:16:19,410.00,,,BDT,FALSE,,FALSE,FALSE,TRUE
2234,547,5,20260828,2026-08-28 04:16:19,100.00,,,BDT,FALSE,,FALSE,FALSE,TRUE
2235,548,5,20260828,2026-08-28 04:16:19,860.00,,,BDT,FALSE,,FALSE,FALSE,TRUE
2236,549,5,20260828,2026-08-28 04:16:19,250.00,,,BDT,FALSE,,FALSE,FALSE,TRUE
2237,550,5,20260828,2026-08-28 04:16:19,120.00,,,BDT,FALSE,,FALSE,FALSE,TRUE
2238,551,5,20260828,2026-08-28 04:16:19,400.00,,,BDT,FALSE,,FALSE,FALSE,TRUE
2239,202,5,20260828,2026-08-28 04:16:50,510.00,,,BDT,FALSE,,FALSE,FALSE,TRUE
2240,203,5,20260828,2026-08-28 04:16:50,520.00,,,BDT,FALSE,,FALSE,FALSE,TRUE
2241,204,5,20260828,2026-08-28 04:16:50,1190.00,,,BDT,FALSE,,FALSE,FALSE,TRUE
2242,205,5,20260828,2026-08-28 04:16:50,595.00,,,BDT,FALSE,,FALSE,FALSE,TRUE
2243,206,5,20260828,2026-08-28 04:16:50,960.00,980.00,2.04,BDT,FALSE,,TRUE,TRUE,TRUE
2244,207,5,20260828,2026-08-28 04:16:50,910.00,950.00,4.21,BDT,FALSE,,TRUE,TRUE,TRUE
2245,208,5,20260828,2026-08-28 04:16:50,880.00,,,BDT,FALSE,,FALSE,FALSE,TRUE
2246,209,5,20260828,2026-08-28 04:16:50,440.00,480.00,8.33,BDT,FALSE,,TRUE,TRUE,TRUE
2247,210,5,20260828,2026-08-28 04:16:50,485.00,495.00,2.02,BDT,FALSE,,TRUE,TRUE,TRUE
2248,211,5,20260828,2026-08-28 04:16:50,460.00,480.00,4.17,BDT,FALSE,,TRUE,TRUE,TRUE
2249,212,5,20260828,2026-08-28 04:16:50,250.00,,,BDT,FALSE,,FALSE,FALSE,TRUE
2250,213,5,20260828,2026-08-28 04:16:50,230.00,,,BDT,FALSE,,FALSE,FALSE,TRUE
2251,214,5,20260828,2026-08-28 04:16:50,210.00,230.00,8.70,BDT,FALSE,,TRUE,TRUE,TRUE
2252,215,5,20260828,2026-08-28 04:16:50,1100.00,,,BDT,FALSE,,FALSE,FALSE,TRUE
2253,216,5,20260828,2026-08-28 04:16:50,450.00,,,BDT,FALSE,,FALSE,FALSE,TRUE
2254,217,5,20260828,2026-08-28 04:16:50,230.00,,,BDT,FALSE,,FALSE,FALSE,TRUE
2255,218,5,20260828,2026-08-28 04:16:50,510.00,525.00,2.86,BDT,FALSE,,TRUE,TRUE,TRUE
2256,219,5,20260828,2026-08-28 04:16:50,465.00,480.00,3.12,BDT,FALSE,,TRUE,TRUE,TRUE
2257,220,5,20260828,2026-08-28 04:16:50,117.00,,,BDT,FALSE,,FALSE,FALSE,TRUE
2258,221,5,20260828,2026-08-28 04:16:50,1150.00,,,BDT,FALSE,,FALSE,FALSE,TRUE
2259,222,5,20260828,2026-08-28 04:16:50,230.00,,,BDT,FALSE,,FALSE,FALSE,TRUE
2260,223,5,20260828,2026-08-28 04:16:50,115.00,,,BDT,FALSE,,FALSE,FALSE,TRUE
2261,224,5,20260828,2026-08-28 04:16:50,440.00,460.00,4.35,BDT,FALSE,,TRUE,TRUE,TRUE
2262,225,5,20260828,2026-08-28 04:16:50,130.00,,,BDT,FALSE,,FALSE,FALSE,TRUE
2263,360,5,20260828,2026-08-28 04:16:50,230.00,,,BDT,FALSE,,FALSE,FALSE,TRUE
2264,361,5,20260828,2026-08-28 04:16:50,2965.00,,,BDT,FALSE,,FALSE,FALSE,TRUE
2265,362,5,20260828,2026-08-28 04:16:50,120.00,,,BDT,FALSE,,FALSE,FALSE,TRUE
2266,363,5,20260828,2026-08-28 04:16:50,220.00,230.00,4.35,BDT,FALSE,,TRUE,TRUE,TRUE
2267,364,5,20260828,2026-08-28 04:16:50,530.00,,,BDT,FALSE,,FALSE,FALSE,TRUE
2268,365,5,20260828,2026-08-28 04:16:50,500.00,,,BDT,FALSE,,FALSE,FALSE,TRUE
2269,366,5,20260828,2026-08-28 04:16:50,299.00,320.00,6.56,BDT,FALSE,,TRUE,TRUE,TRUE
2270,367,5,20260828,2026-08-28 04:16:50,2740.00,,,BDT,FALSE,,FALSE,FALSE,TRUE
2271,368,5,20260828,2026-08-28 04:16:50,2965.00,,,BDT,FALSE,,FALSE,FALSE,TRUE
2272,369,5,20260828,2026-08-28 04:16:50,220.00,230.00,4.35,BDT,FALSE,,TRUE,TRUE,TRUE
2273,370,5,20260828,2026-08-28 04:16:50,420.00,,,BDT,FALSE,,FALSE,FALSE,TRUE
2274,371,5,20260828,2026-08-28 04:16:50,570.00,,,BDT,FALSE,,FALSE,FALSE,TRUE
2275,372,5,20260828,2026-08-28 04:16:50,480.00,,,BDT,FALSE,,FALSE,FALSE,TRUE
2276,373,5,20260828,2026-08-28 04:16:50,62.00,,,BDT,FALSE,,FALSE,FALSE,TRUE
2277,374,5,20260828,2026-08-28 04:16:50,56.00,60.00,6.67,BDT,FALSE,,TRUE,TRUE,TRUE
2278,375,5,20260828,2026-08-28 04:16:50,95.00,,,BDT,FALSE,,FALSE,FALSE,TRUE
2279,376,5,20260828,2026-08-28 04:16:50,190.00,,,BDT,FALSE,,FALSE,FALSE,TRUE
2280,377,5,20260828,2026-08-28 04:16:50,85.00,,,BDT,FALSE,,FALSE,FALSE,TRUE
2281,55,5,20260828,2026-08-28 04:16:50,65.00,72.00,9.72,BDT,FALSE,,TRUE,TRUE,TRUE
2282,378,5,20260828,2026-08-28 04:16:50,210.00,,,BDT,FALSE,,FALSE,FALSE,TRUE
2283,820,5,20260828,2026-08-28 04:17:10,1850.00,,,BDT,FALSE,,FALSE,FALSE,TRUE
2284,821,5,20260828,2026-08-28 04:17:10,405.00,450.00,10.00,BDT,FALSE,,TRUE,TRUE,TRUE
2285,822,5,20260828,2026-08-28 04:17:10,648.00,719.00,9.87,BDT,FALSE,,TRUE,TRUE,TRUE
2286,823,5,20260828,2026-08-28 04:17:10,435.00,,,BDT,FALSE,,FALSE,FALSE,TRUE
2287,824,5,20260828,2026-08-28 04:17:10,795.00,,,BDT,FALSE,,FALSE,FALSE,TRUE
2288,825,5,20260828,2026-08-28 04:17:10,645.00,,,BDT,FALSE,,FALSE,FALSE,TRUE
2289,826,5,20260828,2026-08-28 04:17:10,450.00,500.00,10.00,BDT,FALSE,,TRUE,TRUE,TRUE
2290,827,5,20260828,2026-08-28 04:17:10,140.00,,,BDT,FALSE,,FALSE,FALSE,TRUE
2291,828,5,20260828,2026-08-28 04:17:10,435.00,,,BDT,FALSE,,FALSE,FALSE,TRUE
2292,829,5,20260828,2026-08-28 04:17:10,435.00,,,BDT,FALSE,,FALSE,FALSE,TRUE
2293,830,5,20260828,2026-08-28 04:17:10,435.00,,,BDT,FALSE,,FALSE,FALSE,TRUE
2294,831,5,20260828,2026-08-28 04:17:10,430.00,450.00,4.44,BDT,FALSE,,TRUE,TRUE,TRUE
2295,832,5,20260828,2026-08-28 04:17:10,425.00,,,BDT,FALSE,,FALSE,FALSE,TRUE
2296,833,5,20260828,2026-08-28 04:17:10,340.00,380.00,10.53,BDT,FALSE,,TRUE,TRUE,TRUE
2297,834,5,20260828,2026-08-28 04:17:10,350.00,,,BDT,FALSE,,FALSE,FALSE,TRUE
2298,835,5,20260828,2026-08-28 04:17:10,305.00,325.00,6.15,BDT,FALSE,,TRUE,TRUE,TRUE
2299,836,5,20260828,2026-08-28 04:17:10,195.00,215.00,9.30,BDT,FALSE,,TRUE,TRUE,TRUE
2300,837,5,20260828,2026-08-28 04:17:10,225.00,250.00,10.00,BDT,FALSE,,TRUE,TRUE,TRUE
2301,838,5,20260828,2026-08-28 04:17:10,205.00,215.00,4.65,BDT,FALSE,,TRUE,TRUE,TRUE
2302,839,5,20260828,2026-08-28 04:17:10,190.00,210.00,9.52,BDT,FALSE,,TRUE,TRUE,TRUE
2303,840,5,20260828,2026-08-28 04:17:10,220.00,,,BDT,FALSE,,FALSE,FALSE,TRUE
2304,841,5,20260828,2026-08-28 04:17:10,120.00,,,BDT,FALSE,,FALSE,FALSE,TRUE
2305,842,5,20260828,2026-08-28 04:17:10,380.00,,,BDT,FALSE,,FALSE,FALSE,TRUE
2306,843,5,20260828,2026-08-28 04:17:10,230.00,,,BDT,FALSE,,FALSE,FALSE,TRUE
2307,844,5,20260828,2026-08-28 04:17:10,340.00,,,BDT,FALSE,,FALSE,FALSE,TRUE
2308,845,5,20260828,2026-08-28 04:17:10,340.00,,,BDT,FALSE,,FALSE,FALSE,TRUE
2309,846,5,20260828,2026-08-28 04:17:10,220.00,,,BDT,FALSE,,FALSE,FALSE,TRUE
2310,847,5,20260828,2026-08-28 04:17:10,200.00,,,BDT,FALSE,,FALSE,FALSE,TRUE
2311,848,5,20260828,2026-08-28 04:17:10,320.00,,,BDT,FALSE,,FALSE,FALSE,TRUE
2312,849,5,20260828,2026-08-28 04:17:10,190.00,,,BDT,FALSE,,FALSE,FALSE,TRUE
2313,850,5,20260828,2026-08-28 04:17:10,220.00,280.00,21.43,BDT,FALSE,,TRUE,TRUE,TRUE
2314,851,5,20260828,2026-08-28 04:17:10,120.00,150.00,20.00,BDT,FALSE,,TRUE,TRUE,TRUE
2315,852,5,20260828,2026-08-28 04:17:10,265.00,,,BDT,FALSE,,FALSE,FALSE,TRUE
2316,853,5,20260828,2026-08-28 04:17:10,30.00,,,BDT,FALSE,,FALSE,FALSE,TRUE
2317,854,5,20260828,2026-08-28 04:17:10,1550.00,,,BDT,FALSE,,FALSE,FALSE,TRUE
2318,855,5,20260828,2026-08-28 04:17:10,1380.00,,,BDT,FALSE,,FALSE,FALSE,TRUE
2319,856,5,20260828,2026-08-28 04:17:10,1390.00,,,BDT,FALSE,,FALSE,FALSE,TRUE
2320,857,5,20260828,2026-08-28 04:17:10,1090.00,,,BDT,FALSE,,FALSE,FALSE,TRUE
2321,858,5,20260828,2026-08-28 04:17:10,350.00,,,BDT,FALSE,,FALSE,FALSE,TRUE
2322,859,5,20260828,2026-08-28 04:17:10,1800.00,2250.00,20.00,BDT,FALSE,,TRUE,TRUE,TRUE
2323,860,5,20260828,2026-08-28 04:17:10,1560.00,1950.00,20.00,BDT,FALSE,,TRUE,TRUE,TRUE
2324,861,5,20260828,2026-08-28 04:17:10,1520.00,1900.00,20.00,BDT,FALSE,,TRUE,TRUE,TRUE
2325,862,5,20260828,2026-08-28 04:17:10,1280.00,1600.00,20.00,BDT,FALSE,,TRUE,TRUE,TRUE
2326,863,5,20260828,2026-08-28 04:17:10,800.00,1000.00,20.00,BDT,FALSE,,TRUE,TRUE,TRUE
2327,864,5,20260828,2026-08-28 04:17:10,720.00,900.00,20.00,BDT,FALSE,,TRUE,TRUE,TRUE
2328,865,5,20260828,2026-08-28 04:17:10,560.00,700.00,20.00,BDT,FALSE,,TRUE,TRUE,TRUE
2329,866,5,20260828,2026-08-28 04:17:10,480.00,600.00,20.00,BDT,FALSE,,TRUE,TRUE,TRUE
2330,867,5,20260828,2026-08-28 04:17:10,932.00,1165.00,20.00,BDT,FALSE,,TRUE,TRUE,TRUE
2331,868,5,20260828,2026-08-28 04:17:10,636.00,795.00,20.00,BDT,FALSE,,TRUE,TRUE,TRUE
2332,869,5,20260828,2026-08-28 04:17:10,50.00,,,BDT,FALSE,,FALSE,FALSE,TRUE
2333,1,6,20260828,2026-08-28 04:17:30,550.00,,,BDT,FALSE,,FALSE,FALSE,TRUE
2334,2,6,20260828,2026-08-28 04:17:30,800.00,,,BDT,FALSE,,FALSE,FALSE,TRUE
2335,3,6,20260828,2026-08-28 04:17:30,800.00,,,BDT,FALSE,,FALSE,FALSE,TRUE
2336,4,6,20260828,2026-08-28 04:17:30,800.00,,,BDT,FALSE,,FALSE,FALSE,TRUE
2337,5,6,20260828,2026-08-28 04:17:30,849.00,900.00,5.67,BDT,FALSE,,TRUE,TRUE,TRUE
2338,6,6,20260828,2026-08-28 04:17:30,900.00,,,BDT,FALSE,,FALSE,FALSE,TRUE
2339,7,6,20260828,2026-08-28 04:17:30,975.00,,,BDT,FALSE,,FALSE,FALSE,TRUE
2340,8,6,20260828,2026-08-28 04:17:30,980.00,,,BDT,FALSE,,FALSE,FALSE,TRUE
2341,9,6,20260828,2026-08-28 04:17:30,1000.00,,,BDT,FALSE,,FALSE,FALSE,TRUE
2342,10,6,20260828,2026-08-28 04:17:30,1050.00,,,BDT,FALSE,,FALSE,FALSE,TRUE
2343,11,6,20260828,2026-08-28 04:17:30,850.00,1050.00,19.05,BDT,FALSE,,TRUE,TRUE,TRUE
2344,12,6,20260828,2026-08-28 04:17:30,1050.00,,,BDT,FALSE,,FALSE,FALSE,TRUE
2345,13,6,20260828,2026-08-28 04:17:30,1100.00,,,BDT,FALSE,,FALSE,FALSE,TRUE
2346,14,6,20260828,2026-08-28 04:17:30,1100.00,,,BDT,FALSE,,FALSE,FALSE,TRUE
2347,15,6,20260828,2026-08-28 04:17:30,1100.00,,,BDT,FALSE,,FALSE,FALSE,TRUE
2348,16,6,20260828,2026-08-28 04:17:30,1190.00,,,BDT,FALSE,,FALSE,FALSE,TRUE
2349,17,6,20260828,2026-08-28 04:17:30,1200.00,,,BDT,FALSE,,FALSE,FALSE,TRUE
2350,226,6,20260828,2026-08-28 04:17:40,31000.00,34500.00,10.14,BDT,FALSE,,TRUE,TRUE,TRUE
2351,227,6,20260828,2026-08-28 04:17:40,27500.00,33900.00,18.88,BDT,FALSE,,TRUE,TRUE,TRUE
2352,228,6,20260828,2026-08-28 04:17:40,45000.00,,,BDT,FALSE,,FALSE,FALSE,TRUE
2353,229,6,20260828,2026-08-28 04:17:40,44990.00,47500.00,5.28,BDT,FALSE,,TRUE,TRUE,TRUE
2354,230,6,20260828,2026-08-28 04:17:40,59500.00,62500.00,4.80,BDT,FALSE,,TRUE,TRUE,TRUE
2355,231,6,20260828,2026-08-28 04:17:40,63000.00,,,BDT,FALSE,,FALSE,FALSE,TRUE
2356,232,6,20260828,2026-08-28 04:17:40,61000.00,63500.00,3.94,BDT,FALSE,,TRUE,TRUE,TRUE
2357,233,6,20260828,2026-08-28 04:17:40,63500.00,,,BDT,FALSE,,FALSE,FALSE,TRUE
2358,234,6,20260828,2026-08-28 04:17:40,64000.00,,,BDT,FALSE,,FALSE,FALSE,TRUE
2359,235,6,20260828,2026-08-28 04:17:40,64000.00,,,BDT,FALSE,,FALSE,FALSE,TRUE
2360,236,6,20260828,2026-08-28 04:17:40,68000.00,,,BDT,FALSE,,FALSE,FALSE,TRUE
2361,237,6,20260828,2026-08-28 04:17:40,70000.00,,,BDT,FALSE,,FALSE,FALSE,TRUE
2362,238,6,20260828,2026-08-28 04:17:40,70500.00,,,BDT,FALSE,,FALSE,FALSE,TRUE
2363,239,6,20260828,2026-08-28 04:17:40,72500.00,,,BDT,FALSE,,FALSE,FALSE,TRUE
2364,240,6,20260828,2026-08-28 04:17:40,73500.00,,,BDT,FALSE,,FALSE,FALSE,TRUE
2365,241,6,20260828,2026-08-28 04:17:40,73500.00,,,BDT,FALSE,,FALSE,FALSE,TRUE
2366,242,6,20260828,2026-08-28 04:17:40,73500.00,,,BDT,FALSE,,FALSE,FALSE,TRUE
2367,243,6,20260828,2026-08-28 04:17:40,74500.00,,,BDT,FALSE,,FALSE,FALSE,TRUE
2368,244,6,20260828,2026-08-28 04:17:40,74500.00,,,BDT,FALSE,,FALSE,FALSE,TRUE
2369,870,6,20260828,2026-08-28 04:17:52,4700.00,,,BDT,FALSE,,FALSE,FALSE,TRUE
2370,871,6,20260828,2026-08-28 04:17:52,4300.00,5200.00,17.31,BDT,FALSE,,TRUE,TRUE,TRUE
2371,872,6,20260828,2026-08-28 04:17:52,4999.00,5900.00,15.27,BDT,FALSE,,TRUE,TRUE,TRUE
2372,873,6,20260828,2026-08-28 04:17:52,5200.00,6100.00,14.75,BDT,FALSE,,TRUE,TRUE,TRUE
2373,874,6,20260828,2026-08-28 04:17:52,6400.00,6700.00,4.48,BDT,FALSE,,TRUE,TRUE,TRUE
2374,875,6,20260828,2026-08-28 04:17:52,8199.00,9200.00,10.88,BDT,FALSE,,TRUE,TRUE,TRUE
2375,876,6,20260828,2026-08-28 04:17:52,9000.00,9700.00,7.22,BDT,FALSE,,TRUE,TRUE,TRUE
2376,877,6,20260828,2026-08-28 04:17:52,8999.00,9750.00,7.70,BDT,FALSE,,TRUE,TRUE,TRUE
2377,878,6,20260828,2026-08-28 04:17:52,9500.00,9900.00,4.04,BDT,FALSE,,TRUE,TRUE,TRUE
2378,879,6,20260828,2026-08-28 04:17:52,9300.00,9999.00,6.99,BDT,FALSE,,TRUE,TRUE,TRUE
2379,880,6,20260828,2026-08-28 04:17:52,10200.00,,,BDT,FALSE,,FALSE,FALSE,TRUE
2380,881,6,20260828,2026-08-28 04:17:52,8850.00,10200.00,13.24,BDT,FALSE,,TRUE,TRUE,TRUE
2381,882,6,20260828,2026-08-28 04:17:52,8250.00,10200.00,19.12,BDT,FALSE,,TRUE,TRUE,TRUE
2382,883,6,20260828,2026-08-28 04:17:52,8500.00,10200.00,16.67,BDT,FALSE,,TRUE,TRUE,TRUE
2383,884,6,20260828,2026-08-28 04:17:52,9499.00,10250.00,7.33,BDT,FALSE,,TRUE,TRUE,TRUE
2384,885,6,20260828,2026-08-28 04:17:52,9900.00,10300.00,3.88,BDT,FALSE,,TRUE,TRUE,TRUE
2385,886,6,20260828,2026-08-28 04:17:52,9600.00,10500.00,8.57,BDT,FALSE,,TRUE,TRUE,TRUE
2386,887,6,20260828,2026-08-28 04:17:52,9150.00,10500.00,12.86,BDT,FALSE,,TRUE,TRUE,TRUE
2387,888,6,20260828,2026-08-28 04:17:52,9500.00,10600.00,10.38,BDT,FALSE,,TRUE,TRUE,TRUE
2388,889,6,20260828,2026-08-28 04:17:52,10900.00,,,BDT,FALSE,,FALSE,FALSE,TRUE
2389,890,6,20260828,2026-08-28 04:18:04,449.00,480.00,6.46,BDT,FALSE,,TRUE,TRUE,TRUE
2390,891,6,20260828,2026-08-28 04:18:04,419.00,490.00,14.49,BDT,FALSE,,TRUE,TRUE,TRUE
2391,892,6,20260828,2026-08-28 04:18:04,500.00,,,BDT,FALSE,,FALSE,FALSE,TRUE
2392,893,6,20260828,2026-08-28 04:18:04,479.00,530.00,9.62,BDT,FALSE,,TRUE,TRUE,TRUE
2393,894,6,20260828,2026-08-28 04:18:04,550.00,,,BDT,FALSE,,FALSE,FALSE,TRUE
2394,895,6,20260828,2026-08-28 04:18:04,550.00,,,BDT,FALSE,,FALSE,FALSE,TRUE
2395,896,6,20260828,2026-08-28 04:18:04,600.00,,,BDT,FALSE,,FALSE,FALSE,TRUE
2396,897,6,20260828,2026-08-28 04:18:04,399.00,600.00,33.50,BDT,FALSE,,TRUE,TRUE,TRUE
2397,898,6,20260828,2026-08-28 04:18:04,660.00,,,BDT,FALSE,,FALSE,FALSE,TRUE
2398,899,6,20260828,2026-08-28 04:18:04,670.00,,,BDT,FALSE,,FALSE,FALSE,TRUE
2399,900,6,20260828,2026-08-28 04:18:04,700.00,,,BDT,FALSE,,FALSE,FALSE,TRUE
2400,901,6,20260828,2026-08-28 04:18:04,700.00,,,BDT,FALSE,,FALSE,FALSE,TRUE
2401,902,6,20260828,2026-08-28 04:18:04,750.00,,,BDT,FALSE,,FALSE,FALSE,TRUE
2402,903,6,20260828,2026-08-28 04:18:04,699.00,750.00,6.80,BDT,FALSE,,TRUE,TRUE,TRUE
2403,904,6,20260828,2026-08-28 04:18:04,750.00,,,BDT,FALSE,,FALSE,FALSE,TRUE
2404,905,6,20260828,2026-08-28 04:18:04,680.00,800.00,15.00,BDT,FALSE,,TRUE,TRUE,TRUE
2405,906,6,20260828,2026-08-28 04:18:04,849.00,,,BDT,FALSE,,FALSE,FALSE,TRUE
2406,907,6,20260828,2026-08-28 04:18:04,850.00,,,BDT,FALSE,,FALSE,FALSE,TRUE
2407,908,6,20260828,2026-08-28 04:18:16,1400.00,1499.00,6.60,BDT,FALSE,,TRUE,TRUE,TRUE
2408,909,6,20260828,2026-08-28 04:18:16,1430.00,1550.00,7.74,BDT,FALSE,,TRUE,TRUE,TRUE
2409,910,6,20260828,2026-08-28 04:18:16,1499.00,1599.00,6.25,BDT,FALSE,,TRUE,TRUE,TRUE
2410,911,6,20260828,2026-08-28 04:18:16,1550.00,1699.00,8.77,BDT,FALSE,,TRUE,TRUE,TRUE
2411,912,6,20260828,2026-08-28 04:18:16,1650.00,1799.00,8.28,BDT,FALSE,,TRUE,TRUE,TRUE
2412,913,6,20260828,2026-08-28 04:18:16,1790.00,1950.00,8.21,BDT,FALSE,,TRUE,TRUE,TRUE
2413,914,6,20260828,2026-08-28 04:18:16,1850.00,1999.00,7.45,BDT,FALSE,,TRUE,TRUE,TRUE
2414,915,6,20260828,2026-08-28 04:18:16,1850.00,1999.00,7.45,BDT,FALSE,,TRUE,TRUE,TRUE
2415,916,6,20260828,2026-08-28 04:18:16,1900.00,2050.00,7.32,BDT,FALSE,,TRUE,TRUE,TRUE
2416,917,6,20260828,2026-08-28 04:18:16,2050.00,2099.00,2.33,BDT,FALSE,,TRUE,TRUE,TRUE
2417,918,6,20260828,2026-08-28 04:18:16,1990.00,2099.00,5.19,BDT,FALSE,,TRUE,TRUE,TRUE
2418,919,6,20260828,2026-08-28 04:18:16,2090.00,2199.00,4.96,BDT,FALSE,,TRUE,TRUE,TRUE
2419,920,6,20260828,2026-08-28 04:18:16,2140.00,2290.00,6.55,BDT,FALSE,,TRUE,TRUE,TRUE
2420,921,6,20260828,2026-08-28 04:18:16,2099.00,2299.00,8.70,BDT,FALSE,,TRUE,TRUE,TRUE
2421,922,6,20260828,2026-08-28 04:18:16,2100.00,2299.00,8.66,BDT,FALSE,,TRUE,TRUE,TRUE
2422,923,6,20260828,2026-08-28 04:18:16,2150.00,2350.00,8.51,BDT,FALSE,,TRUE,TRUE,TRUE
2423,924,6,20260828,2026-08-28 04:18:16,2350.00,2499.00,5.96,BDT,FALSE,,TRUE,TRUE,TRUE
2424,925,6,20260828,2026-08-28 04:18:16,2350.00,2550.00,7.84,BDT,FALSE,,TRUE,TRUE,TRUE
2425,926,6,20260828,2026-08-28 04:18:16,2350.00,2550.00,7.84,BDT,FALSE,,TRUE,TRUE,TRUE
2426,927,6,20260828,2026-08-28 04:18:16,2350.00,2550.00,7.84,BDT,FALSE,,TRUE,TRUE,TRUE
2427,428,1,20260828,2026-08-28 04:18:27,149.00,425.00,64.94,BDT,FALSE,,TRUE,TRUE,FALSE
2428,928,1,20260828,2026-08-28 04:18:27,450.00,480.00,6.25,BDT,FALSE,,TRUE,TRUE,FALSE
2429,929,1,20260828,2026-08-28 04:18:27,252.00,450.00,44.00,BDT,FALSE,,TRUE,TRUE,FALSE
2430,930,1,20260828,2026-08-28 04:18:27,328.00,600.00,45.33,BDT,FALSE,,TRUE,TRUE,FALSE
2431,931,1,20260828,2026-08-28 04:18:27,128.00,150.00,14.67,BDT,FALSE,,TRUE,TRUE,FALSE
2432,428,1,20260828,2026-08-28 04:18:27,149.00,425.00,64.94,BDT,FALSE,,TRUE,TRUE,TRUE
2433,928,1,20260828,2026-08-28 04:18:27,450.00,480.00,6.25,BDT,FALSE,,TRUE,TRUE,TRUE
2434,929,1,20260828,2026-08-28 04:18:27,252.00,450.00,44.00,BDT,FALSE,,TRUE,TRUE,TRUE
2435,930,1,20260828,2026-08-28 04:18:27,328.00,600.00,45.33,BDT,FALSE,,TRUE,TRUE,TRUE
2436,931,1,20260828,2026-08-28 04:18:27,128.00,150.00,14.67,BDT,FALSE,,TRUE,TRUE,TRUE
2437,432,1,20260828,2026-08-28 04:18:27,539.00,1200.00,55.08,BDT,FALSE,,TRUE,TRUE,TRUE
2438,433,1,20260828,2026-08-28 04:18:27,133.00,425.00,68.71,BDT,FALSE,,TRUE,TRUE,TRUE
2439,434,1,20260828,2026-08-28 04:18:27,238.00,240.00,0.83,BDT,FALSE,,TRUE,TRUE,TRUE
2440,435,1,20260828,2026-08-28 04:18:27,258.00,400.00,35.50,BDT,FALSE,,TRUE,TRUE,TRUE
2441,436,1,20260828,2026-08-28 04:18:27,187.00,200.00,6.50,BDT,FALSE,,TRUE,TRUE,TRUE
2442,437,1,20260828,2026-08-28 04:18:27,629.00,1300.00,51.62,BDT,FALSE,,TRUE,TRUE,TRUE
2443,438,1,20260828,2026-08-28 04:18:27,415.00,425.00,2.35,BDT,FALSE,,TRUE,TRUE,TRUE
2444,439,1,20260828,2026-08-28 04:18:27,182.00,230.00,20.87,BDT,FALSE,,TRUE,TRUE,TRUE
2445,440,1,20260828,2026-08-28 04:18:27,149.00,425.00,64.94,BDT,FALSE,,TRUE,TRUE,TRUE
2446,441,1,20260828,2026-08-28 04:18:27,149.00,425.00,64.94,BDT,FALSE,,TRUE,TRUE,TRUE
2447,442,1,20260828,2026-08-28 04:18:27,140.00,180.00,22.22,BDT,FALSE,,TRUE,TRUE,TRUE
2448,443,1,20260828,2026-08-28 04:18:27,150.00,300.00,50.00,BDT,FALSE,,TRUE,TRUE,TRUE
2449,444,1,20260828,2026-08-28 04:18:27,719.00,800.00,10.12,BDT,FALSE,,TRUE,TRUE,TRUE
2450,445,1,20260828,2026-08-28 04:18:27,7199.00,13990.00,48.54,BDT,FALSE,,TRUE,TRUE,TRUE
2451,446,1,20260828,2026-08-28 04:18:27,580.00,650.00,10.77,BDT,FALSE,,TRUE,TRUE,TRUE
2452,447,1,20260828,2026-08-28 04:18:27,110.00,275.00,60.00,BDT,FALSE,,TRUE,TRUE,TRUE
2453,448,1,20260828,2026-08-28 04:18:27,180.00,250.00,28.00,BDT,FALSE,,TRUE,TRUE,TRUE
2454,449,1,20260828,2026-08-28 04:18:27,150.00,300.00,50.00,BDT,FALSE,,TRUE,TRUE,TRUE
2455,450,1,20260828,2026-08-28 04:18:27,320.00,380.00,15.79,BDT,FALSE,,TRUE,TRUE,TRUE
2456,451,1,20260828,2026-08-28 04:18:27,68.00,170.00,60.00,BDT,FALSE,,TRUE,TRUE,TRUE
2457,452,1,20260828,2026-08-28 04:18:27,665.00,680.00,2.21,BDT,FALSE,,TRUE,TRUE,TRUE
2458,453,1,20260828,2026-08-28 04:18:27,294.00,350.00,16.00,BDT,FALSE,,TRUE,TRUE,TRUE
2459,454,1,20260828,2026-08-28 04:18:27,144.00,180.00,20.00,BDT,FALSE,,TRUE,TRUE,TRUE
2460,932,1,20260828,2026-08-28 04:18:27,109.00,160.00,31.88,BDT,FALSE,,TRUE,TRUE,TRUE
2461,455,1,20260828,2026-08-28 04:18:27,116.00,150.00,22.67,BDT,FALSE,,TRUE,TRUE,TRUE
2462,457,1,20260828,2026-08-28 04:18:27,150.00,300.00,50.00,BDT,FALSE,,TRUE,TRUE,TRUE
2463,458,1,20260828,2026-08-28 04:18:27,198.00,215.00,7.91,BDT,FALSE,,TRUE,TRUE,TRUE
2464,459,1,20260828,2026-08-28 04:18:27,159.00,195.00,18.46,BDT,FALSE,,TRUE,TRUE,TRUE
2465,460,1,20260828,2026-08-28 04:18:27,122.00,155.00,21.29,BDT,FALSE,,TRUE,TRUE,TRUE
2466,461,1,20260828,2026-08-28 04:18:27,109.00,110.00,0.91,BDT,FALSE,,TRUE,TRUE,TRUE
2467,462,1,20260828,2026-08-28 04:18:27,537.00,1200.00,55.25,BDT,FALSE,,TRUE,TRUE,TRUE
2468,463,1,20260828,2026-08-28 04:18:27,370.00,390.00,5.13,BDT,FALSE,,TRUE,TRUE,TRUE
2469,464,1,20260828,2026-08-28 04:18:27,64.00,160.00,60.00,BDT,FALSE,,TRUE,TRUE,TRUE
2470,465,1,20260828,2026-08-28 04:18:27,144.00,360.00,60.00,BDT,FALSE,,TRUE,TRUE,TRUE
2471,466,1,20260828,2026-08-28 04:18:27,880.00,950.00,7.37,BDT,FALSE,,TRUE,TRUE,TRUE
2472,467,1,20260828,2026-08-28 04:18:27,356.00,485.00,26.60,BDT,FALSE,,TRUE,TRUE,TRUE
2473,468,1,20260828,2026-08-28 04:18:27,820.00,1200.00,31.67,BDT,FALSE,,TRUE,TRUE,TRUE
2474,469,1,20260828,2026-08-28 04:18:27,148.00,370.00,60.00,BDT,FALSE,,TRUE,TRUE,TRUE
2475,470,1,20260828,2026-08-28 04:18:27,260.00,280.00,7.14,BDT,FALSE,,TRUE,TRUE,TRUE
2476,471,1,20260828,2026-08-28 04:18:27,136.00,349.00,61.03,BDT,FALSE,,TRUE,TRUE,TRUE
2477,472,1,20260828,2026-08-28 04:18:27,349.00,1500.00,76.73,BDT,FALSE,,TRUE,TRUE,TRUE
2478,473,1,20260828,2026-08-28 04:18:27,609.00,890.00,31.57,BDT,FALSE,,TRUE,TRUE,TRUE
2479,474,1,20260828,2026-08-28 04:18:27,820.00,1200.00,31.67,BDT,FALSE,,TRUE,TRUE,TRUE
2480,475,1,20260828,2026-08-28 04:18:27,618.00,750.00,17.60,BDT,FALSE,,TRUE,TRUE,TRUE
2481,476,1,20260828,2026-08-28 04:18:27,1099.00,1495.00,26.49,BDT,FALSE,,TRUE,TRUE,TRUE
2482,477,1,20260828,2026-08-28 04:18:27,132.00,150.00,12.00,BDT,FALSE,,TRUE,TRUE,TRUE
2483,478,1,20260828,2026-08-28 04:18:27,130.00,260.00,50.00,BDT,FALSE,,TRUE,TRUE,TRUE
2484,479,1,20260828,2026-08-28 04:18:27,820.00,1200.00,31.67,BDT,FALSE,,TRUE,TRUE,TRUE
2485,480,1,20260828,2026-08-28 04:18:27,329.00,370.00,11.08,BDT,FALSE,,TRUE,TRUE,TRUE
2486,481,1,20260828,2026-08-28 04:18:27,1291.00,1400.00,7.79,BDT,FALSE,,TRUE,TRUE,TRUE
2487,293,4,20260828,2026-08-28 04:18:54,89999.00,,,BDT,FALSE,,FALSE,FALSE,TRUE
2488,294,4,20260828,2026-08-28 04:18:54,106999.00,,,BDT,FALSE,,FALSE,FALSE,TRUE
2489,295,4,20260828,2026-08-28 04:18:54,193000.00,196000.00,1.53,BDT,FALSE,,TRUE,TRUE,TRUE
2490,296,4,20260828,2026-08-28 04:18:54,184500.00,185000.00,0.27,BDT,FALSE,,TRUE,TRUE,TRUE
2491,297,4,20260828,2026-08-28 04:18:54,140000.00,142000.00,1.41,BDT,FALSE,,TRUE,TRUE,TRUE
2492,298,4,20260828,2026-08-28 04:18:54,133500.00,134000.00,0.37,BDT,FALSE,,TRUE,TRUE,TRUE
2493,299,4,20260828,2026-08-28 04:18:54,128500.00,129000.00,0.39,BDT,FALSE,,TRUE,TRUE,TRUE
2494,300,4,20260828,2026-08-28 04:18:54,168500.00,169000.00,0.30,BDT,FALSE,,TRUE,TRUE,TRUE
2495,301,4,20260828,2026-08-28 04:18:54,168500.00,169000.00,0.30,BDT,FALSE,,TRUE,TRUE,TRUE
2496,302,4,20260828,2026-08-28 04:18:54,92700.00,93000.00,0.32,BDT,FALSE,,TRUE,TRUE,TRUE
2497,303,4,20260828,2026-08-28 04:18:54,92700.00,93000.00,0.32,BDT,FALSE,,TRUE,TRUE,TRUE
2498,304,4,20260828,2026-08-28 04:18:54,92700.00,93000.00,0.32,BDT,FALSE,,TRUE,TRUE,TRUE
2499,305,4,20260828,2026-08-28 04:18:54,194500.00,195000.00,0.26,BDT,FALSE,,TRUE,TRUE,TRUE
2500,306,4,20260828,2026-08-28 04:18:54,161500.00,162000.00,0.31,BDT,FALSE,,TRUE,TRUE,TRUE
2501,307,4,20260828,2026-08-28 04:18:54,161500.00,162000.00,0.31,BDT,FALSE,,TRUE,TRUE,TRUE
2502,308,4,20260828,2026-08-28 04:18:54,114000.00,116000.00,1.72,BDT,FALSE,,TRUE,TRUE,TRUE
2503,309,4,20260828,2026-08-28 04:18:54,117000.00,119000.00,1.68,BDT,FALSE,,TRUE,TRUE,TRUE
2504,310,4,20260828,2026-08-28 04:18:54,121500.00,122000.00,0.41,BDT,FALSE,,TRUE,TRUE,TRUE
2505,311,4,20260828,2026-08-28 04:18:54,121500.00,122000.00,0.41,BDT,FALSE,,TRUE,TRUE,TRUE
2506,933,4,20260828,2026-08-28 04:19:10,24999.00,,,BDT,FALSE,,FALSE,FALSE,TRUE
2507,934,4,20260828,2026-08-28 04:19:10,22999.00,,,BDT,FALSE,,FALSE,FALSE,TRUE
2508,935,4,20260828,2026-08-28 04:19:10,21999.00,,,BDT,FALSE,,FALSE,FALSE,TRUE
2509,936,4,20260828,2026-08-28 04:19:10,2099.00,,,BDT,FALSE,,FALSE,FALSE,TRUE
2510,937,4,20260828,2026-08-28 04:19:10,2350.00,,,BDT,FALSE,,FALSE,FALSE,TRUE
2511,938,4,20260828,2026-08-28 04:19:10,1650.00,,,BDT,FALSE,,FALSE,FALSE,TRUE
2512,939,4,20260828,2026-08-28 04:19:10,21999.00,,,BDT,FALSE,,FALSE,FALSE,TRUE
2513,940,4,20260828,2026-08-28 04:19:10,79999.00,,,BDT,FALSE,,FALSE,FALSE,TRUE
2514,941,4,20260828,2026-08-28 04:19:10,17999.00,,,BDT,FALSE,,FALSE,FALSE,TRUE
2515,942,4,20260828,2026-08-28 04:19:10,16999.00,,,BDT,FALSE,,FALSE,FALSE,TRUE
2516,943,4,20260828,2026-08-28 04:19:10,25999.00,,,BDT,FALSE,,FALSE,FALSE,TRUE
2517,944,4,20260828,2026-08-28 04:19:10,14999.00,,,BDT,FALSE,,FALSE,FALSE,TRUE
2518,945,4,20260828,2026-08-28 04:19:10,20999.00,,,BDT,FALSE,,FALSE,FALSE,TRUE
2519,946,4,20260828,2026-08-28 04:19:10,24999.00,,,BDT,FALSE,,FALSE,FALSE,TRUE
2520,947,4,20260828,2026-08-28 04:19:10,20999.00,,,BDT,FALSE,,FALSE,FALSE,TRUE
2521,948,4,20260828,2026-08-28 04:19:10,1699.00,,,BDT,FALSE,,FALSE,FALSE,TRUE
2522,949,4,20260828,2026-08-28 04:19:10,36999.00,,,BDT,FALSE,,FALSE,FALSE,TRUE
2523,950,4,20260828,2026-08-28 04:19:10,19999.00,,,BDT,FALSE,,FALSE,FALSE,TRUE
2524,951,4,20260828,2026-08-28 04:19:10,16999.00,,,BDT,FALSE,,FALSE,FALSE,TRUE
2525,952,4,20260828,2026-08-28 04:19:24,70990.00,87900.00,19.24,BDT,FALSE,,TRUE,TRUE,TRUE
2526,953,4,20260828,2026-08-28 04:19:24,47990.00,57900.00,17.12,BDT,FALSE,,TRUE,TRUE,TRUE
2527,954,4,20260828,2026-08-28 04:19:24,67190.00,87900.00,23.56,BDT,FALSE,,TRUE,TRUE,TRUE
2528,955,4,20260828,2026-08-28 04:19:24,90690.00,117900.00,23.08,BDT,FALSE,,TRUE,TRUE,TRUE
2529,956,4,20260828,2026-08-28 04:19:24,53990.00,69900.00,22.76,BDT,FALSE,,TRUE,TRUE,TRUE
2530,957,4,20260828,2026-08-28 04:19:24,73290.00,95900.00,23.58,BDT,FALSE,,TRUE,TRUE,TRUE
2531,958,4,20260828,2026-08-28 04:19:24,39990.00,52900.00,24.40,BDT,FALSE,,TRUE,TRUE,TRUE
2532,959,4,20260828,2026-08-28 04:19:24,95999.00,103999.00,7.69,BDT,FALSE,,TRUE,TRUE,TRUE
2533,960,4,20260828,2026-08-28 04:19:24,124990.00,169900.00,26.43,BDT,FALSE,,TRUE,TRUE,TRUE
2534,961,4,20260828,2026-08-28 04:19:24,86990.00,109900.00,20.85,BDT,FALSE,,TRUE,TRUE,TRUE
2535,962,4,20260828,2026-08-28 04:19:24,76990.00,84999.00,9.42,BDT,FALSE,,TRUE,TRUE,TRUE
2536,963,4,20260828,2026-08-28 04:19:24,62690.00,76900.00,18.48,BDT,FALSE,,TRUE,TRUE,TRUE
2537,964,4,20260828,2026-08-28 04:19:24,37490.00,48900.00,23.33,BDT,FALSE,,TRUE,TRUE,TRUE
2538,965,4,20260828,2026-08-28 04:19:24,68264.00,77900.00,12.37,BDT,FALSE,,TRUE,TRUE,TRUE
2539,966,4,20260828,2026-08-28 04:19:24,45900.00,,,BDT,FALSE,,FALSE,FALSE,TRUE
2540,967,4,20260828,2026-08-28 04:19:24,31400.00,,,BDT,FALSE,,FALSE,FALSE,TRUE
2541,968,4,20260828,2026-08-28 04:19:24,136990.00,164900.00,16.93,BDT,FALSE,,TRUE,TRUE,TRUE
2542,969,4,20260828,2026-08-28 04:19:24,24500.00,26900.00,8.92,BDT,FALSE,,TRUE,TRUE,TRUE
2543,970,4,20260828,2026-08-28 04:19:24,92990.00,117900.00,21.13,BDT,FALSE,,TRUE,TRUE,TRUE
2544,971,4,20260828,2026-08-28 04:19:24,127990.00,164900.00,22.38,BDT,FALSE,,TRUE,TRUE,TRUE
2545,972,4,20260828,2026-08-28 04:19:39,30390.00,42900.00,29.16,BDT,FALSE,,TRUE,TRUE,TRUE
2546,973,4,20260828,2026-08-28 04:19:39,35990.00,46900.00,23.26,BDT,FALSE,,TRUE,TRUE,TRUE
2547,974,4,20260828,2026-08-28 04:19:39,42390.00,51400.00,17.53,BDT,FALSE,,TRUE,TRUE,TRUE
2548,975,4,20260828,2026-08-28 04:19:39,70990.00,83990.00,15.48,BDT,FALSE,,TRUE,TRUE,TRUE
2549,976,4,20260828,2026-08-28 04:19:39,51990.00,62500.00,16.82,BDT,FALSE,,TRUE,TRUE,TRUE
2550,977,4,20260828,2026-08-28 04:19:39,63990.00,74900.00,14.57,BDT,FALSE,,TRUE,TRUE,TRUE
2551,978,4,20260828,2026-08-28 04:19:39,84590.00,99990.00,15.40,BDT,FALSE,,TRUE,TRUE,TRUE
2552,979,4,20260828,2026-08-28 04:19:39,27690.00,39990.00,30.76,BDT,FALSE,,TRUE,TRUE,TRUE
2553,980,4,20260828,2026-08-28 04:19:39,41490.00,45490.00,8.79,BDT,FALSE,,TRUE,TRUE,TRUE
2554,981,4,20260828,2026-08-28 04:19:39,33890.00,39990.00,15.25,BDT,FALSE,,TRUE,TRUE,TRUE
2555,982,4,20260828,2026-08-28 04:19:39,30990.00,36590.00,15.30,BDT,FALSE,,TRUE,TRUE,TRUE
2556,983,4,20260828,2026-08-28 04:19:39,27690.00,39990.00,30.76,BDT,FALSE,,TRUE,TRUE,TRUE
2557,984,4,20260828,2026-08-28 04:19:39,43190.00,51000.00,15.31,BDT,FALSE,,TRUE,TRUE,TRUE
2558,985,4,20260828,2026-08-28 04:19:39,166502.00,204900.00,18.74,BDT,FALSE,,TRUE,TRUE,TRUE
2559,986,4,20260828,2026-08-28 04:19:39,49990.00,,,BDT,FALSE,,FALSE,FALSE,TRUE
2560,987,4,20260828,2026-08-28 04:19:39,269990.00,,,BDT,FALSE,,FALSE,FALSE,TRUE
2561,988,4,20260828,2026-08-28 04:19:39,46490.00,54990.00,15.46,BDT,FALSE,,TRUE,TRUE,TRUE
2562,989,4,20260828,2026-08-28 04:19:39,93490.00,108900.00,14.15,BDT,FALSE,,TRUE,TRUE,TRUE
2563,990,4,20260828,2026-08-28 04:19:39,88190.00,102900.00,14.30,BDT,FALSE,,TRUE,TRUE,TRUE
2564,991,4,20260828,2026-08-28 04:19:39,91990.00,155914.00,41.00,BDT,FALSE,,TRUE,TRUE,TRUE
